Fecha;FK_TipoDato;Anyo;Valor;Secreto;REF_ID_RELACIONAL;Trimestre;Variacion_Porcentual_Trimestre
2006-12-31 23:00:00;1;2007;124,877;False;IPV712;1;0,0
2007-03-31 22:00:00;1;2007;128,738;False;IPV712;2;3,1
2007-06-30 22:00:00;1;2007;132,239;False;IPV712;3;2,7
2007-09-30 22:00:00;1;2007;134,502;False;IPV712;4;1,7
2007-12-31 23:00:00;1;2008;135,752;False;IPV712;1;0,9
2008-03-31 22:00:00;1;2008;133,204;False;IPV712;2;-1,9
2008-06-30 22:00:00;1;2008;133,498;False;IPV712;3;0,2
2008-09-30 22:00:00;1;2008;134,206;False;IPV712;4;0,5
2008-12-31 23:00:00;1;2009;135,458;False;IPV712;1;0,9
2009-03-31 22:00:00;1;2009;135,798;False;IPV712;2;0,3
2009-06-30 22:00:00;1;2009;138,571;False;IPV712;3;2,0
2009-09-30 22:00:00;1;2009;138,213;False;IPV712;4;-0,3
2009-12-31 23:00:00;1;2010;136,709;False;IPV712;1;-1,1
2010-03-31 22:00:00;1;2010;139,503;False;IPV712;2;2,0
2010-06-30 22:00:00;1;2010;137,833;False;IPV712;3;-1,2
2010-09-30 22:00:00;1;2010;136,67;False;IPV712;4;-0,8
2010-12-31 23:00:00;1;2011;129,296;False;IPV712;1;-5,4
2011-03-31 22:00:00;1;2011;128,49;False;IPV712;2;-0,6
2011-06-30 22:00:00;1;2011;124,349;False;IPV712;3;-3,2
2011-09-30 22:00:00;1;2011;117,212;False;IPV712;4;-5,7
2011-12-31 23:00:00;1;2012;113,399;False;IPV712;1;-3,3
2012-03-31 22:00:00;1;2012;111,003;False;IPV712;2;-2,1
2012-06-30 22:00:00;1;2012;109,499;False;IPV712;3;-1,4
2012-09-30 22:00:00;1;2012;106,3;False;IPV712;4;-2,9
2012-12-31 23:00:00;1;2013;96,948;False;IPV712;1;-8,8
2013-03-31 22:00:00;1;2013;96,248;False;IPV712;2;-0,7
2013-06-30 22:00:00;1;2013;96,051;False;IPV712;3;-0,2
2013-09-30 22:00:00;1;2013;95,428;False;IPV712;4;-0,6
2013-12-31 23:00:00;1;2014;95,304;False;IPV712;1;-0,1
2014-03-31 22:00:00;1;2014;97,005;False;IPV712;2;1,8
2014-06-30 22:00:00;1;2014;97,439;False;IPV712;3;0,4
2014-09-30 22:00:00;1;2014;96,653;False;IPV712;4;-0,8
2014-12-31 23:00:00;1;2015;95,551;False;IPV712;1;-1,1
2015-03-31 22:00:00;1;2015;100,468;False;IPV712;2;5,1
2015-06-30 22:00:00;1;2015;101,778;False;IPV712;3;1,3
2015-09-30 22:00:00;1;2015;102,202;False;IPV712;4;0,4
2015-12-31 23:00:00;1;2016;103,741;False;IPV712;1;1,5
2016-03-31 22:00:00;1;2016;106,378;False;IPV712;2;2,5
2016-06-30 22:00:00;1;2016;105,729;False;IPV712;3;-0,6
2016-09-30 22:00:00;1;2016;105,514;False;IPV712;4;-0,2
2016-12-31 23:00:00;1;2017;108,707;False;IPV712;1;3,0
2017-03-31 22:00:00;1;2017;110,49;False;IPV712;2;1,6
2017-06-30 22:00:00;1;2017;110,681;False;IPV712;3;0,2
2017-09-30 22:00:00;1;2017;113,62;False;IPV712;4;2,7
2017-12-31 23:00:00;1;2018;115,546;False;IPV712;1;1,7
2018-03-31 22:00:00;1;2018;119,341;False;IPV712;2;3,3
2018-06-30 22:00:00;1;2018;120,965;False;IPV712;3;1,4
2018-09-30 22:00:00;1;2018;122,196;False;IPV712;4;1,0
2018-12-31 23:00:00;1;2019;125,31;False;IPV712;1;2,5
2019-03-31 22:00:00;1;2019;124,154;False;IPV712;2;-0,9
2019-06-30 22:00:00;1;2019;127,46;False;IPV712;3;2,7
2019-09-30 22:00:00;1;2019;126,218;False;IPV712;4;-1,0
2019-12-31 23:00:00;1;2020;128,76;False;IPV712;1;2,0
2020-03-31 22:00:00;1;2020;130,29;False;IPV712;2;1,2
2020-06-30 22:00:00;1;2020;133,661;False;IPV712;3;2,6
2020-09-30 22:00:00;1;2020;133,064;False;IPV712;4;-0,4
2020-12-31 23:00:00;1;2021;134,954;False;IPV712;1;1,4
2021-03-31 22:00:00;1;2021;139,007;False;IPV712;2;3,0
2021-06-30 22:00:00;1;2021;142,563;False;IPV712;3;2,6
2021-09-30 22:00:00;1;2021;142,577;False;IPV712;4;0,0
2021-12-31 23:00:00;1;2022;147,76;False;IPV712;1;3,6
2022-03-31 22:00:00;1;2022;151,15;False;IPV712;2;2,3
2022-06-30 22:00:00;1;2022;152,976;False;IPV712;3;1,2
2022-09-30 22:00:00;1;2022;154,019;False;IPV712;4;0,7
2022-12-31 23:00:00;1;2023;156,969;False;IPV712;1;1,9
2023-03-31 22:00:00;1;2023;160,434;False;IPV712;2;2,2
2023-06-30 22:00:00;1;2023;161,958;False;IPV712;3;0,9
2023-09-30 22:00:00;1;2023;158,926;False;IPV712;4;-1,9
2023-12-31 23:00:00;1;2024;164,358;False;IPV712;1;3,4
2024-03-31 22:00:00;1;2024;171,953;False;IPV712;2;4,6
2024-06-30 22:00:00;1;2024;174,797;False;IPV712;3;1,7
2024-09-30 22:00:00;1;2024;178,326;False;IPV712;4;2,0
2024-12-31 23:00:00;1;2025;187,389;False;IPV712;1;5,1
2025-03-31 22:00:00;1;2025;194,975;False;IPV712;2;4,0
2025-06-30 22:00:00;1;2025;200,061;False;IPV712;3;2,6
2025-09-30 22:00:00;1;2025;201,063;False;IPV712;4;0,5
2006-12-31 23:00:00;1;2007;132,362;False;IPV715;1;0,0
2007-03-31 22:00:00;1;2007;134,757;False;IPV715;2;1,8
2007-06-30 22:00:00;1;2007;136,696;False;IPV715;3;1,4
2007-09-30 22:00:00;1;2007;140,135;False;IPV715;4;2,5
2007-12-31 23:00:00;1;2008;142,038;False;IPV715;1;1,4
2008-03-31 22:00:00;1;2008;139,932;False;IPV715;2;-1,5
2008-06-30 22:00:00;1;2008;135,607;False;IPV715;3;-3,1
2008-09-30 22:00:00;1;2008;132,167;False;IPV715;4;-2,5
2008-12-31 23:00:00;1;2009;133,875;False;IPV715;1;1,3
2009-03-31 22:00:00;1;2009;133,36;False;IPV715;2;-0,4
2009-06-30 22:00:00;1;2009;128,981;False;IPV715;3;-3,3
2009-09-30 22:00:00;1;2009;129,859;False;IPV715;4;0,7
2009-12-31 23:00:00;1;2010;128,259;False;IPV715;1;-1,2
2010-03-31 22:00:00;1;2010;127,833;False;IPV715;2;-0,3
2010-06-30 22:00:00;1;2010;123,554;False;IPV715;3;-3,3
2010-09-30 22:00:00;1;2010;126,418;False;IPV715;4;2,3
2010-12-31 23:00:00;1;2011;119,777;False;IPV715;1;-5,3
2011-03-31 22:00:00;1;2011;118,168;False;IPV715;2;-1,3
2011-06-30 22:00:00;1;2011;114,146;False;IPV715;3;-3,4
2011-09-30 22:00:00;1;2011;110,13;False;IPV715;4;-3,5
2011-12-31 23:00:00;1;2012;102,994;False;IPV715;1;-6,5
2012-03-31 22:00:00;1;2012;103,63;False;IPV715;2;0,6
2012-06-30 22:00:00;1;2012;98,552;False;IPV715;3;-4,9
2012-09-30 22:00:00;1;2012;100,115;False;IPV715;4;1,6
2012-12-31 23:00:00;1;2013;94,555;False;IPV715;1;-5,6
2013-03-31 22:00:00;1;2013;95,791;False;IPV715;2;1,3
2013-06-30 22:00:00;1;2013;94,759;False;IPV715;3;-1,1
2013-09-30 22:00:00;1;2013;94,231;False;IPV715;4;-0,6
2013-12-31 23:00:00;1;2014;93,798;False;IPV715;1;-0,5
2014-03-31 22:00:00;1;2014;95,46;False;IPV715;2;1,8
2014-06-30 22:00:00;1;2014;96,096;False;IPV715;3;0,7
2014-09-30 22:00:00;1;2014;95,173;False;IPV715;4;-1,0
2014-12-31 23:00:00;1;2015;95,735;False;IPV715;1;0,6
2015-03-31 22:00:00;1;2015;101,252;False;IPV715;2;5,8
2015-06-30 22:00:00;1;2015;101,799;False;IPV715;3;0,5
2015-09-30 22:00:00;1;2015;101,215;False;IPV715;4;-0,6
2015-12-31 23:00:00;1;2016;102,958;False;IPV715;1;1,7
2016-03-31 22:00:00;1;2016;105,497;False;IPV715;2;2,5
2016-06-30 22:00:00;1;2016;105,811;False;IPV715;3;0,3
2016-09-30 22:00:00;1;2016;106,354;False;IPV715;4;0,5
2016-12-31 23:00:00;1;2017;109,787;False;IPV715;1;3,2
2017-03-31 22:00:00;1;2017;111,457;False;IPV715;2;1,5
2017-06-30 22:00:00;1;2017;112,918;False;IPV715;3;1,3
2017-09-30 22:00:00;1;2017;114,842;False;IPV715;4;1,7
2017-12-31 23:00:00;1;2018;117,811;False;IPV715;1;2,6
2018-03-31 22:00:00;1;2018;121,003;False;IPV715;2;2,7
2018-06-30 22:00:00;1;2018;122,94;False;IPV715;3;1,6
2018-09-30 22:00:00;1;2018;125,311;False;IPV715;4;1,9
2018-12-31 23:00:00;1;2019;128,575;False;IPV715;1;2,6
2019-03-31 22:00:00;1;2019;130,592;False;IPV715;2;1,6
2019-06-30 22:00:00;1;2019;133,637;False;IPV715;3;2,3
2019-09-30 22:00:00;1;2019;131,854;False;IPV715;4;-1,3
2019-12-31 23:00:00;1;2020;134,821;False;IPV715;1;2,3
2020-03-31 22:00:00;1;2020;135,216;False;IPV715;2;0,3
2020-06-30 22:00:00;1;2020;139,489;False;IPV715;3;3,2
2020-09-30 22:00:00;1;2020;138,288;False;IPV715;4;-0,9
2020-12-31 23:00:00;1;2021;138,25;False;IPV715;1;0,0
2021-03-31 22:00:00;1;2021;139,038;False;IPV715;2;0,6
2021-06-30 22:00:00;1;2021;144,209;False;IPV715;3;3,7
2021-09-30 22:00:00;1;2021;146,641;False;IPV715;4;1,7
2021-12-31 23:00:00;1;2022;150,704;False;IPV715;1;2,8
2022-03-31 22:00:00;1;2022;152,246;False;IPV715;2;1,0
2022-06-30 22:00:00;1;2022;155,619;False;IPV715;3;2,2
2022-09-30 22:00:00;1;2022;158,378;False;IPV715;4;1,8
2022-12-31 23:00:00;1;2023;159,058;False;IPV715;1;0,4
2023-03-31 22:00:00;1;2023;161,66;False;IPV715;2;1,6
2023-06-30 22:00:00;1;2023;164,611;False;IPV715;3;1,8
2023-09-30 22:00:00;1;2023;165,638;False;IPV715;4;0,6
2023-12-31 23:00:00;1;2024;170,101;False;IPV715;1;2,7
2024-03-31 22:00:00;1;2024;176,973;False;IPV715;2;4,0
2024-06-30 22:00:00;1;2024;178,624;False;IPV715;3;0,9
2024-09-30 22:00:00;1;2024;184,569;False;IPV715;4;3,3
2024-12-31 23:00:00;1;2025;192,344;False;IPV715;1;4,2
2025-03-31 22:00:00;1;2025;199,398;False;IPV715;2;3,7
2025-06-30 22:00:00;1;2025;204,6;False;IPV715;3;2,6
2025-09-30 22:00:00;1;2025;209,084;False;IPV715;4;2,2
2006-12-31 23:00:00;1;2007;172,563;False;IPV716;1;0,0
2007-03-31 22:00:00;1;2007;179,009;False;IPV716;2;3,7
2007-06-30 22:00:00;1;2007;179,9;False;IPV716;3;0,5
2007-09-30 22:00:00;1;2007;179,16;False;IPV716;4;-0,4
2007-12-31 23:00:00;1;2008;178,993;False;IPV716;1;-0,1
2008-03-31 22:00:00;1;2008;171,829;False;IPV716;2;-4,0
2008-06-30 22:00:00;1;2008;165,247;False;IPV716;3;-3,8
2008-09-30 22:00:00;1;2008;162,387;False;IPV716;4;-1,7
2008-12-31 23:00:00;1;2009;156,264;False;IPV716;1;-3,8
2009-03-31 22:00:00;1;2009;156,954;False;IPV716;2;0,4
2009-06-30 22:00:00;1;2009;158,539;False;IPV716;3;1,0
2009-09-30 22:00:00;1;2009;161,005;False;IPV716;4;1,6
2009-12-31 23:00:00;1;2010;158,918;False;IPV716;1;-1,3
2010-03-31 22:00:00;1;2010;161,648;False;IPV716;2;1,7
2010-06-30 22:00:00;1;2010;155,584;False;IPV716;3;-3,8
2010-09-30 22:00:00;1;2010;156,582;False;IPV716;4;0,6
2010-12-31 23:00:00;1;2011;144,599;False;IPV716;1;-7,7
2011-03-31 22:00:00;1;2011;142,965;False;IPV716;2;-1,1
2011-06-30 22:00:00;1;2011;136,609;False;IPV716;3;-4,4
2011-09-30 22:00:00;1;2011;130,62;False;IPV716;4;-4,4
2011-12-31 23:00:00;1;2012;124,3;False;IPV716;1;-4,8
2012-03-31 22:00:00;1;2012;118,011;False;IPV716;2;-5,1
2012-06-30 22:00:00;1;2012;112,998;False;IPV716;3;-4,2
2012-09-30 22:00:00;1;2012;110,893;False;IPV716;4;-1,9
2012-12-31 23:00:00;1;2013;101,387;False;IPV716;1;-8,6
2013-03-31 22:00:00;1;2013;100,094;False;IPV716;2;-1,3
2013-06-30 22:00:00;1;2013;101,142;False;IPV716;3;1,0
2013-09-30 22:00:00;1;2013;99,687;False;IPV716;4;-1,4
2013-12-31 23:00:00;1;2014;98,66;False;IPV716;1;-1,0
2014-03-31 22:00:00;1;2014;99,995;False;IPV716;2;1,4
2014-06-30 22:00:00;1;2014;99,795;False;IPV716;3;-0,2
2014-09-30 22:00:00;1;2014;100,031;False;IPV716;4;0,2
2014-12-31 23:00:00;1;2015;97,199;False;IPV716;1;-2,8
2015-03-31 22:00:00;1;2015;101,295;False;IPV716;2;4,2
2015-06-30 22:00:00;1;2015;100,301;False;IPV716;3;-1,0
2015-09-30 22:00:00;1;2015;101,205;False;IPV716;4;0,9
2015-12-31 23:00:00;1;2016;100,835;False;IPV716;1;-0,4
2016-03-31 22:00:00;1;2016;101,374;False;IPV716;2;0,5
2016-06-30 22:00:00;1;2016;101,483;False;IPV716;3;0,1
2016-09-30 22:00:00;1;2016;100,834;False;IPV716;4;-0,6
2016-12-31 23:00:00;1;2017;102,418;False;IPV716;1;1,6
2017-03-31 22:00:00;1;2017;103,197;False;IPV716;2;0,8
2017-06-30 22:00:00;1;2017;102,842;False;IPV716;3;-0,3
2017-09-30 22:00:00;1;2017;104,506;False;IPV716;4;1,6
2017-12-31 23:00:00;1;2018;105,411;False;IPV716;1;0,9
2018-03-31 22:00:00;1;2018;107,43;False;IPV716;2;1,9
2018-06-30 22:00:00;1;2018;109,536;False;IPV716;3;2,0
2018-09-30 22:00:00;1;2018;110,033;False;IPV716;4;0,5
2018-12-31 23:00:00;1;2019;111,841;False;IPV716;1;1,6
2019-03-31 22:00:00;1;2019;113,791;False;IPV716;2;1,7
2019-06-30 22:00:00;1;2019;114,193;False;IPV716;3;0,4
2019-09-30 22:00:00;1;2019;114,693;False;IPV716;4;0,4
2019-12-31 23:00:00;1;2020;115,313;False;IPV716;1;0,5
2020-03-31 22:00:00;1;2020;116,008;False;IPV716;2;0,6
2020-06-30 22:00:00;1;2020;114,734;False;IPV716;3;-1,1
2020-09-30 22:00:00;1;2020;115,239;False;IPV716;4;0,4
2020-12-31 23:00:00;1;2021;116,443;False;IPV716;1;1,0
2021-03-31 22:00:00;1;2021;118,341;False;IPV716;2;1,6
2021-06-30 22:00:00;1;2021;120,617;False;IPV716;3;1,9
2021-09-30 22:00:00;1;2021;121,27;False;IPV716;4;0,5
2021-12-31 23:00:00;1;2022;124,925;False;IPV716;1;3,0
2022-03-31 22:00:00;1;2022;127,704;False;IPV716;2;2,2
2022-06-30 22:00:00;1;2022;130,705;False;IPV716;3;2,3
2022-09-30 22:00:00;1;2022;127,504;False;IPV716;4;-2,4
2022-12-31 23:00:00;1;2023;127,649;False;IPV716;1;0,1
2023-03-31 22:00:00;1;2023;130,461;False;IPV716;2;2,2
2023-06-30 22:00:00;1;2023;132,669;False;IPV716;3;1,7
2023-09-30 22:00:00;1;2023;132,303;False;IPV716;4;-0,3
2023-12-31 23:00:00;1;2024;135,625;False;IPV716;1;2,5
2024-03-31 22:00:00;1;2024;141,612;False;IPV716;2;4,4
2024-06-30 22:00:00;1;2024;144,997;False;IPV716;3;2,4
2024-09-30 22:00:00;1;2024;148,02;False;IPV716;4;2,1
2024-12-31 23:00:00;1;2025;154,977;False;IPV716;1;4,7
2025-03-31 22:00:00;1;2025;161,876;False;IPV716;2;4,5
2025-06-30 22:00:00;1;2025;166,532;False;IPV716;3;2,9
2025-09-30 22:00:00;1;2025;170,007;False;IPV716;4;2,1
2006-12-31 23:00:00;1;2007;157,333;False;IPV717;1;0,0
2007-03-31 22:00:00;1;2007;161,263;False;IPV717;2;2,5
2007-06-30 22:00:00;1;2007;164,355;False;IPV717;3;1,9
2007-09-30 22:00:00;1;2007;169,829;False;IPV717;4;3,3
2007-12-31 23:00:00;1;2008;170,313;False;IPV717;1;0,3
2008-03-31 22:00:00;1;2008;170,907;False;IPV717;2;0,3
2008-06-30 22:00:00;1;2008;168,05;False;IPV717;3;-1,7
2008-09-30 22:00:00;1;2008;169,275;False;IPV717;4;0,7
2008-12-31 23:00:00;1;2009;161,763;False;IPV717;1;-4,4
2009-03-31 22:00:00;1;2009;162,264;False;IPV717;2;0,3
2009-06-30 22:00:00;1;2009;161,331;False;IPV717;3;-0,6
2009-09-30 22:00:00;1;2009;162,426;False;IPV717;4;0,7
2009-12-31 23:00:00;1;2010;153,8;False;IPV717;1;-5,3
2010-03-31 22:00:00;1;2010;156,265;False;IPV717;2;1,6
2010-06-30 22:00:00;1;2010;152,79;False;IPV717;3;-2,2
2010-09-30 22:00:00;1;2010;149,927;False;IPV717;4;-1,9
2010-12-31 23:00:00;1;2011;142,931;False;IPV717;1;-4,7
2011-03-31 22:00:00;1;2011;139,878;False;IPV717;2;-2,1
2011-06-30 22:00:00;1;2011;136,614;False;IPV717;3;-2,3
2011-09-30 22:00:00;1;2011;130,54;False;IPV717;4;-4,4
2011-12-31 23:00:00;1;2012;125,985;False;IPV717;1;-3,5
2012-03-31 22:00:00;1;2012;120,668;False;IPV717;2;-4,2
2012-06-30 22:00:00;1;2012;114,825;False;IPV717;3;-4,8
2012-09-30 22:00:00;1;2012;113,817;False;IPV717;4;-0,9
2012-12-31 23:00:00;1;2013;103,596;False;IPV717;1;-9,0
2013-03-31 22:00:00;1;2013;102,698;False;IPV717;2;-0,9
2013-06-30 22:00:00;1;2013;105,038;False;IPV717;3;2,3
2013-09-30 22:00:00;1;2013;98,352;False;IPV717;4;-6,4
2013-12-31 23:00:00;1;2014;98,941;False;IPV717;1;0,6
2014-03-31 22:00:00;1;2014;98,931;False;IPV717;2;0,0
2014-06-30 22:00:00;1;2014;98,672;False;IPV717;3;-0,3
2014-09-30 22:00:00;1;2014;98,219;False;IPV717;4;-0,5
2014-12-31 23:00:00;1;2015;97,824;False;IPV717;1;-0,4
2015-03-31 22:00:00;1;2015;99,945;False;IPV717;2;2,2
2015-06-30 22:00:00;1;2015;101,061;False;IPV717;3;1,1
2015-09-30 22:00:00;1;2015;101,17;False;IPV717;4;0,1
2015-12-31 23:00:00;1;2016;102,045;False;IPV717;1;0,9
2016-03-31 22:00:00;1;2016;108,399;False;IPV717;2;6,2
2016-06-30 22:00:00;1;2016;108,646;False;IPV717;3;0,2
2016-09-30 22:00:00;1;2016;105,088;False;IPV717;4;-3,3
2016-12-31 23:00:00;1;2017;107,029;False;IPV717;1;1,8
2017-03-31 22:00:00;1;2017;108,294;False;IPV717;2;1,2
2017-06-30 22:00:00;1;2017;108,697;False;IPV717;3;0,4
2017-09-30 22:00:00;1;2017;108,714;False;IPV717;4;0,0
2017-12-31 23:00:00;1;2018;113,963;False;IPV717;1;4,8
2018-03-31 22:00:00;1;2018;115,636;False;IPV717;2;1,5
2018-06-30 22:00:00;1;2018;118,267;False;IPV717;3;2,3
2018-09-30 22:00:00;1;2018;116,802;False;IPV717;4;-1,2
2018-12-31 23:00:00;1;2019;122,909;False;IPV717;1;5,2
2019-03-31 22:00:00;1;2019;126,489;False;IPV717;2;2,9
2019-06-30 22:00:00;1;2019;125,486;False;IPV717;3;-0,8
2019-09-30 22:00:00;1;2019;127,755;False;IPV717;4;1,8
2019-12-31 23:00:00;1;2020;127,911;False;IPV717;1;0,1
2020-03-31 22:00:00;1;2020;132,048;False;IPV717;2;3,2
2020-06-30 22:00:00;1;2020;135,987;False;IPV717;3;3,0
2020-09-30 22:00:00;1;2020;135,827;False;IPV717;4;-0,1
2020-12-31 23:00:00;1;2021;135,655;False;IPV717;1;-0,1
2021-03-31 22:00:00;1;2021;138,788;False;IPV717;2;2,3
2021-06-30 22:00:00;1;2021;143,038;False;IPV717;3;3,1
2021-09-30 22:00:00;1;2021;143,488;False;IPV717;4;0,3
2021-12-31 23:00:00;1;2022;146,318;False;IPV717;1;2,0
2022-03-31 22:00:00;1;2022;149,225;False;IPV717;2;2,0
2022-06-30 22:00:00;1;2022;150,635;False;IPV717;3;0,9
2022-09-30 22:00:00;1;2022;154,61;False;IPV717;4;2,6
2022-12-31 23:00:00;1;2023;157,315;False;IPV717;1;1,7
2023-03-31 22:00:00;1;2023;158,983;False;IPV717;2;1,1
2023-06-30 22:00:00;1;2023;159,561;False;IPV717;3;0,4
2023-09-30 22:00:00;1;2023;162,201;False;IPV717;4;1,7
2023-12-31 23:00:00;1;2024;174,367;False;IPV717;1;7,5
2024-03-31 22:00:00;1;2024;173,341;False;IPV717;2;-0,6
2024-06-30 22:00:00;1;2024;174,235;False;IPV717;3;0,5
2024-09-30 22:00:00;1;2024;181,456;False;IPV717;4;4,1
2024-12-31 23:00:00;1;2025;189,921;False;IPV717;1;4,7
2025-03-31 22:00:00;1;2025;193,862;False;IPV717;2;2,1
2025-06-30 22:00:00;1;2025;195,156;False;IPV717;3;0,7
2025-09-30 22:00:00;1;2025;205,097;False;IPV717;4;5,1
2006-12-31 23:00:00;1;2007;163,779;False;IPV718;1;0,0
2007-03-31 22:00:00;1;2007;168,671;False;IPV718;2;3,0
2007-06-30 22:00:00;1;2007;170,951;False;IPV718;3;1,4
2007-09-30 22:00:00;1;2007;174,119;False;IPV718;4;1,9
2007-12-31 23:00:00;1;2008;174,361;False;IPV718;1;0,1
2008-03-31 22:00:00;1;2008;172,047;False;IPV718;2;-1,3
2008-06-30 22:00:00;1;2008;167,779;False;IPV718;3;-2,5
2008-09-30 22:00:00;1;2008;167,477;False;IPV718;4;-0,2
2008-12-31 23:00:00;1;2009;160,388;False;IPV718;1;-4,2
2009-03-31 22:00:00;1;2009;160,95;False;IPV718;2;0,4
2009-06-30 22:00:00;1;2009;160,814;False;IPV718;3;-0,1
2009-09-30 22:00:00;1;2009;162,346;False;IPV718;4;1,0
2009-12-31 23:00:00;1;2010;155,668;False;IPV718;1;-4,1
2010-03-31 22:00:00;1;2010;158,218;False;IPV718;2;1,6
2010-06-30 22:00:00;1;2010;153,957;False;IPV718;3;-2,7
2010-09-30 22:00:00;1;2010;152,249;False;IPV718;4;-1,1
2010-12-31 23:00:00;1;2011;143,51;False;IPV718;1;-5,7
2011-03-31 22:00:00;1;2011;140,953;False;IPV718;2;-1,8
2011-06-30 22:00:00;1;2011;136,609;False;IPV718;3;-3,1
2011-09-30 22:00:00;1;2011;130,565;False;IPV718;4;-4,4
2011-12-31 23:00:00;1;2012;125,248;False;IPV718;1;-4,1
2012-03-31 22:00:00;1;2012;119,511;False;IPV718;2;-4,6
2012-06-30 22:00:00;1;2012;114,027;False;IPV718;3;-4,6
2012-09-30 22:00:00;1;2012;112,546;False;IPV718;4;-1,3
2012-12-31 23:00:00;1;2013;102,695;False;IPV718;1;-8,8
2013-03-31 22:00:00;1;2013;101,57;False;IPV718;2;-1,1
2013-06-30 22:00:00;1;2013;103,187;False;IPV718;3;1,6
2013-09-30 22:00:00;1;2013;99,44;False;IPV718;4;-3,6
2013-12-31 23:00:00;1;2014;98,849;False;IPV718;1;-0,6
2014-03-31 22:00:00;1;2014;99,822;False;IPV718;2;1,0
2014-06-30 22:00:00;1;2014;99,606;False;IPV718;3;-0,2
2014-09-30 22:00:00;1;2014;99,656;False;IPV718;4;0,1
2014-12-31 23:00:00;1;2015;97,329;False;IPV718;1;-2,3
2015-03-31 22:00:00;1;2015;101,015;False;IPV718;2;3,8
2015-06-30 22:00:00;1;2015;100,458;False;IPV718;3;-0,6
2015-09-30 22:00:00;1;2015;101,198;False;IPV718;4;0,7
2015-12-31 23:00:00;1;2016;101,038;False;IPV718;1;-0,2
2016-03-31 22:00:00;1;2016;102,559;False;IPV718;2;1,5
2016-06-30 22:00:00;1;2016;102,692;False;IPV718;3;0,1
2016-09-30 22:00:00;1;2016;101,551;False;IPV718;4;-1,1
2016-12-31 23:00:00;1;2017;103,177;False;IPV718;1;1,6
2017-03-31 22:00:00;1;2017;104,009;False;IPV718;2;0,8
2017-06-30 22:00:00;1;2017;103,733;False;IPV718;3;-0,3
2017-09-30 22:00:00;1;2017;105,228;False;IPV718;4;1,4
2017-12-31 23:00:00;1;2018;106,496;False;IPV718;1;1,2
2018-03-31 22:00:00;1;2018;108,493;False;IPV718;2;1,9
2018-06-30 22:00:00;1;2018;110,65;False;IPV718;3;2,0
2018-09-30 22:00:00;1;2018;110,987;False;IPV718;4;0,3
2018-12-31 23:00:00;1;2019;113,141;False;IPV718;1;1,9
2019-03-31 22:00:00;1;2019;115,227;False;IPV718;2;1,8
2019-06-30 22:00:00;1;2019;115,52;False;IPV718;3;0,3
2019-09-30 22:00:00;1;2019;116,161;False;IPV718;4;0,6
2019-12-31 23:00:00;1;2020;116,744;False;IPV718;1;0,5
2020-03-31 22:00:00;1;2020;117,732;False;IPV718;2;0,8
2020-06-30 22:00:00;1;2020;116,897;False;IPV718;3;-0,7
2020-09-30 22:00:00;1;2020;117,347;False;IPV718;4;0,4
2020-12-31 23:00:00;1;2021;118,456;False;IPV718;1;0,9
2021-03-31 22:00:00;1;2021;120,454;False;IPV718;2;1,7
2021-06-30 22:00:00;1;2021;122,887;False;IPV718;3;2,0
2021-09-30 22:00:00;1;2021;123,528;False;IPV718;4;0,5
2021-12-31 23:00:00;1;2022;127,118;False;IPV718;1;2,9
2022-03-31 22:00:00;1;2022;129,915;False;IPV718;2;2,2
2022-06-30 22:00:00;1;2022;132,781;False;IPV718;3;2,2
2022-09-30 22:00:00;1;2022;130,212;False;IPV718;4;-1,9
2022-12-31 23:00:00;1;2023;130,66;False;IPV718;1;0,3
2023-03-31 22:00:00;1;2023;133,325;False;IPV718;2;2,0
2023-06-30 22:00:00;1;2023;135,332;False;IPV718;3;1,5
2023-09-30 22:00:00;1;2023;135,324;False;IPV718;4;0,0
2023-12-31 23:00:00;1;2024;139,961;False;IPV718;1;3,4
2024-03-31 22:00:00;1;2024;144,803;False;IPV718;2;3,5
2024-06-30 22:00:00;1;2024;147,767;False;IPV718;3;2,0
2024-09-30 22:00:00;1;2024;151,397;False;IPV718;4;2,5
2024-12-31 23:00:00;1;2025;158,501;False;IPV718;1;4,7
2025-03-31 22:00:00;1;2025;164,705;False;IPV718;2;3,9
2025-06-30 22:00:00;1;2025;168,635;False;IPV718;3;2,4
2025-09-30 22:00:00;1;2025;173,261;False;IPV718;4;2,7
2006-12-31 23:00:00;1;2007;178,8;False;IPV719;1;0,0
2007-03-31 22:00:00;1;2007;183,419;False;IPV719;2;2,6
2007-06-30 22:00:00;1;2007;184,352;False;IPV719;3;0,5
2007-09-30 22:00:00;1;2007;181,534;False;IPV719;4;-1,5
2007-12-31 23:00:00;1;2008;179,109;False;IPV719;1;-1,3
2008-03-31 22:00:00;1;2008;175,622;False;IPV719;2;-1,9
2008-06-30 22:00:00;1;2008;166,277;False;IPV719;3;-5,3
2008-09-30 22:00:00;1;2008;158,872;False;IPV719;4;-4,5
2008-12-31 23:00:00;1;2009;150,909;False;IPV719;1;-5,0
2009-03-31 22:00:00;1;2009;147,169;False;IPV719;2;-2,5
2009-06-30 22:00:00;1;2009;146,941;False;IPV719;3;-0,2
2009-09-30 22:00:00;1;2009;146,273;False;IPV719;4;-0,5
2009-12-31 23:00:00;1;2010;147,857;False;IPV719;1;1,1
2010-03-31 22:00:00;1;2010;150,883;False;IPV719;2;2,0
2010-06-30 22:00:00;1;2010;149,143;False;IPV719;3;-1,2
2010-09-30 22:00:00;1;2010;146,857;False;IPV719;4;-1,5
2010-12-31 23:00:00;1;2011;139,476;False;IPV719;1;-5,0
2011-03-31 22:00:00;1;2011;137,709;False;IPV719;2;-1,3
2011-06-30 22:00:00;1;2011;131,71;False;IPV719;3;-4,4
2011-09-30 22:00:00;1;2011;128,522;False;IPV719;4;-2,4
2011-12-31 23:00:00;1;2012;120,165;False;IPV719;1;-6,5
2012-03-31 22:00:00;1;2012;117,6;False;IPV719;2;-2,1
2012-06-30 22:00:00;1;2012;112,008;False;IPV719;3;-4,8
2012-09-30 22:00:00;1;2012;108,819;False;IPV719;4;-2,8
2012-12-31 23:00:00;1;2013;101,597;False;IPV719;1;-6,6
2013-03-31 22:00:00;1;2013;102,152;False;IPV719;2;0,5
2013-06-30 22:00:00;1;2013;103,842;False;IPV719;3;1,7
2013-09-30 22:00:00;1;2013;99,247;False;IPV719;4;-4,4
2013-12-31 23:00:00;1;2014;99,435;False;IPV719;1;0,2
2014-03-31 22:00:00;1;2014;99,262;False;IPV719;2;-0,2
2014-06-30 22:00:00;1;2014;99,715;False;IPV719;3;0,5
2014-09-30 22:00:00;1;2014;99,201;False;IPV719;4;-0,5
2014-12-31 23:00:00;1;2015;97,497;False;IPV719;1;-1,7
2015-03-31 22:00:00;1;2015;100,948;False;IPV719;2;3,5
2015-06-30 22:00:00;1;2015;100,876;False;IPV719;3;-0,1
2015-09-30 22:00:00;1;2015;100,679;False;IPV719;4;-0,2
2015-12-31 23:00:00;1;2016;101,182;False;IPV719;1;0,5
2016-03-31 22:00:00;1;2016;102,568;False;IPV719;2;1,4
2016-06-30 22:00:00;1;2016;103,158;False;IPV719;3;0,6
2016-09-30 22:00:00;1;2016;101,582;False;IPV719;4;-1,5
2016-12-31 23:00:00;1;2017;103,964;False;IPV719;1;2,3
2017-03-31 22:00:00;1;2017;106,596;False;IPV719;2;2,5
2017-06-30 22:00:00;1;2017;108,473;False;IPV719;3;1,8
2017-09-30 22:00:00;1;2017;108,794;False;IPV719;4;0,3
2017-12-31 23:00:00;1;2018;109,733;False;IPV719;1;0,9
2018-03-31 22:00:00;1;2018;112,711;False;IPV719;2;2,7
2018-06-30 22:00:00;1;2018;113,654;False;IPV719;3;0,8
2018-09-30 22:00:00;1;2018;113,512;False;IPV719;4;-0,1
2018-12-31 23:00:00;1;2019;115,332;False;IPV719;1;1,6
2019-03-31 22:00:00;1;2019;116,701;False;IPV719;2;1,2
2019-06-30 22:00:00;1;2019;118,366;False;IPV719;3;1,4
2019-09-30 22:00:00;1;2019;116,38;False;IPV719;4;-1,7
2019-12-31 23:00:00;1;2020;118,196;False;IPV719;1;1,6
2020-03-31 22:00:00;1;2020;118,19;False;IPV719;2;0,0
2020-06-30 22:00:00;1;2020;119,326;False;IPV719;3;1,0
2020-09-30 22:00:00;1;2020;116,67;False;IPV719;4;-2,2
2020-12-31 23:00:00;1;2021;118,065;False;IPV719;1;1,2
2021-03-31 22:00:00;1;2021;120,122;False;IPV719;2;1,7
2021-06-30 22:00:00;1;2021;121,346;False;IPV719;3;1,0
2021-09-30 22:00:00;1;2021;122,002;False;IPV719;4;0,5
2021-12-31 23:00:00;1;2022;125,042;False;IPV719;1;2,5
2022-03-31 22:00:00;1;2022;127,613;False;IPV719;2;2,1
2022-06-30 22:00:00;1;2022;130,939;False;IPV719;3;2,6
2022-09-30 22:00:00;1;2022;128,065;False;IPV719;4;-2,2
2022-12-31 23:00:00;1;2023;128,791;False;IPV719;1;0,6
2023-03-31 22:00:00;1;2023;130,873;False;IPV719;2;1,6
2023-06-30 22:00:00;1;2023;134,449;False;IPV719;3;2,7
2023-09-30 22:00:00;1;2023;132,191;False;IPV719;4;-1,7
2023-12-31 23:00:00;1;2024;135,367;False;IPV719;1;2,4
2024-03-31 22:00:00;1;2024;140,047;False;IPV719;2;3,5
2024-06-30 22:00:00;1;2024;144,025;False;IPV719;3;2,8
2024-09-30 22:00:00;1;2024;145,77;False;IPV719;4;1,2
2024-12-31 23:00:00;1;2025;151,782;False;IPV719;1;4,1
2025-03-31 22:00:00;1;2025;157,694;False;IPV719;2;3,9
2025-06-30 22:00:00;1;2025;161,98;False;IPV719;3;2,7
2025-09-30 22:00:00;1;2025;164,266;False;IPV719;4;1,4
2006-12-31 23:00:00;1;2007;132,944;False;IPV720;1;0,0
2007-03-31 22:00:00;1;2007;137,015;False;IPV720;2;3,1
2007-06-30 22:00:00;1;2007;139,083;False;IPV720;3;1,5
2007-09-30 22:00:00;1;2007;138,806;False;IPV720;4;-0,2
2007-12-31 23:00:00;1;2008;138,048;False;IPV720;1;-0,5
2008-03-31 22:00:00;1;2008;142,469;False;IPV720;2;3,2
2008-06-30 22:00:00;1;2008;138,536;False;IPV720;3;-2,8
2008-09-30 22:00:00;1;2008;138,087;False;IPV720;4;-0,3
2008-12-31 23:00:00;1;2009;134,274;False;IPV720;1;-2,8
2009-03-31 22:00:00;1;2009;132,265;False;IPV720;2;-1,5
2009-06-30 22:00:00;1;2009;126,736;False;IPV720;3;-4,2
2009-09-30 22:00:00;1;2009;129,876;False;IPV720;4;2,5
2009-12-31 23:00:00;1;2010;126,141;False;IPV720;1;-2,9
2010-03-31 22:00:00;1;2010;127,054;False;IPV720;2;0,7
2010-06-30 22:00:00;1;2010;123,109;False;IPV720;3;-3,1
2010-09-30 22:00:00;1;2010;125,536;False;IPV720;4;2,0
2010-12-31 23:00:00;1;2011;126,365;False;IPV720;1;0,7
2011-03-31 22:00:00;1;2011;121,85;False;IPV720;2;-3,6
2011-06-30 22:00:00;1;2011;117,27;False;IPV720;3;-3,8
2011-09-30 22:00:00;1;2011;110,77;False;IPV720;4;-5,5
2011-12-31 23:00:00;1;2012;102,023;False;IPV720;1;-7,9
2012-03-31 22:00:00;1;2012;101,233;False;IPV720;2;-0,8
2012-06-30 22:00:00;1;2012;98,973;False;IPV720;3;-2,2
2012-09-30 22:00:00;1;2012;99,761;False;IPV720;4;0,8
2012-12-31 23:00:00;1;2013;92,963;False;IPV720;1;-6,8
2013-03-31 22:00:00;1;2013;96,687;False;IPV720;2;4,0
2013-06-30 22:00:00;1;2013;97,595;False;IPV720;3;0,9
2013-09-30 22:00:00;1;2013;99,599;False;IPV720;4;2,1
2013-12-31 23:00:00;1;2014;98,823;False;IPV720;1;-0,8
2014-03-31 22:00:00;1;2014;96,232;False;IPV720;2;-2,6
2014-06-30 22:00:00;1;2014;97,979;False;IPV720;3;1,8
2014-09-30 22:00:00;1;2014;99,648;False;IPV720;4;1,7
2014-12-31 23:00:00;1;2015;101,946;False;IPV720;1;2,3
2015-03-31 22:00:00;1;2015;98,091;False;IPV720;2;-3,8
2015-06-30 22:00:00;1;2015;98,153;False;IPV720;3;0,1
2015-09-30 22:00:00;1;2015;101,81;False;IPV720;4;3,7
2015-12-31 23:00:00;1;2016;101,953;False;IPV720;1;0,1
2016-03-31 22:00:00;1;2016;104,654;False;IPV720;2;2,6
2016-06-30 22:00:00;1;2016;105,814;False;IPV720;3;1,1
2016-09-30 22:00:00;1;2016;104,005;False;IPV720;4;-1,7
2016-12-31 23:00:00;1;2017;107,439;False;IPV720;1;3,3
2017-03-31 22:00:00;1;2017;112,069;False;IPV720;2;4,3
2017-06-30 22:00:00;1;2017;114,731;False;IPV720;3;2,4
2017-09-30 22:00:00;1;2017;111,397;False;IPV720;4;-2,9
2017-12-31 23:00:00;1;2018;116,757;False;IPV720;1;4,8
2018-03-31 22:00:00;1;2018;118,979;False;IPV720;2;1,9
2018-06-30 22:00:00;1;2018;120,734;False;IPV720;3;1,5
2018-09-30 22:00:00;1;2018;120,492;False;IPV720;4;-0,2
2018-12-31 23:00:00;1;2019;127,773;False;IPV720;1;6,0
2019-03-31 22:00:00;1;2019;125,462;False;IPV720;2;-1,8
2019-06-30 22:00:00;1;2019;130,992;False;IPV720;3;4,4
2019-09-30 22:00:00;1;2019;126,769;False;IPV720;4;-3,2
2019-12-31 23:00:00;1;2020;136,998;False;IPV720;1;8,1
2020-03-31 22:00:00;1;2020;129,648;False;IPV720;2;-5,4
2020-06-30 22:00:00;1;2020;139,255;False;IPV720;3;7,4
2020-09-30 22:00:00;1;2020;140,454;False;IPV720;4;0,9
2020-12-31 23:00:00;1;2021;139,404;False;IPV720;1;-0,7
2021-03-31 22:00:00;1;2021;139,0;False;IPV720;2;-0,3
2021-06-30 22:00:00;1;2021;139,934;False;IPV720;3;0,7
2021-09-30 22:00:00;1;2021;144,694;False;IPV720;4;3,4
2021-12-31 23:00:00;1;2022;149,883;False;IPV720;1;3,6
2022-03-31 22:00:00;1;2022;149,26;False;IPV720;2;-0,4
2022-06-30 22:00:00;1;2022;150,103;False;IPV720;3;0,6
2022-09-30 22:00:00;1;2022;151,535;False;IPV720;4;1,0
2022-12-31 23:00:00;1;2023;155,512;False;IPV720;1;2,6
2023-03-31 22:00:00;1;2023;156,854;False;IPV720;2;0,9
2023-06-30 22:00:00;1;2023;163,137;False;IPV720;3;4,0
2023-09-30 22:00:00;1;2023;162,127;False;IPV720;4;-0,6
2023-12-31 23:00:00;1;2024;174,647;False;IPV720;1;7,7
2024-03-31 22:00:00;1;2024;180,725;False;IPV720;2;3,5
2024-06-30 22:00:00;1;2024;186,4;False;IPV720;3;3,1
2024-09-30 22:00:00;1;2024;182,476;False;IPV720;4;-2,1
2024-12-31 23:00:00;1;2025;199,773;False;IPV720;1;9,5
2025-03-31 22:00:00;1;2025;202,229;False;IPV720;2;1,2
2025-06-30 22:00:00;1;2025;201,274;False;IPV720;3;-0,5
2025-09-30 22:00:00;1;2025;201,453;False;IPV720;4;0,1
2006-12-31 23:00:00;1;2007;159,283;False;IPV721;1;0,0
2007-03-31 22:00:00;1;2007;163,676;False;IPV721;2;2,8
2007-06-30 22:00:00;1;2007;165,108;False;IPV721;3;0,9
2007-09-30 22:00:00;1;2007;163,393;False;IPV721;4;-1,0
2007-12-31 23:00:00;1;2008;161,69;False;IPV721;1;-1,0
2008-03-31 22:00:00;1;2008;161,651;False;IPV721;2;0,0
2008-06-30 22:00:00;1;2008;154,645;False;IPV721;3;-4,3
2008-09-30 22:00:00;1;2008;150,26;False;IPV721;4;-2,8
2008-12-31 23:00:00;1;2009;144,22;False;IPV721;1;-4,0
2009-03-31 22:00:00;1;2009;141,278;False;IPV721;2;-2,0
2009-06-30 22:00:00;1;2009;138,505;False;IPV721;3;-2,0
2009-09-30 22:00:00;1;2009;139,658;False;IPV721;4;0,8
2009-12-31 23:00:00;1;2010;138,551;False;IPV721;1;-0,8
2010-03-31 22:00:00;1;2010;140,536;False;IPV721;2;1,4
2010-06-30 22:00:00;1;2010;137,652;False;IPV721;3;-2,1
2010-09-30 22:00:00;1;2010;137,74;False;IPV721;4;0,1
2010-12-31 23:00:00;1;2011;134,124;False;IPV721;1;-2,6
2011-03-31 22:00:00;1;2011;131,074;False;IPV721;2;-2,3
2011-06-30 22:00:00;1;2011;125,702;False;IPV721;3;-4,1
2011-09-30 22:00:00;1;2011;120,963;False;IPV721;4;-3,8
2011-12-31 23:00:00;1;2012;112,449;False;IPV721;1;-7,0
2012-03-31 22:00:00;1;2012;110,632;False;IPV721;2;-1,6
2012-06-30 22:00:00;1;2012;106,445;False;IPV721;3;-3,8
2012-09-30 22:00:00;1;2012;104,93;False;IPV721;4;-1,4
2012-12-31 23:00:00;1;2013;97,891;False;IPV721;1;-6,7
2013-03-31 22:00:00;1;2013;99,781;False;IPV721;2;1,9
2013-06-30 22:00:00;1;2013;101,141;False;IPV721;3;1,4
2013-09-30 22:00:00;1;2013;99,328;False;IPV721;4;-1,8
2013-12-31 23:00:00;1;2014;99,246;False;IPV721;1;-0,1
2014-03-31 22:00:00;1;2014;98,393;False;IPV721;2;-0,9
2014-06-30 22:00:00;1;2014;99,21;False;IPV721;3;0,8
2014-09-30 22:00:00;1;2014;99,309;False;IPV721;4;0,1
2014-12-31 23:00:00;1;2015;98,573;False;IPV721;1;-0,7
2015-03-31 22:00:00;1;2015;100,257;False;IPV721;2;1,7
2015-06-30 22:00:00;1;2015;100,217;False;IPV721;3;0,0
2015-09-30 22:00:00;1;2015;100,953;False;IPV721;4;0,7
2015-12-31 23:00:00;1;2016;101,381;False;IPV721;1;0,4
2016-03-31 22:00:00;1;2016;103,041;False;IPV721;2;1,6
2016-06-30 22:00:00;1;2016;103,749;False;IPV721;3;0,7
2016-09-30 22:00:00;1;2016;102,124;False;IPV721;4;-1,6
2016-12-31 23:00:00;1;2017;104,709;False;IPV721;1;2,5
2017-03-31 22:00:00;1;2017;107,724;False;IPV721;2;2,9
2017-06-30 22:00:00;1;2017;109,752;False;IPV721;3;1,9
2017-09-30 22:00:00;1;2017;109,377;False;IPV721;4;-0,3
2017-12-31 23:00:00;1;2018;111,109;False;IPV721;1;1,6
2018-03-31 22:00:00;1;2018;113,955;False;IPV721;2;2,6
2018-06-30 22:00:00;1;2018;115,044;False;IPV721;3;1,0
2018-09-30 22:00:00;1;2018;114,884;False;IPV721;4;-0,1
2018-12-31 23:00:00;1;2019;117,529;False;IPV721;1;2,3
2019-03-31 22:00:00;1;2019;118,35;False;IPV721;2;0,7
2019-06-30 22:00:00;1;2019;120,599;False;IPV721;3;1,9
2019-09-30 22:00:00;1;2019;118,272;False;IPV721;4;-1,9
2019-12-31 23:00:00;1;2020;121,515;False;IPV721;1;2,7
2020-03-31 22:00:00;1;2020;120,265;False;IPV721;2;-1,0
2020-06-30 22:00:00;1;2020;122,837;False;IPV721;3;2,1
2020-09-30 22:00:00;1;2020;120,831;False;IPV721;4;-1,6
2020-12-31 23:00:00;1;2021;121,755;False;IPV721;1;0,8
2021-03-31 22:00:00;1;2021;123,336;False;IPV721;2;1,3
2021-06-30 22:00:00;1;2021;124,501;False;IPV721;3;0,9
2021-09-30 22:00:00;1;2021;125,938;False;IPV721;4;1,2
2021-12-31 23:00:00;1;2022;129,365;False;IPV721;1;2,7
2022-03-31 22:00:00;1;2022;131,348;False;IPV721;2;1,5
2022-06-30 22:00:00;1;2022;134,215;False;IPV721;3;2,2
2022-09-30 22:00:00;1;2022;132,132;False;IPV721;4;-1,6
2022-12-31 23:00:00;1;2023;133,352;False;IPV721;1;0,9
2023-03-31 22:00:00;1;2023;135,331;False;IPV721;2;1,5
2023-06-30 22:00:00;1;2023;139,33;False;IPV721;3;3,0
2023-09-30 22:00:00;1;2023;137,252;False;IPV721;4;-1,5
2023-12-31 23:00:00;1;2024;141,867;False;IPV721;1;3,4
2024-03-31 22:00:00;1;2024;146,777;False;IPV721;2;3,5
2024-06-30 22:00:00;1;2024;151,029;False;IPV721;3;2,9
2024-09-30 22:00:00;1;2024;151,915;False;IPV721;4;0,6
2024-12-31 23:00:00;1;2025;159,472;False;IPV721;1;5,0
2025-03-31 22:00:00;1;2025;164,98;False;IPV721;2;3,5
2025-06-30 22:00:00;1;2025;168,61;False;IPV721;3;2,2
2025-09-30 22:00:00;1;2025;170,638;False;IPV721;4;1,2
2006-12-31 23:00:00;1;2007;206,482;False;IPV722;1;0,0
2007-03-31 22:00:00;1;2007;206,996;False;IPV722;2;0,2
2007-06-30 22:00:00;1;2007;211,263;False;IPV722;3;2,1
2007-09-30 22:00:00;1;2007;201,45;False;IPV722;4;-4,6
2007-12-31 23:00:00;1;2008;200,462;False;IPV722;1;-0,5
2008-03-31 22:00:00;1;2008;196,88;False;IPV722;2;-1,8
2008-06-30 22:00:00;1;2008;185,611;False;IPV722;3;-5,7
2008-09-30 22:00:00;1;2008;176,694;False;IPV722;4;-4,8
2008-12-31 23:00:00;1;2009;165,853;False;IPV722;1;-6,1
2009-03-31 22:00:00;1;2009;164,92;False;IPV722;2;-0,6
2009-06-30 22:00:00;1;2009;162,398;False;IPV722;3;-1,5
2009-09-30 22:00:00;1;2009;163,295;False;IPV722;4;0,6
2009-12-31 23:00:00;1;2010;160,903;False;IPV722;1;-1,5
2010-03-31 22:00:00;1;2010;162,472;False;IPV722;2;1,0
2010-06-30 22:00:00;1;2010;156,472;False;IPV722;3;-3,7
2010-09-30 22:00:00;1;2010;156,661;False;IPV722;4;0,1
2010-12-31 23:00:00;1;2011;147,114;False;IPV722;1;-6,1
2011-03-31 22:00:00;1;2011;147,481;False;IPV722;2;0,2
2011-06-30 22:00:00;1;2011;142,042;False;IPV722;3;-3,7
2011-09-30 22:00:00;1;2011;136,731;False;IPV722;4;-3,7
2011-12-31 23:00:00;1;2012;124,728;False;IPV722;1;-8,8
2012-03-31 22:00:00;1;2012;124,007;False;IPV722;2;-0,6
2012-06-30 22:00:00;1;2012;119,569;False;IPV722;3;-3,6
2012-09-30 22:00:00;1;2012;117,064;False;IPV722;4;-2,1
2012-12-31 23:00:00;1;2013;108,298;False;IPV722;1;-7,5
2013-03-31 22:00:00;1;2013;109,403;False;IPV722;2;1,0
2013-06-30 22:00:00;1;2013;105,902;False;IPV722;3;-3,2
2013-09-30 22:00:00;1;2013;104,088;False;IPV722;4;-1,7
2013-12-31 23:00:00;1;2014;100,923;False;IPV722;1;-3,0
2014-03-31 22:00:00;1;2014;101,943;False;IPV722;2;1,0
2014-06-30 22:00:00;1;2014;98,939;False;IPV722;3;-2,9
2014-09-30 22:00:00;1;2014;99,859;False;IPV722;4;0,9
2014-12-31 23:00:00;1;2015;98,232;False;IPV722;1;-1,6
2015-03-31 22:00:00;1;2015;101,109;False;IPV722;2;2,9
2015-06-30 22:00:00;1;2015;100,762;False;IPV722;3;-0,3
2015-09-30 22:00:00;1;2015;99,898;False;IPV722;4;-0,9
2015-12-31 23:00:00;1;2016;100,228;False;IPV722;1;0,3
2016-03-31 22:00:00;1;2016;100,219;False;IPV722;2;0,0
2016-06-30 22:00:00;1;2016;101,205;False;IPV722;3;1,0
2016-09-30 22:00:00;1;2016;101,617;False;IPV722;4;0,4
2016-12-31 23:00:00;1;2017;102,253;False;IPV722;1;0,6
2017-03-31 22:00:00;1;2017;103,27;False;IPV722;2;1,0
2017-06-30 22:00:00;1;2017;103,775;False;IPV722;3;0,5
2017-09-30 22:00:00;1;2017;103,637;False;IPV722;4;-0,1
2017-12-31 23:00:00;1;2018;104,104;False;IPV722;1;0,5
2018-03-31 22:00:00;1;2018;106,928;False;IPV722;2;2,7
2018-06-30 22:00:00;1;2018;107,916;False;IPV722;3;0,9
2018-09-30 22:00:00;1;2018;106,138;False;IPV722;4;-1,6
2018-12-31 23:00:00;1;2019;107,222;False;IPV722;1;1,0
2019-03-31 22:00:00;1;2019;109,818;False;IPV722;2;2,4
2019-06-30 22:00:00;1;2019;110,558;False;IPV722;3;0,7
2019-09-30 22:00:00;1;2019;110,001;False;IPV722;4;-0,5
2019-12-31 23:00:00;1;2020;109,681;False;IPV722;1;-0,3
2020-03-31 22:00:00;1;2020;110,597;False;IPV722;2;0,8
2020-06-30 22:00:00;1;2020;109,212;False;IPV722;3;-1,3
2020-09-30 22:00:00;1;2020;108,786;False;IPV722;4;-0,4
2020-12-31 23:00:00;1;2021;111,044;False;IPV722;1;2,1
2021-03-31 22:00:00;1;2021;113,601;False;IPV722;2;2,3
2021-06-30 22:00:00;1;2021;115,483;False;IPV722;3;1,7
2021-09-30 22:00:00;1;2021;115,79;False;IPV722;4;0,3
2021-12-31 23:00:00;1;2022;120,038;False;IPV722;1;3,7
2022-03-31 22:00:00;1;2022;122,794;False;IPV722;2;2,3
2022-06-30 22:00:00;1;2022;123,375;False;IPV722;3;0,5
2022-09-30 22:00:00;1;2022;123,5;False;IPV722;4;0,1
2022-12-31 23:00:00;1;2023;125,22;False;IPV722;1;1,4
2023-03-31 22:00:00;1;2023;126,004;False;IPV722;2;0,6
2023-06-30 22:00:00;1;2023;129,443;False;IPV722;3;2,7
2023-09-30 22:00:00;1;2023;127,149;False;IPV722;4;-1,8
2023-12-31 23:00:00;1;2024;131,536;False;IPV722;1;3,5
2024-03-31 22:00:00;1;2024;136,148;False;IPV722;2;3,5
2024-06-30 22:00:00;1;2024;140,498;False;IPV722;3;3,2
2024-09-30 22:00:00;1;2024;140,98;False;IPV722;4;0,3
2024-12-31 23:00:00;1;2025;145,513;False;IPV722;1;3,2
2025-03-31 22:00:00;1;2025;152,961;False;IPV722;2;5,1
2025-06-30 22:00:00;1;2025;157,427;False;IPV722;3;2,9
2025-09-30 22:00:00;1;2025;159,444;False;IPV722;4;1,3
2006-12-31 23:00:00;1;2007;165,294;False;IPV723;1;0,0
2007-03-31 22:00:00;1;2007;167,825;False;IPV723;2;1,5
2007-06-30 22:00:00;1;2007;171,329;False;IPV723;3;2,1
2007-09-30 22:00:00;1;2007;171,165;False;IPV723;4;-0,1
2007-12-31 23:00:00;1;2008;171,506;False;IPV723;1;0,2
2008-03-31 22:00:00;1;2008;175,516;False;IPV723;2;2,3
2008-06-30 22:00:00;1;2008;170,87;False;IPV723;3;-2,6
2008-09-30 22:00:00;1;2008;169,375;False;IPV723;4;-0,9
2008-12-31 23:00:00;1;2009;162,371;False;IPV723;1;-4,1
2009-03-31 22:00:00;1;2009;161,105;False;IPV723;2;-0,8
2009-06-30 22:00:00;1;2009;156,117;False;IPV723;3;-3,1
2009-09-30 22:00:00;1;2009;154,675;False;IPV723;4;-0,9
2009-12-31 23:00:00;1;2010;148,428;False;IPV723;1;-4,0
2010-03-31 22:00:00;1;2010;147,287;False;IPV723;2;-0,8
2010-06-30 22:00:00;1;2010;143,662;False;IPV723;3;-2,5
2010-09-30 22:00:00;1;2010;144,12;False;IPV723;4;0,3
2010-12-31 23:00:00;1;2011;141,392;False;IPV723;1;-1,9
2011-03-31 22:00:00;1;2011;137,64;False;IPV723;2;-2,7
2011-06-30 22:00:00;1;2011;138,682;False;IPV723;3;0,8
2011-09-30 22:00:00;1;2011;130,306;False;IPV723;4;-6,0
2011-12-31 23:00:00;1;2012;118,978;False;IPV723;1;-8,7
2012-03-31 22:00:00;1;2012;119,289;False;IPV723;2;0,3
2012-06-30 22:00:00;1;2012;119,658;False;IPV723;3;0,3
2012-09-30 22:00:00;1;2012;119,908;False;IPV723;4;0,2
2012-12-31 23:00:00;1;2013;109,608;False;IPV723;1;-8,6
2013-03-31 22:00:00;1;2013;104,842;False;IPV723;2;-4,3
2013-06-30 22:00:00;1;2013;106,551;False;IPV723;3;1,6
2013-09-30 22:00:00;1;2013;100,385;False;IPV723;4;-5,8
2013-12-31 23:00:00;1;2014;97,027;False;IPV723;1;-3,3
2014-03-31 22:00:00;1;2014;100,317;False;IPV723;2;3,4
2014-06-30 22:00:00;1;2014;99,789;False;IPV723;3;-0,5
2014-09-30 22:00:00;1;2014;95,957;False;IPV723;4;-3,8
2014-12-31 23:00:00;1;2015;99,003;False;IPV723;1;3,2
2015-03-31 22:00:00;1;2015;101,449;False;IPV723;2;2,5
2015-06-30 22:00:00;1;2015;99,178;False;IPV723;3;-2,2
2015-09-30 22:00:00;1;2015;100,371;False;IPV723;4;1,2
2015-12-31 23:00:00;1;2016;102,83;False;IPV723;1;2,4
2016-03-31 22:00:00;1;2016;104,28;False;IPV723;2;1,4
2016-06-30 22:00:00;1;2016;105,092;False;IPV723;3;0,8
2016-09-30 22:00:00;1;2016;102,874;False;IPV723;4;-2,1
2016-12-31 23:00:00;1;2017;105,438;False;IPV723;1;2,5
2017-03-31 22:00:00;1;2017;106,961;False;IPV723;2;1,4
2017-06-30 22:00:00;1;2017;107,144;False;IPV723;3;0,2
2017-09-30 22:00:00;1;2017;105,883;False;IPV723;4;-1,2
2017-12-31 23:00:00;1;2018;108,248;False;IPV723;1;2,2
2018-03-31 22:00:00;1;2018;109,813;False;IPV723;2;1,4
2018-06-30 22:00:00;1;2018;112,204;False;IPV723;3;2,2
2018-09-30 22:00:00;1;2018;114,826;False;IPV723;4;2,3
2018-12-31 23:00:00;1;2019;118,679;False;IPV723;1;3,4
2019-03-31 22:00:00;1;2019;117,866;False;IPV723;2;-0,7
2019-06-30 22:00:00;1;2019;117,895;False;IPV723;3;0,0
2019-09-30 22:00:00;1;2019;117,597;False;IPV723;4;-0,3
2019-12-31 23:00:00;1;2020;124,899;False;IPV723;1;6,2
2020-03-31 22:00:00;1;2020;120,556;False;IPV723;2;-3,5
2020-06-30 22:00:00;1;2020;127,251;False;IPV723;3;5,6
2020-09-30 22:00:00;1;2020;122,451;False;IPV723;4;-3,8
2020-12-31 23:00:00;1;2021;122,586;False;IPV723;1;0,1
2021-03-31 22:00:00;1;2021;123,094;False;IPV723;2;0,4
2021-06-30 22:00:00;1;2021;125,16;False;IPV723;3;1,7
2021-09-30 22:00:00;1;2021;125,628;False;IPV723;4;0,4
2021-12-31 23:00:00;1;2022;131,178;False;IPV723;1;4,4
2022-03-31 22:00:00;1;2022;129,768;False;IPV723;2;-1,1
2022-06-30 22:00:00;1;2022;133,551;False;IPV723;3;2,9
2022-09-30 22:00:00;1;2022;136,246;False;IPV723;4;2,0
2022-12-31 23:00:00;1;2023;142,913;False;IPV723;1;4,9
2023-03-31 22:00:00;1;2023;146,067;False;IPV723;2;2,2
2023-06-30 22:00:00;1;2023;151,806;False;IPV723;3;3,9
2023-09-30 22:00:00;1;2023;147,75;False;IPV723;4;-2,7
2023-12-31 23:00:00;1;2024;161,074;False;IPV723;1;9,0
2024-03-31 22:00:00;1;2024;167,359;False;IPV723;2;3,9
2024-06-30 22:00:00;1;2024;174,133;False;IPV723;3;4,0
2024-09-30 22:00:00;1;2024;172,467;False;IPV723;4;-1,0
2024-12-31 23:00:00;1;2025;182,097;False;IPV723;1;5,6
2025-03-31 22:00:00;1;2025;186,54;False;IPV723;2;2,4
2025-06-30 22:00:00;1;2025;189,402;False;IPV723;3;1,5
2025-09-30 22:00:00;1;2025;186,286;False;IPV723;4;-1,6
2006-12-31 23:00:00;1;2007;181,143;False;IPV724;1;0,0
2007-03-31 22:00:00;1;2007;182,933;False;IPV724;2;1,0
2007-06-30 22:00:00;1;2007;186,732;False;IPV724;3;2,1
2007-09-30 22:00:00;1;2007;182,983;False;IPV724;4;-2,0
2007-12-31 23:00:00;1;2008;182,831;False;IPV724;1;-0,1
2008-03-31 22:00:00;1;2008;184,034;False;IPV724;2;0,7
2008-06-30 22:00:00;1;2008;176,912;False;IPV724;3;-3,9
2008-09-30 22:00:00;1;2008;172,655;False;IPV724;4;-2,4
2008-12-31 23:00:00;1;2009;164,339;False;IPV724;1;-4,8
2009-03-31 22:00:00;1;2009;163,177;False;IPV724;2;-0,7
2009-06-30 22:00:00;1;2009;158,985;False;IPV724;3;-2,6
2009-09-30 22:00:00;1;2009;158,315;False;IPV724;4;-0,4
2009-12-31 23:00:00;1;2010;153,357;False;IPV724;1;-3,1
2010-03-31 22:00:00;1;2010;153,137;False;IPV724;2;-0,1
2010-06-30 22:00:00;1;2010;148,684;False;IPV724;3;-2,9
2010-09-30 22:00:00;1;2010;149,052;False;IPV724;4;0,2
2010-12-31 23:00:00;1;2011;143,602;False;IPV724;1;-3,7
2011-03-31 22:00:00;1;2011;141,497;False;IPV724;2;-1,5
2011-06-30 22:00:00;1;2011;139,95;False;IPV724;3;-1,1
2011-09-30 22:00:00;1;2011;132,802;False;IPV724;4;-5,1
2011-12-31 23:00:00;1;2012;121,204;False;IPV724;1;-8,7
2012-03-31 22:00:00;1;2012;121,039;False;IPV724;2;-0,1
2012-06-30 22:00:00;1;2012;119,193;False;IPV724;3;-1,5
2012-09-30 22:00:00;1;2012;118,174;False;IPV724;4;-0,9
2012-12-31 23:00:00;1;2013;108,802;False;IPV724;1;-7,9
2013-03-31 22:00:00;1;2013;107,584;False;IPV724;2;-1,1
2013-06-30 22:00:00;1;2013;106,145;False;IPV724;3;-1,3
2013-09-30 22:00:00;1;2013;102,609;False;IPV724;4;-3,3
2013-12-31 23:00:00;1;2014;99,403;False;IPV724;1;-3,1
2014-03-31 22:00:00;1;2014;101,062;False;IPV724;2;1,7
2014-06-30 22:00:00;1;2014;98,773;False;IPV724;3;-2,3
2014-09-30 22:00:00;1;2014;98,341;False;IPV724;4;-0,4
2014-12-31 23:00:00;1;2015;98,531;False;IPV724;1;0,2
2015-03-31 22:00:00;1;2015;101,241;False;IPV724;2;2,8
2015-06-30 22:00:00;1;2015;100,146;False;IPV724;3;-1,1
2015-09-30 22:00:00;1;2015;100,082;False;IPV724;4;-0,1
2015-12-31 23:00:00;1;2016;100,992;False;IPV724;1;0,9
2016-03-31 22:00:00;1;2016;101,38;False;IPV724;2;0,4
2016-06-30 22:00:00;1;2016;102,319;False;IPV724;3;0,9
2016-09-30 22:00:00;1;2016;102,015;False;IPV724;4;-0,3
2016-12-31 23:00:00;1;2017;102,962;False;IPV724;1;0,9
2017-03-31 22:00:00;1;2017;104,063;False;IPV724;2;1,1
2017-06-30 22:00:00;1;2017;104,517;False;IPV724;3;0,4
2017-09-30 22:00:00;1;2017;104,199;False;IPV724;4;-0,3
2017-12-31 23:00:00;1;2018;105,165;False;IPV724;1;0,9
2018-03-31 22:00:00;1;2018;107,657;False;IPV724;2;2,4
2018-06-30 22:00:00;1;2018;109,013;False;IPV724;3;1,3
2018-09-30 22:00:00;1;2018;108,393;False;IPV724;4;-0,6
2018-12-31 23:00:00;1;2019;110,358;False;IPV724;1;1,8
2019-03-31 22:00:00;1;2019;111,85;False;IPV724;2;1,4
2019-06-30 22:00:00;1;2019;112,359;False;IPV724;3;0,5
2019-09-30 22:00:00;1;2019;111,887;False;IPV724;4;-0,4
2019-12-31 23:00:00;1;2020;113,909;False;IPV724;1;1,8
2020-03-31 22:00:00;1;2020;113,207;False;IPV724;2;-0,6
2020-06-30 22:00:00;1;2020;114,308;False;IPV724;3;1,0
2020-09-30 22:00:00;1;2020;112,541;False;IPV724;4;-1,5
2020-12-31 23:00:00;1;2021;114,172;False;IPV724;1;1,4
2021-03-31 22:00:00;1;2021;116,122;False;IPV724;2;1,7
2021-06-30 22:00:00;1;2021;118,054;False;IPV724;3;1,7
2021-09-30 22:00:00;1;2021;118,408;False;IPV724;4;0,3
2021-12-31 23:00:00;1;2022;123,026;False;IPV724;1;3,9
2022-03-31 22:00:00;1;2022;124,561;False;IPV724;2;1,2
2022-06-30 22:00:00;1;2022;126,074;False;IPV724;3;1,2
2022-09-30 22:00:00;1;2022;126,95;False;IPV724;4;0,7
2022-12-31 23:00:00;1;2023;130,11;False;IPV724;1;2,5
2023-03-31 22:00:00;1;2023;131,585;False;IPV724;2;1,1
2023-06-30 22:00:00;1;2023;135,687;False;IPV724;3;3,1
2023-09-30 22:00:00;1;2023;132,884;False;IPV724;4;-2,1
2023-12-31 23:00:00;1;2024;140,034;False;IPV724;1;5,4
2024-03-31 22:00:00;1;2024;145,143;False;IPV724;2;3,6
2024-06-30 22:00:00;1;2024;150,225;False;IPV724;3;3,5
2024-09-30 22:00:00;1;2024;150,034;False;IPV724;4;-0,1
2024-12-31 23:00:00;1;2025;156,05;False;IPV724;1;4,0
2025-03-31 22:00:00;1;2025;162,614;False;IPV724;2;4,2
2025-06-30 22:00:00;1;2025;166,609;False;IPV724;3;2,5
2025-09-30 22:00:00;1;2025;167,127;False;IPV724;4;0,3
2006-12-31 23:00:00;1;2007;144,171;False;IPV725;1;0,0
2007-03-31 22:00:00;1;2007;150,055;False;IPV725;2;4,1
2007-06-30 22:00:00;1;2007;152,981;False;IPV725;3;1,9
2007-09-30 22:00:00;1;2007;153,024;False;IPV725;4;0,0
2007-12-31 23:00:00;1;2008;153,188;False;IPV725;1;0,1
2008-03-31 22:00:00;1;2008;151,475;False;IPV725;2;-1,1
2008-06-30 22:00:00;1;2008;148,499;False;IPV725;3;-2,0
2008-09-30 22:00:00;1;2008;144,613;False;IPV725;4;-2,6
2008-12-31 23:00:00;1;2009;143,114;False;IPV725;1;-1,0
2009-03-31 22:00:00;1;2009;143,143;False;IPV725;2;0,0
2009-06-30 22:00:00;1;2009;143,631;False;IPV725;3;0,3
2009-09-30 22:00:00;1;2009;144,048;False;IPV725;4;0,3
2009-12-31 23:00:00;1;2010;143,067;False;IPV725;1;-0,7
2010-03-31 22:00:00;1;2010;145,075;False;IPV725;2;1,4
2010-06-30 22:00:00;1;2010;141,4;False;IPV725;3;-2,5
2010-09-30 22:00:00;1;2010;142,938;False;IPV725;4;1,1
2010-12-31 23:00:00;1;2011;136,935;False;IPV725;1;-4,2
2011-03-31 22:00:00;1;2011;134,619;False;IPV725;2;-1,7
2011-06-30 22:00:00;1;2011;132,074;False;IPV725;3;-1,9
2011-09-30 22:00:00;1;2011;125,838;False;IPV725;4;-4,7
2011-12-31 23:00:00;1;2012;118,964;False;IPV725;1;-5,5
2012-03-31 22:00:00;1;2012;116,416;False;IPV725;2;-2,1
2012-06-30 22:00:00;1;2012;113,365;False;IPV725;3;-2,6
2012-09-30 22:00:00;1;2012;109,448;False;IPV725;4;-3,5
2012-12-31 23:00:00;1;2013;99,276;False;IPV725;1;-9,3
2013-03-31 22:00:00;1;2013;97,66;False;IPV725;2;-1,6
2013-06-30 22:00:00;1;2013;97,421;False;IPV725;3;-0,2
2013-09-30 22:00:00;1;2013;96,257;False;IPV725;4;-1,2
2013-12-31 23:00:00;1;2014;96,61;False;IPV725;1;0,4
2014-03-31 22:00:00;1;2014;99,468;False;IPV725;2;3,0
2014-06-30 22:00:00;1;2014;99,813;False;IPV725;3;0,3
2014-09-30 22:00:00;1;2014;98,961;False;IPV725;4;-0,9
2014-12-31 23:00:00;1;2015;97,574;False;IPV725;1;-1,4
2015-03-31 22:00:00;1;2015;100,969;False;IPV725;2;3,5
2015-06-30 22:00:00;1;2015;101,271;False;IPV725;3;0,3
2015-09-30 22:00:00;1;2015;100,186;False;IPV725;4;-1,1
2015-12-31 23:00:00;1;2016;99,948;False;IPV725;1;-0,2
2016-03-31 22:00:00;1;2016;101,004;False;IPV725;2;1,1
2016-06-30 22:00:00;1;2016;101,021;False;IPV725;3;0,0
2016-09-30 22:00:00;1;2016;100,299;False;IPV725;4;-0,7
2016-12-31 23:00:00;1;2017;100,333;False;IPV725;1;0,0
2017-03-31 22:00:00;1;2017;101,433;False;IPV725;2;1,1
2017-06-30 22:00:00;1;2017;102,602;False;IPV725;3;1,2
2017-09-30 22:00:00;1;2017;101,996;False;IPV725;4;-0,6
2017-12-31 23:00:00;1;2018;102,866;False;IPV725;1;0,9
2018-03-31 22:00:00;1;2018;103,829;False;IPV725;2;0,9
2018-06-30 22:00:00;1;2018;106,032;False;IPV725;3;2,1
2018-09-30 22:00:00;1;2018;106,076;False;IPV725;4;0,0
2018-12-31 23:00:00;1;2019;106,806;False;IPV725;1;0,7
2019-03-31 22:00:00;1;2019;108,773;False;IPV725;2;1,8
2019-06-30 22:00:00;1;2019;109,634;False;IPV725;3;0,8
2019-09-30 22:00:00;1;2019;110,303;False;IPV725;4;0,6
2019-12-31 23:00:00;1;2020;110,182;False;IPV725;1;-0,1
2020-03-31 22:00:00;1;2020;111,587;False;IPV725;2;1,3
2020-06-30 22:00:00;1;2020;111,904;False;IPV725;3;0,3
2020-09-30 22:00:00;1;2020;112,959;False;IPV725;4;0,9
2020-12-31 23:00:00;1;2021;113,455;False;IPV725;1;0,4
2021-03-31 22:00:00;1;2021;116,09;False;IPV725;2;2,3
2021-06-30 22:00:00;1;2021;119,062;False;IPV725;3;2,6
2021-09-30 22:00:00;1;2021;120,332;False;IPV725;4;1,1
2021-12-31 23:00:00;1;2022;124,154;False;IPV725;1;3,2
2022-03-31 22:00:00;1;2022;126,896;False;IPV725;2;2,2
2022-06-30 22:00:00;1;2022;127,855;False;IPV725;3;0,8
2022-09-30 22:00:00;1;2022;125,728;False;IPV725;4;-1,7
2022-12-31 23:00:00;1;2023;125,563;False;IPV725;1;-0,1
2023-03-31 22:00:00;1;2023;128,024;False;IPV725;2;2,0
2023-06-30 22:00:00;1;2023;129,994;False;IPV725;3;1,5
2023-09-30 22:00:00;1;2023;130,424;False;IPV725;4;0,3
2023-12-31 23:00:00;1;2024;132,189;False;IPV725;1;1,4
2024-03-31 22:00:00;1;2024;137,577;False;IPV725;2;4,1
2024-06-30 22:00:00;1;2024;141,987;False;IPV725;3;3,2
2024-09-30 22:00:00;1;2024;145,469;False;IPV725;4;2,5
2024-12-31 23:00:00;1;2025;150,149;False;IPV725;1;3,2
2025-03-31 22:00:00;1;2025;158,133;False;IPV725;2;5,3
2025-06-30 22:00:00;1;2025;163,794;False;IPV725;3;3,6
2025-09-30 22:00:00;1;2025;166,815;False;IPV725;4;1,8
2006-12-31 23:00:00;1;2007;122,384;False;IPV726;1;0,0
2007-03-31 22:00:00;1;2007;126,329;False;IPV726;2;3,2
2007-06-30 22:00:00;1;2007;130,257;False;IPV726;3;3,1
2007-09-30 22:00:00;1;2007;134,51;False;IPV726;4;3,3
2007-12-31 23:00:00;1;2008;135,057;False;IPV726;1;0,4
2008-03-31 22:00:00;1;2008;135,771;False;IPV726;2;0,5
2008-06-30 22:00:00;1;2008;138,26;False;IPV726;3;1,8
2008-09-30 22:00:00;1;2008;138,187;False;IPV726;4;-0,1
2008-12-31 23:00:00;1;2009;137,76;False;IPV726;1;-0,3
2009-03-31 22:00:00;1;2009;138,08;False;IPV726;2;0,2
2009-06-30 22:00:00;1;2009;138,658;False;IPV726;3;0,4
2009-09-30 22:00:00;1;2009;138,362;False;IPV726;4;-0,2
2009-12-31 23:00:00;1;2010;135,725;False;IPV726;1;-1,9
2010-03-31 22:00:00;1;2010;138,792;False;IPV726;2;2,3
2010-06-30 22:00:00;1;2010;137,129;False;IPV726;3;-1,2
2010-09-30 22:00:00;1;2010;133,899;False;IPV726;4;-2,4
2010-12-31 23:00:00;1;2011;133,625;False;IPV726;1;-0,2
2011-03-31 22:00:00;1;2011;132,865;False;IPV726;2;-0,6
2011-06-30 22:00:00;1;2011;130,504;False;IPV726;3;-1,8
2011-09-30 22:00:00;1;2011;127,117;False;IPV726;4;-2,6
2011-12-31 23:00:00;1;2012;121,391;False;IPV726;1;-4,5
2012-03-31 22:00:00;1;2012;119,058;False;IPV726;2;-1,9
2012-06-30 22:00:00;1;2012;117,988;False;IPV726;3;-0,9
2012-09-30 22:00:00;1;2012;113,791;False;IPV726;4;-3,6
2012-12-31 23:00:00;1;2013;102,928;False;IPV726;1;-9,5
2013-03-31 22:00:00;1;2013;97,161;False;IPV726;2;-5,6
2013-06-30 22:00:00;1;2013;98,186;False;IPV726;3;1,1
2013-09-30 22:00:00;1;2013;94,475;False;IPV726;4;-3,8
2013-12-31 23:00:00;1;2014;95,374;False;IPV726;1;1,0
2014-03-31 22:00:00;1;2014;96,491;False;IPV726;2;1,2
2014-06-30 22:00:00;1;2014;97,673;False;IPV726;3;1,2
2014-09-30 22:00:00;1;2014;96,767;False;IPV726;4;-0,9
2014-12-31 23:00:00;1;2015;97,746;False;IPV726;1;1,0
2015-03-31 22:00:00;1;2015;100,098;False;IPV726;2;2,4
2015-06-30 22:00:00;1;2015;100,915;False;IPV726;3;0,8
2015-09-30 22:00:00;1;2015;101,242;False;IPV726;4;0,3
2015-12-31 23:00:00;1;2016;102,969;False;IPV726;1;1,7
2016-03-31 22:00:00;1;2016;109,076;False;IPV726;2;5,9
2016-06-30 22:00:00;1;2016;107,13;False;IPV726;3;-1,8
2016-09-30 22:00:00;1;2016;105,402;False;IPV726;4;-1,6
2016-12-31 23:00:00;1;2017;107,184;False;IPV726;1;1,7
2017-03-31 22:00:00;1;2017;108,716;False;IPV726;2;1,4
2017-06-30 22:00:00;1;2017;110,661;False;IPV726;3;1,8
2017-09-30 22:00:00;1;2017;108,465;False;IPV726;4;-2,0
2017-12-31 23:00:00;1;2018;111,502;False;IPV726;1;2,8
2018-03-31 22:00:00;1;2018;113,399;False;IPV726;2;1,7
2018-06-30 22:00:00;1;2018;118,974;False;IPV726;3;4,9
2018-09-30 22:00:00;1;2018;116,677;False;IPV726;4;-1,9
2018-12-31 23:00:00;1;2019;121,474;False;IPV726;1;4,1
2019-03-31 22:00:00;1;2019;125,967;False;IPV726;2;3,7
2019-06-30 22:00:00;1;2019;126,011;False;IPV726;3;0,0
2019-09-30 22:00:00;1;2019;127,612;False;IPV726;4;1,3
2019-12-31 23:00:00;1;2020;127,081;False;IPV726;1;-0,4
2020-03-31 22:00:00;1;2020;132,253;False;IPV726;2;4,1
2020-06-30 22:00:00;1;2020;138,89;False;IPV726;3;5,0
2020-09-30 22:00:00;1;2020;137,4;False;IPV726;4;-1,1
2020-12-31 23:00:00;1;2021;136,227;False;IPV726;1;-0,9
2021-03-31 22:00:00;1;2021;141,186;False;IPV726;2;3,6
2021-06-30 22:00:00;1;2021;146,555;False;IPV726;3;3,8
2021-09-30 22:00:00;1;2021;147,422;False;IPV726;4;0,6
2021-12-31 23:00:00;1;2022;149,674;False;IPV726;1;1,5
2022-03-31 22:00:00;1;2022;154,729;False;IPV726;2;3,4
2022-06-30 22:00:00;1;2022;153,549;False;IPV726;3;-0,8
2022-09-30 22:00:00;1;2022;157,926;False;IPV726;4;2,9
2022-12-31 23:00:00;1;2023;158,58;False;IPV726;1;0,4
2023-03-31 22:00:00;1;2023;162,88;False;IPV726;2;2,7
2023-06-30 22:00:00;1;2023;163,918;False;IPV726;3;0,6
2023-09-30 22:00:00;1;2023;165,316;False;IPV726;4;0,9
2023-12-31 23:00:00;1;2024;172,668;False;IPV726;1;4,4
2024-03-31 22:00:00;1;2024;175,354;False;IPV726;2;1,6
2024-06-30 22:00:00;1;2024;176,335;False;IPV726;3;0,6
2024-09-30 22:00:00;1;2024;185,959;False;IPV726;4;5,5
2024-12-31 23:00:00;1;2025;191,756;False;IPV726;1;3,1
2025-03-31 22:00:00;1;2025;196,314;False;IPV726;2;2,4
2025-06-30 22:00:00;1;2025;198,138;False;IPV726;3;0,9
2025-09-30 22:00:00;1;2025;208,906;False;IPV726;4;5,4
2006-12-31 23:00:00;1;2007;129,674;False;IPV727;1;0,0
2007-03-31 22:00:00;1;2007;134,346;False;IPV727;2;3,6
2007-06-30 22:00:00;1;2007;137,832;False;IPV727;3;2,6
2007-09-30 22:00:00;1;2007;140,362;False;IPV727;4;1,8
2007-12-31 23:00:00;1;2008;140,751;False;IPV727;1;0,3
2008-03-31 22:00:00;1;2008;140,492;False;IPV727;2;-0,2
2008-06-30 22:00:00;1;2008;140,779;False;IPV727;3;0,2
2008-09-30 22:00:00;1;2008;139,19;False;IPV727;4;-1,1
2008-12-31 23:00:00;1;2009;138,454;False;IPV727;1;-0,5
2009-03-31 22:00:00;1;2009;138,688;False;IPV727;2;0,2
2009-06-30 22:00:00;1;2009;139,236;False;IPV727;3;0,4
2009-09-30 22:00:00;1;2009;139,149;False;IPV727;4;-0,1
2009-12-31 23:00:00;1;2010;136,937;False;IPV727;1;-1,6
2010-03-31 22:00:00;1;2010;139,726;False;IPV727;2;2,0
2010-06-30 22:00:00;1;2010;137,569;False;IPV727;3;-1,5
2010-09-30 22:00:00;1;2010;135,542;False;IPV727;4;-1,5
2010-12-31 23:00:00;1;2011;133,638;False;IPV727;1;-1,4
2011-03-31 22:00:00;1;2011;132,44;False;IPV727;2;-0,9
2011-06-30 22:00:00;1;2011;130,042;False;IPV727;3;-1,8
2011-09-30 22:00:00;1;2011;125,867;False;IPV727;4;-3,2
2011-12-31 23:00:00;1;2012;119,693;False;IPV727;1;-4,9
2012-03-31 22:00:00;1;2012;117,283;False;IPV727;2;-2,0
2012-06-30 22:00:00;1;2012;115,391;False;IPV727;3;-1,6
2012-09-30 22:00:00;1;2012;111,335;False;IPV727;4;-3,5
2012-12-31 23:00:00;1;2013;100,888;False;IPV727;1;-9,4
2013-03-31 22:00:00;1;2013;97,829;False;IPV727;2;-3,0
2013-06-30 22:00:00;1;2013;98,027;False;IPV727;3;0,2
2013-09-30 22:00:00;1;2013;95,977;False;IPV727;4;-2,1
2013-12-31 23:00:00;1;2014;96,438;False;IPV727;1;0,5
2014-03-31 22:00:00;1;2014;98,955;False;IPV727;2;2,6
2014-06-30 22:00:00;1;2014;99,465;False;IPV727;3;0,5
2014-09-30 22:00:00;1;2014;98,602;False;IPV727;4;-0,9
2014-12-31 23:00:00;1;2015;97,602;False;IPV727;1;-1,0
2015-03-31 22:00:00;1;2015;100,826;False;IPV727;2;3,3
2015-06-30 22:00:00;1;2015;101,213;False;IPV727;3;0,4
2015-09-30 22:00:00;1;2015;100,359;False;IPV727;4;-0,8
2015-12-31 23:00:00;1;2016;100,406;False;IPV727;1;0,0
2016-03-31 22:00:00;1;2016;102,195;False;IPV727;2;1,8
2016-06-30 22:00:00;1;2016;101,927;False;IPV727;3;-0,3
2016-09-30 22:00:00;1;2016;101,059;False;IPV727;4;-0,9
2016-12-31 23:00:00;1;2017;101,313;False;IPV727;1;0,3
2017-03-31 22:00:00;1;2017;102,469;False;IPV727;2;1,1
2017-06-30 22:00:00;1;2017;103,736;False;IPV727;3;1,2
2017-09-30 22:00:00;1;2017;102,93;False;IPV727;4;-0,8
2017-12-31 23:00:00;1;2018;104,075;False;IPV727;1;1,1
2018-03-31 22:00:00;1;2018;105,157;False;IPV727;2;1,0
2018-06-30 22:00:00;1;2018;107,79;False;IPV727;3;2,5
2018-09-30 22:00:00;1;2018;107,538;False;IPV727;4;-0,2
2018-12-31 23:00:00;1;2019;108,708;False;IPV727;1;1,1
2019-03-31 22:00:00;1;2019;110,954;False;IPV727;2;2,1
2019-06-30 22:00:00;1;2019;111,729;False;IPV727;3;0,7
2019-09-30 22:00:00;1;2019;112,501;False;IPV727;4;0,7
2019-12-31 23:00:00;1;2020;112,336;False;IPV727;1;-0,1
2020-03-31 22:00:00;1;2020;114,141;False;IPV727;2;1,6
2020-06-30 22:00:00;1;2020;115,122;False;IPV727;3;0,9
2020-09-30 22:00:00;1;2020;115,914;False;IPV727;4;0,7
2020-12-31 23:00:00;1;2021;116,235;False;IPV727;1;0,3
2021-03-31 22:00:00;1;2021;119,124;False;IPV727;2;2,5
2021-06-30 22:00:00;1;2021;122,36;False;IPV727;3;2,7
2021-09-30 22:00:00;1;2021;123,591;False;IPV727;4;1,0
2021-12-31 23:00:00;1;2022;127,267;False;IPV727;1;3,0
2022-03-31 22:00:00;1;2022;130,258;False;IPV727;2;2,4
2022-06-30 22:00:00;1;2022;131,001;False;IPV727;3;0,6
2022-09-30 22:00:00;1;2022;129,533;False;IPV727;4;-1,1
2022-12-31 23:00:00;1;2023;129,441;False;IPV727;1;-0,1
2023-03-31 22:00:00;1;2023;132,087;False;IPV727;2;2,0
2023-06-30 22:00:00;1;2023;133,986;False;IPV727;3;1,4
2023-09-30 22:00:00;1;2023;134,506;False;IPV727;4;0,4
2023-12-31 23:00:00;1;2024;136,839;False;IPV727;1;1,7
2024-03-31 22:00:00;1;2024;141,981;False;IPV727;2;3,8
2024-06-30 22:00:00;1;2024;146,067;False;IPV727;3;2,9
2024-09-30 22:00:00;1;2024;150,18;False;IPV727;4;2,8
2024-12-31 23:00:00;1;2025;154,993;False;IPV727;1;3,2
2025-03-31 22:00:00;1;2025;162,666;False;IPV727;2;5,0
2025-06-30 22:00:00;1;2025;167,963;False;IPV727;3;3,3
2025-09-30 22:00:00;1;2025;171,78;False;IPV727;4;2,3
2006-12-31 23:00:00;1;2007;173,178;False;IPV728;1;0,0
2007-03-31 22:00:00;1;2007;176,444;False;IPV728;2;1,9
2007-06-30 22:00:00;1;2007;175,356;False;IPV728;3;-0,6
2007-09-30 22:00:00;1;2007;166,07;False;IPV728;4;-5,3
2007-12-31 23:00:00;1;2008;162,479;False;IPV728;1;-2,2
2008-03-31 22:00:00;1;2008;160,801;False;IPV728;2;-1,0
2008-06-30 22:00:00;1;2008;153,896;False;IPV728;3;-4,3
2008-09-30 22:00:00;1;2008;144,646;False;IPV728;4;-6,0
2008-12-31 23:00:00;1;2009;142,337;False;IPV728;1;-1,6
2009-03-31 22:00:00;1;2009;140,319;False;IPV728;2;-1,4
2009-06-30 22:00:00;1;2009;140,845;False;IPV728;3;0,4
2009-09-30 22:00:00;1;2009;140,506;False;IPV728;4;-0,2
2009-12-31 23:00:00;1;2010;140,386;False;IPV728;1;-0,1
2010-03-31 22:00:00;1;2010;142,822;False;IPV728;2;1,7
2010-06-30 22:00:00;1;2010;139,394;False;IPV728;3;-2,4
2010-09-30 22:00:00;1;2010;140,055;False;IPV728;4;0,5
2010-12-31 23:00:00;1;2011;131,195;False;IPV728;1;-6,3
2011-03-31 22:00:00;1;2011;129,691;False;IPV728;2;-1,1
2011-06-30 22:00:00;1;2011;125,234;False;IPV728;3;-3,4
2011-09-30 22:00:00;1;2011;116,476;False;IPV728;4;-7,0
2011-12-31 23:00:00;1;2012;112,883;False;IPV728;1;-3,1
2012-03-31 22:00:00;1;2012;107,677;False;IPV728;2;-4,6
2012-06-30 22:00:00;1;2012;102,043;False;IPV728;3;-5,2
2012-09-30 22:00:00;1;2012;99,568;False;IPV728;4;-2,4
2012-12-31 23:00:00;1;2013;92,951;False;IPV728;1;-6,6
2013-03-31 22:00:00;1;2013;94,234;False;IPV728;2;1,4
2013-06-30 22:00:00;1;2013;93,283;False;IPV728;3;-1,0
2013-09-30 22:00:00;1;2013;92,269;False;IPV728;4;-1,1
2013-12-31 23:00:00;1;2014;93,488;False;IPV728;1;1,3
2014-03-31 22:00:00;1;2014;95,152;False;IPV728;2;1,8
2014-06-30 22:00:00;1;2014;95,495;False;IPV728;3;0,4
2014-09-30 22:00:00;1;2014;95,022;False;IPV728;4;-0,5
2014-12-31 23:00:00;1;2015;95,317;False;IPV728;1;0,3
2015-03-31 22:00:00;1;2015;100,745;False;IPV728;2;5,7
2015-06-30 22:00:00;1;2015;101,854;False;IPV728;3;1,1
2015-09-30 22:00:00;1;2015;102,084;False;IPV728;4;0,2
2015-12-31 23:00:00;1;2016;104,772;False;IPV728;1;2,6
2016-03-31 22:00:00;1;2016;107,835;False;IPV728;2;2,9
2016-06-30 22:00:00;1;2016;109,619;False;IPV728;3;1,7
2016-09-30 22:00:00;1;2016;111,732;False;IPV728;4;1,9
2016-12-31 23:00:00;1;2017;116,348;False;IPV728;1;4,1
2017-03-31 22:00:00;1;2017;120,125;False;IPV728;2;3,2
2017-06-30 22:00:00;1;2017;123,449;False;IPV728;3;2,8
2017-09-30 22:00:00;1;2017;125,31;False;IPV728;4;1,5
2017-12-31 23:00:00;1;2018;129,098;False;IPV728;1;3,0
2018-03-31 22:00:00;1;2018;133,216;False;IPV728;2;3,2
2018-06-30 22:00:00;1;2018;137,981;False;IPV728;3;3,6
2018-09-30 22:00:00;1;2018;137,875;False;IPV728;4;-0,1
2018-12-31 23:00:00;1;2019;140,681;False;IPV728;1;2,0
2019-03-31 22:00:00;1;2019;141,796;False;IPV728;2;0,8
2019-06-30 22:00:00;1;2019;144,039;False;IPV728;3;1,6
2019-09-30 22:00:00;1;2019;141,34;False;IPV728;4;-1,9
2019-12-31 23:00:00;1;2020;142,97;False;IPV728;1;1,2
2020-03-31 22:00:00;1;2020;143,73;False;IPV728;2;0,5
2020-06-30 22:00:00;1;2020;144,303;False;IPV728;3;0,4
2020-09-30 22:00:00;1;2020;140,735;False;IPV728;4;-2,5
2020-12-31 23:00:00;1;2021;142,555;False;IPV728;1;1,3
2021-03-31 22:00:00;1;2021;144,902;False;IPV728;2;1,6
2021-06-30 22:00:00;1;2021;147,354;False;IPV728;3;1,7
2021-09-30 22:00:00;1;2021;148,062;False;IPV728;4;0,5
2021-12-31 23:00:00;1;2022;151,963;False;IPV728;1;2,6
2022-03-31 22:00:00;1;2022;154,725;False;IPV728;2;1,8
2022-06-30 22:00:00;1;2022;159,059;False;IPV728;3;2,8
2022-09-30 22:00:00;1;2022;155,783;False;IPV728;4;-2,1
2022-12-31 23:00:00;1;2023;156,546;False;IPV728;1;0,5
2023-03-31 22:00:00;1;2023;159,591;False;IPV728;2;1,9
2023-06-30 22:00:00;1;2023;162,422;False;IPV728;3;1,8
2023-09-30 22:00:00;1;2023;160,651;False;IPV728;4;-1,1
2023-12-31 23:00:00;1;2024;164,04;False;IPV728;1;2,1
2024-03-31 22:00:00;1;2024;169,653;False;IPV728;2;3,4
2024-06-30 22:00:00;1;2024;174,011;False;IPV728;3;2,6
2024-09-30 22:00:00;1;2024;177,672;False;IPV728;4;2,1
2024-12-31 23:00:00;1;2025;183,147;False;IPV728;1;3,1
2025-03-31 22:00:00;1;2025;192,326;False;IPV728;2;5,0
2025-06-30 22:00:00;1;2025;199,911;False;IPV728;3;3,9
2025-09-30 22:00:00;1;2025;203,494;False;IPV728;4;1,8
2006-12-31 23:00:00;1;2007;134,409;False;IPV729;1;0,0
2007-03-31 22:00:00;1;2007;137,926;False;IPV729;2;2,6
2007-06-30 22:00:00;1;2007;140,333;False;IPV729;3;1,7
2007-09-30 22:00:00;1;2007;136,586;False;IPV729;4;-2,7
2007-12-31 23:00:00;1;2008;137,194;False;IPV729;1;0,4
2008-03-31 22:00:00;1;2008;139,228;False;IPV729;2;1,5
2008-06-30 22:00:00;1;2008;140,485;False;IPV729;3;0,9
2008-09-30 22:00:00;1;2008;134,171;False;IPV729;4;-4,5
2008-12-31 23:00:00;1;2009;124,24;False;IPV729;1;-7,4
2009-03-31 22:00:00;1;2009;122,818;False;IPV729;2;-1,1
2009-06-30 22:00:00;1;2009;121,099;False;IPV729;3;-1,4
2009-09-30 22:00:00;1;2009;119,772;False;IPV729;4;-1,1
2009-12-31 23:00:00;1;2010;120,073;False;IPV729;1;0,3
2010-03-31 22:00:00;1;2010;124,039;False;IPV729;2;3,3
2010-06-30 22:00:00;1;2010;125,412;False;IPV729;3;1,1
2010-09-30 22:00:00;1;2010;125,094;False;IPV729;4;-0,3
2010-12-31 23:00:00;1;2011;123,069;False;IPV729;1;-1,6
2011-03-31 22:00:00;1;2011;119,345;False;IPV729;2;-3,0
2011-06-30 22:00:00;1;2011;117,247;False;IPV729;3;-1,8
2011-09-30 22:00:00;1;2011;107,976;False;IPV729;4;-7,9
2011-12-31 23:00:00;1;2012;105,003;False;IPV729;1;-2,8
2012-03-31 22:00:00;1;2012;102,578;False;IPV729;2;-2,3
2012-06-30 22:00:00;1;2012;97,946;False;IPV729;3;-4,5
2012-09-30 22:00:00;1;2012;97,196;False;IPV729;4;-0,8
2012-12-31 23:00:00;1;2013;88,987;False;IPV729;1;-8,4
2013-03-31 22:00:00;1;2013;86,079;False;IPV729;2;-3,3
2013-06-30 22:00:00;1;2013;90,621;False;IPV729;3;5,3
2013-09-30 22:00:00;1;2013;93,383;False;IPV729;4;3,0
2013-12-31 23:00:00;1;2014;93,926;False;IPV729;1;0,6
2014-03-31 22:00:00;1;2014;91,507;False;IPV729;2;-2,6
2014-06-30 22:00:00;1;2014;93,223;False;IPV729;3;1,9
2014-09-30 22:00:00;1;2014;95,714;False;IPV729;4;2,7
2014-12-31 23:00:00;1;2015;98,143;False;IPV729;1;2,5
2015-03-31 22:00:00;1;2015;99,203;False;IPV729;2;1,1
2015-06-30 22:00:00;1;2015;100,622;False;IPV729;3;1,4
2015-09-30 22:00:00;1;2015;102,032;False;IPV729;4;1,4
2015-12-31 23:00:00;1;2016;106,516;False;IPV729;1;4,4
2016-03-31 22:00:00;1;2016;111,252;False;IPV729;2;4,4
2016-06-30 22:00:00;1;2016;109,683;False;IPV729;3;-1,4
2016-09-30 22:00:00;1;2016;108,611;False;IPV729;4;-1,0
2016-12-31 23:00:00;1;2017;115,158;False;IPV729;1;6,0
2017-03-31 22:00:00;1;2017;119,706;False;IPV729;2;3,9
2017-06-30 22:00:00;1;2017;121,365;False;IPV729;3;1,4
2017-09-30 22:00:00;1;2017;120,128;False;IPV729;4;-1,0
2017-12-31 23:00:00;1;2018;121,981;False;IPV729;1;1,5
2018-03-31 22:00:00;1;2018;126,865;False;IPV729;2;4,0
2018-06-30 22:00:00;1;2018;128,951;False;IPV729;3;1,6
2018-09-30 22:00:00;1;2018;128,818;False;IPV729;4;-0,1
2018-12-31 23:00:00;1;2019;138,27;False;IPV729;1;7,3
2019-03-31 22:00:00;1;2019;135,043;False;IPV729;2;-2,3
2019-06-30 22:00:00;1;2019;136,276;False;IPV729;3;0,9
2019-09-30 22:00:00;1;2019;135,334;False;IPV729;4;-0,7
2019-12-31 23:00:00;1;2020;146,837;False;IPV729;1;8,5
2020-03-31 22:00:00;1;2020;139,125;False;IPV729;2;-5,3
2020-06-30 22:00:00;1;2020;144,433;False;IPV729;3;3,8
2020-09-30 22:00:00;1;2020;148,875;False;IPV729;4;3,1
2020-12-31 23:00:00;1;2021;148,812;False;IPV729;1;0,0
2021-03-31 22:00:00;1;2021;149,29;False;IPV729;2;0,3
2021-06-30 22:00:00;1;2021;153,498;False;IPV729;3;2,8
2021-09-30 22:00:00;1;2021;158,308;False;IPV729;4;3,1
2021-12-31 23:00:00;1;2022;164,036;False;IPV729;1;3,6
2022-03-31 22:00:00;1;2022;162,622;False;IPV729;2;-0,9
2022-06-30 22:00:00;1;2022;163,639;False;IPV729;3;0,6
2022-09-30 22:00:00;1;2022;164,81;False;IPV729;4;0,7
2022-12-31 23:00:00;1;2023;170,055;False;IPV729;1;3,2
2023-03-31 22:00:00;1;2023;175,096;False;IPV729;2;3,0
2023-06-30 22:00:00;1;2023;182,663;False;IPV729;3;4,3
2023-09-30 22:00:00;1;2023;180,926;False;IPV729;4;-1,0
2023-12-31 23:00:00;1;2024;187,769;False;IPV729;1;3,8
2024-03-31 22:00:00;1;2024;194,044;False;IPV729;2;3,3
2024-06-30 22:00:00;1;2024;196,732;False;IPV729;3;1,4
2024-09-30 22:00:00;1;2024;197,306;False;IPV729;4;0,3
2024-12-31 23:00:00;1;2025;210,738;False;IPV729;1;6,8
2025-03-31 22:00:00;1;2025;219,947;False;IPV729;2;4,4
2025-06-30 22:00:00;1;2025;217,998;False;IPV729;3;-0,9
2025-09-30 22:00:00;1;2025;221,544;False;IPV729;4;1,6
2006-12-31 23:00:00;1;2007;157,226;False;IPV730;1;0,0
2007-03-31 22:00:00;1;2007;160,668;False;IPV730;2;2,2
2007-06-30 22:00:00;1;2007;161,262;False;IPV730;3;0,4
2007-09-30 22:00:00;1;2007;154,513;False;IPV730;4;-4,2
2007-12-31 23:00:00;1;2008;152,904;False;IPV730;1;-1,0
2008-03-31 22:00:00;1;2008;153,003;False;IPV730;2;0,1
2008-06-30 22:00:00;1;2008;149,952;False;IPV730;3;-2,0
2008-09-30 22:00:00;1;2008;141,975;False;IPV730;4;-5,3
2008-12-31 23:00:00;1;2009;135,803;False;IPV730;1;-4,3
2009-03-31 22:00:00;1;2009;134,047;False;IPV730;2;-1,3
2009-06-30 22:00:00;1;2009;133,458;False;IPV730;3;-0,4
2009-09-30 22:00:00;1;2009;132,617;False;IPV730;4;-0,6
2009-12-31 23:00:00;1;2010;132,691;False;IPV730;1;0,1
2010-03-31 22:00:00;1;2010;135,869;False;IPV730;2;2,4
2010-06-30 22:00:00;1;2010;134,63;False;IPV730;3;-0,9
2010-09-30 22:00:00;1;2010;134,844;False;IPV730;4;0,2
2010-12-31 23:00:00;1;2011;128,643;False;IPV730;1;-4,6
2011-03-31 22:00:00;1;2011;126,254;False;IPV730;2;-1,9
2011-06-30 22:00:00;1;2011;122,707;False;IPV730;3;-2,8
2011-09-30 22:00:00;1;2011;113,702;False;IPV730;4;-7,3
2011-12-31 23:00:00;1;2012;110,315;False;IPV730;1;-3,0
2012-03-31 22:00:00;1;2012;106,04;False;IPV730;2;-3,9
2012-06-30 22:00:00;1;2012;100,739;False;IPV730;3;-5,0
2012-09-30 22:00:00;1;2012;98,843;False;IPV730;4;-1,9
2012-12-31 23:00:00;1;2013;91,832;False;IPV730;1;-7,1
2013-03-31 22:00:00;1;2013;92,054;False;IPV730;2;0,2
2013-06-30 22:00:00;1;2013;92,492;False;IPV730;3;0,5
2013-09-30 22:00:00;1;2013;92,434;False;IPV730;4;-0,1
2013-12-31 23:00:00;1;2014;93,54;False;IPV730;1;1,2
2014-03-31 22:00:00;1;2014;94,531;False;IPV730;2;1,1
2014-06-30 22:00:00;1;2014;95,101;False;IPV730;3;0,6
2014-09-30 22:00:00;1;2014;95,116;False;IPV730;4;0,0
2014-12-31 23:00:00;1;2015;95,703;False;IPV730;1;0,6
2015-03-31 22:00:00;1;2015;100,535;False;IPV730;2;5,0
2015-06-30 22:00:00;1;2015;101,685;False;IPV730;3;1,1
2015-09-30 22:00:00;1;2015;102,077;False;IPV730;4;0,4
2015-12-31 23:00:00;1;2016;105,026;False;IPV730;1;2,9
2016-03-31 22:00:00;1;2016;108,331;False;IPV730;2;3,1
2016-06-30 22:00:00;1;2016;109,629;False;IPV730;3;1,2
2016-09-30 22:00:00;1;2016;111,28;False;IPV730;4;1,5
2016-12-31 23:00:00;1;2017;116,205;False;IPV730;1;4,4
2017-03-31 22:00:00;1;2017;120,105;False;IPV730;2;3,4
2017-06-30 22:00:00;1;2017;123,166;False;IPV730;3;2,5
2017-09-30 22:00:00;1;2017;124,536;False;IPV730;4;1,1
2017-12-31 23:00:00;1;2018;128,005;False;IPV730;1;2,8
2018-03-31 22:00:00;1;2018;132,253;False;IPV730;2;3,3
2018-06-30 22:00:00;1;2018;136,576;False;IPV730;3;3,3
2018-09-30 22:00:00;1;2018;136,465;False;IPV730;4;-0,1
2018-12-31 23:00:00;1;2019;140,44;False;IPV730;1;2,9
2019-03-31 22:00:00;1;2019;140,795;False;IPV730;2;0,3
2019-06-30 22:00:00;1;2019;142,864;False;IPV730;3;1,5
2019-09-30 22:00:00;1;2019;140,469;False;IPV730;4;-1,7
2019-12-31 23:00:00;1;2020;143,971;False;IPV730;1;2,5
2020-03-31 22:00:00;1;2020;143,13;False;IPV730;2;-0,6
2020-06-30 22:00:00;1;2020;144,599;False;IPV730;3;1,0
2020-09-30 22:00:00;1;2020;142,54;False;IPV730;4;-1,4
2020-12-31 23:00:00;1;2021;143,929;False;IPV730;1;1,0
2021-03-31 22:00:00;1;2021;145,849;False;IPV730;2;1,3
2021-06-30 22:00:00;1;2021;148,701;False;IPV730;3;2,0
2021-09-30 22:00:00;1;2021;150,345;False;IPV730;4;1,1
2021-12-31 23:00:00;1;2022;154,666;False;IPV730;1;2,9
2022-03-31 22:00:00;1;2022;156,46;False;IPV730;2;1,2
2022-06-30 22:00:00;1;2022;160,024;False;IPV730;3;2,3
2022-09-30 22:00:00;1;2022;157,779;False;IPV730;4;-1,4
2022-12-31 23:00:00;1;2023;159,407;False;IPV730;1;1,0
2023-03-31 22:00:00;1;2023;162,841;False;IPV730;2;2,2
2023-06-30 22:00:00;1;2023;166,589;False;IPV730;3;2,3
2023-09-30 22:00:00;1;2023;164,821;False;IPV730;4;-1,1
2023-12-31 23:00:00;1;2024;168,785;False;IPV730;1;2,4
2024-03-31 22:00:00;1;2024;174,536;False;IPV730;2;3,4
2024-06-30 22:00:00;1;2024;178,65;False;IPV730;3;2,4
2024-09-30 22:00:00;1;2024;181,836;False;IPV730;4;1,8
2024-12-31 23:00:00;1;2025;188,426;False;IPV730;1;3,6
2025-03-31 22:00:00;1;2025;197,688;False;IPV730;2;4,9
2025-06-30 22:00:00;1;2025;204,059;False;IPV730;3;3,2
2025-09-30 22:00:00;1;2025;207,668;False;IPV730;4;1,8
2006-12-31 23:00:00;1;2007;148,266;False;IPV731;1;0,0
2007-03-31 22:00:00;1;2007;153,83;False;IPV731;2;3,8
2007-06-30 22:00:00;1;2007;155,302;False;IPV731;3;1,0
2007-09-30 22:00:00;1;2007;154,911;False;IPV731;4;-0,3
2007-12-31 23:00:00;1;2008;153,422;False;IPV731;1;-1,0
2008-03-31 22:00:00;1;2008;152,22;False;IPV731;2;-0,8
2008-06-30 22:00:00;1;2008;148,881;False;IPV731;3;-2,2
2008-09-30 22:00:00;1;2008;145,866;False;IPV731;4;-2,0
2008-12-31 23:00:00;1;2009;143,685;False;IPV731;1;-1,5
2009-03-31 22:00:00;1;2009;144,935;False;IPV731;2;0,9
2009-06-30 22:00:00;1;2009;142,069;False;IPV731;3;-2,0
2009-09-30 22:00:00;1;2009;143,275;False;IPV731;4;0,8
2009-12-31 23:00:00;1;2010;140,604;False;IPV731;1;-1,9
2010-03-31 22:00:00;1;2010;143,909;False;IPV731;2;2,4
2010-06-30 22:00:00;1;2010;139,774;False;IPV731;3;-2,9
2010-09-30 22:00:00;1;2010;143,602;False;IPV731;4;2,7
2010-12-31 23:00:00;1;2011;135,835;False;IPV731;1;-5,4
2011-03-31 22:00:00;1;2011;134,206;False;IPV731;2;-1,2
2011-06-30 22:00:00;1;2011;130,483;False;IPV731;3;-2,8
2011-09-30 22:00:00;1;2011;125,934;False;IPV731;4;-3,5
2011-12-31 23:00:00;1;2012;118,747;False;IPV731;1;-5,7
2012-03-31 22:00:00;1;2012;115,252;False;IPV731;2;-2,9
2012-06-30 22:00:00;1;2012;108,243;False;IPV731;3;-6,1
2012-09-30 22:00:00;1;2012;109,039;False;IPV731;4;0,7
2012-12-31 23:00:00;1;2013;100,841;False;IPV731;1;-7,5
2013-03-31 22:00:00;1;2013;99,566;False;IPV731;2;-1,3
2013-06-30 22:00:00;1;2013;100,307;False;IPV731;3;0,7
2013-09-30 22:00:00;1;2013;98,682;False;IPV731;4;-1,6
2013-12-31 23:00:00;1;2014;98,092;False;IPV731;1;-0,6
2014-03-31 22:00:00;1;2014;99,889;False;IPV731;2;1,8
2014-06-30 22:00:00;1;2014;98,723;False;IPV731;3;-1,2
2014-09-30 22:00:00;1;2014;99,144;False;IPV731;4;0,4
2014-12-31 23:00:00;1;2015;97,909;False;IPV731;1;-1,2
2015-03-31 22:00:00;1;2015;100,971;False;IPV731;2;3,1
2015-06-30 22:00:00;1;2015;101,533;False;IPV731;3;0,6
2015-09-30 22:00:00;1;2015;99,587;False;IPV731;4;-1,9
2015-12-31 23:00:00;1;2016;100,624;False;IPV731;1;1,0
2016-03-31 22:00:00;1;2016;100,433;False;IPV731;2;-0,2
2016-06-30 22:00:00;1;2016;101,557;False;IPV731;3;1,1
2016-09-30 22:00:00;1;2016;101,282;False;IPV731;4;-0,3
2016-12-31 23:00:00;1;2017;101,706;False;IPV731;1;0,4
2017-03-31 22:00:00;1;2017;101,343;False;IPV731;2;-0,4
2017-06-30 22:00:00;1;2017;102,923;False;IPV731;3;1,6
2017-09-30 22:00:00;1;2017;103,774;False;IPV731;4;0,8
2017-12-31 23:00:00;1;2018;104,161;False;IPV731;1;0,4
2018-03-31 22:00:00;1;2018;105,086;False;IPV731;2;0,9
2018-06-30 22:00:00;1;2018;106,798;False;IPV731;3;1,6
2018-09-30 22:00:00;1;2018;106,909;False;IPV731;4;0,1
2018-12-31 23:00:00;1;2019;107,231;False;IPV731;1;0,3
2019-03-31 22:00:00;1;2019;109,45;False;IPV731;2;2,1
2019-06-30 22:00:00;1;2019;110,372;False;IPV731;3;0,8
2019-09-30 22:00:00;1;2019;110,786;False;IPV731;4;0,4
2019-12-31 23:00:00;1;2020;110,443;False;IPV731;1;-0,3
2020-03-31 22:00:00;1;2020;112,133;False;IPV731;2;1,5
2020-06-30 22:00:00;1;2020;111,323;False;IPV731;3;-0,7
2020-09-30 22:00:00;1;2020;111,891;False;IPV731;4;0,5
2020-12-31 23:00:00;1;2021;112,997;False;IPV731;1;1,0
2021-03-31 22:00:00;1;2021;116,064;False;IPV731;2;2,7
2021-06-30 22:00:00;1;2021;118,391;False;IPV731;3;2,0
2021-09-30 22:00:00;1;2021;119,625;False;IPV731;4;1,0
2021-12-31 23:00:00;1;2022;122,138;False;IPV731;1;2,1
2022-03-31 22:00:00;1;2022;124,863;False;IPV731;2;2,2
2022-06-30 22:00:00;1;2022;125,584;False;IPV731;3;0,6
2022-09-30 22:00:00;1;2022;124,425;False;IPV731;4;-0,9
2022-12-31 23:00:00;1;2023;125,097;False;IPV731;1;0,5
2023-03-31 22:00:00;1;2023;127,307;False;IPV731;2;1,8
2023-06-30 22:00:00;1;2023;129,802;False;IPV731;3;2,0
2023-09-30 22:00:00;1;2023;128,05;False;IPV731;4;-1,3
2023-12-31 23:00:00;1;2024;131,011;False;IPV731;1;2,3
2024-03-31 22:00:00;1;2024;135,79;False;IPV731;2;3,6
2024-06-30 22:00:00;1;2024;139,582;False;IPV731;3;2,8
2024-09-30 22:00:00;1;2024;141,429;False;IPV731;4;1,3
2024-12-31 23:00:00;1;2025;146,251;False;IPV731;1;3,4
2025-03-31 22:00:00;1;2025;153,557;False;IPV731;2;5,0
2025-06-30 22:00:00;1;2025;158,79;False;IPV731;3;3,4
2025-09-30 22:00:00;1;2025;161,841;False;IPV731;4;1,9
2006-12-31 23:00:00;1;2007;118,588;False;IPV732;1;0,0
2007-03-31 22:00:00;1;2007;121,82;False;IPV732;2;2,7
2007-06-30 22:00:00;1;2007;125,602;False;IPV732;3;3,1
2007-09-30 22:00:00;1;2007;129,624;False;IPV732;4;3,2
2007-12-31 23:00:00;1;2008;130,134;False;IPV732;1;0,4
2008-03-31 22:00:00;1;2008;132,297;False;IPV732;2;1,7
2008-06-30 22:00:00;1;2008;133,9;False;IPV732;3;1,2
2008-09-30 22:00:00;1;2008;133,5;False;IPV732;4;-0,3
2008-12-31 23:00:00;1;2009;133,929;False;IPV732;1;0,3
2009-03-31 22:00:00;1;2009;134,209;False;IPV732;2;0,2
2009-06-30 22:00:00;1;2009;132,965;False;IPV732;3;-0,9
2009-09-30 22:00:00;1;2009;131,73;False;IPV732;4;-0,9
2009-12-31 23:00:00;1;2010;130,489;False;IPV732;1;-0,9
2010-03-31 22:00:00;1;2010;133,099;False;IPV732;2;2,0
2010-06-30 22:00:00;1;2010;127,679;False;IPV732;3;-4,1
2010-09-30 22:00:00;1;2010;128,98;False;IPV732;4;1,0
2010-12-31 23:00:00;1;2011;127,048;False;IPV732;1;-1,5
2011-03-31 22:00:00;1;2011;126,795;False;IPV732;2;-0,2
2011-06-30 22:00:00;1;2011;124,392;False;IPV732;3;-1,9
2011-09-30 22:00:00;1;2011;121,633;False;IPV732;4;-2,2
2011-12-31 23:00:00;1;2012;113,659;False;IPV732;1;-6,6
2012-03-31 22:00:00;1;2012;111,518;False;IPV732;2;-1,9
2012-06-30 22:00:00;1;2012;106,502;False;IPV732;3;-4,5
2012-09-30 22:00:00;1;2012;106,889;False;IPV732;4;0,4
2012-12-31 23:00:00;1;2013;99,764;False;IPV732;1;-6,7
2013-03-31 22:00:00;1;2013;97,51;False;IPV732;2;-2,3
2013-06-30 22:00:00;1;2013;99,215;False;IPV732;3;1,7
2013-09-30 22:00:00;1;2013;93,745;False;IPV732;4;-5,5
2013-12-31 23:00:00;1;2014;96,038;False;IPV732;1;2,4
2014-03-31 22:00:00;1;2014;98,656;False;IPV732;2;2,7
2014-06-30 22:00:00;1;2014;98,545;False;IPV732;3;-0,1
2014-09-30 22:00:00;1;2014;95,825;False;IPV732;4;-2,8
2014-12-31 23:00:00;1;2015;98,98;False;IPV732;1;3,3
2015-03-31 22:00:00;1;2015;99,195;False;IPV732;2;0,2
2015-06-30 22:00:00;1;2015;100,762;False;IPV732;3;1,6
2015-09-30 22:00:00;1;2015;101,063;False;IPV732;4;0,3
2015-12-31 23:00:00;1;2016;104,044;False;IPV732;1;2,9
2016-03-31 22:00:00;1;2016;106,389;False;IPV732;2;2,3
2016-06-30 22:00:00;1;2016;106,252;False;IPV732;3;-0,1
2016-09-30 22:00:00;1;2016;104,505;False;IPV732;4;-1,6
2016-12-31 23:00:00;1;2017;106,753;False;IPV732;1;2,2
2017-03-31 22:00:00;1;2017;108,531;False;IPV732;2;1,7
2017-06-30 22:00:00;1;2017;110,53;False;IPV732;3;1,8
2017-09-30 22:00:00;1;2017;109,707;False;IPV732;4;-0,7
2017-12-31 23:00:00;1;2018;115,0;False;IPV732;1;4,8
2018-03-31 22:00:00;1;2018;114,485;False;IPV732;2;-0,4
2018-06-30 22:00:00;1;2018;117,304;False;IPV732;3;2,5
2018-09-30 22:00:00;1;2018;120,868;False;IPV732;4;3,0
2018-12-31 23:00:00;1;2019;123,369;False;IPV732;1;2,1
2019-03-31 22:00:00;1;2019;124,711;False;IPV732;2;1,1
2019-06-30 22:00:00;1;2019;124,295;False;IPV732;3;-0,3
2019-09-30 22:00:00;1;2019;127,941;False;IPV732;4;2,9
2019-12-31 23:00:00;1;2020;130,088;False;IPV732;1;1,7
2020-03-31 22:00:00;1;2020;129,906;False;IPV732;2;-0,1
2020-06-30 22:00:00;1;2020;136,784;False;IPV732;3;5,3
2020-09-30 22:00:00;1;2020;131,101;False;IPV732;4;-4,2
2020-12-31 23:00:00;1;2021;132,331;False;IPV732;1;0,9
2021-03-31 22:00:00;1;2021;134,494;False;IPV732;2;1,6
2021-06-30 22:00:00;1;2021;138,95;False;IPV732;3;3,3
2021-09-30 22:00:00;1;2021;139,316;False;IPV732;4;0,3
2021-12-31 23:00:00;1;2022;144,565;False;IPV732;1;3,8
2022-03-31 22:00:00;1;2022;145,645;False;IPV732;2;0,7
2022-06-30 22:00:00;1;2022;147,224;False;IPV732;3;1,1
2022-09-30 22:00:00;1;2022;149,137;False;IPV732;4;1,3
2022-12-31 23:00:00;1;2023;157,749;False;IPV732;1;5,8
2023-03-31 22:00:00;1;2023;160,48;False;IPV732;2;1,7
2023-06-30 22:00:00;1;2023;164,769;False;IPV732;3;2,7
2023-09-30 22:00:00;1;2023;159,099;False;IPV732;4;-3,4
2023-12-31 23:00:00;1;2024;170,54;False;IPV732;1;7,2
2024-03-31 22:00:00;1;2024;172,325;False;IPV732;2;1,0
2024-06-30 22:00:00;1;2024;175,35;False;IPV732;3;1,8
2024-09-30 22:00:00;1;2024;177,017;False;IPV732;4;1,0
2024-12-31 23:00:00;1;2025;184,622;False;IPV732;1;4,3
2025-03-31 22:00:00;1;2025;190,339;False;IPV732;2;3,1
2025-06-30 22:00:00;1;2025;194,469;False;IPV732;3;2,2
2025-09-30 22:00:00;1;2025;197,989;False;IPV732;4;1,8
2006-12-31 23:00:00;1;2007;130,573;False;IPV733;1;0,0
2007-03-31 22:00:00;1;2007;134,662;False;IPV733;2;3,1
2007-06-30 22:00:00;1;2007;137,692;False;IPV733;3;2,3
2007-09-30 22:00:00;1;2007;140,231;False;IPV733;4;1,8
2007-12-31 23:00:00;1;2008;140,052;False;IPV733;1;-0,1
2008-03-31 22:00:00;1;2008;141,072;False;IPV733;2;0,7
2008-06-30 22:00:00;1;2008;140,975;False;IPV733;3;-0,1
2008-09-30 22:00:00;1;2008;139,658;False;IPV733;4;-0,9
2008-12-31 23:00:00;1;2009;139,291;False;IPV733;1;-0,3
2009-03-31 22:00:00;1;2009;139,875;False;IPV733;2;0,4
2009-06-30 22:00:00;1;2009;138,109;False;IPV733;3;-1,3
2009-09-30 22:00:00;1;2009;137,605;False;IPV733;4;-0,4
2009-12-31 23:00:00;1;2010;135,923;False;IPV733;1;-1,2
2010-03-31 22:00:00;1;2010;138,785;False;IPV733;2;2,1
2010-06-30 22:00:00;1;2010;133,637;False;IPV733;3;-3,7
2010-09-30 22:00:00;1;2010;135,699;False;IPV733;4;1,5
2010-12-31 23:00:00;1;2011;131,894;False;IPV733;1;-2,8
2011-03-31 22:00:00;1;2011;131,202;False;IPV733;2;-0,5
2011-06-30 22:00:00;1;2011;128,343;False;IPV733;3;-2,2
2011-09-30 22:00:00;1;2011;124,974;False;IPV733;4;-2,6
2011-12-31 23:00:00;1;2012;117,192;False;IPV733;1;-6,2
2012-03-31 22:00:00;1;2012;114,5;False;IPV733;2;-2,3
2012-06-30 22:00:00;1;2012;108,648;False;IPV733;3;-5,1
2012-09-30 22:00:00;1;2012;109,198;False;IPV733;4;0,5
2012-12-31 23:00:00;1;2013;101,441;False;IPV733;1;-7,1
2013-03-31 22:00:00;1;2013;99,665;False;IPV733;2;-1,8
2013-06-30 22:00:00;1;2013;100,894;False;IPV733;3;1,2
2013-09-30 22:00:00;1;2013;97,337;False;IPV733;4;-3,5
2013-12-31 23:00:00;1;2014;97,668;False;IPV733;1;0,3
2014-03-31 22:00:00;1;2014;99,732;False;IPV733;2;2,1
2014-06-30 22:00:00;1;2014;98,902;False;IPV733;3;-0,8
2014-09-30 22:00:00;1;2014;98,318;False;IPV733;4;-0,6
2014-12-31 23:00:00;1;2015;98,176;False;IPV733;1;-0,1
2015-03-31 22:00:00;1;2015;100,529;False;IPV733;2;2,4
2015-06-30 22:00:00;1;2015;101,341;False;IPV733;3;0,8
2015-09-30 22:00:00;1;2015;99,954;False;IPV733;4;-1,4
2015-12-31 23:00:00;1;2016;101,412;False;IPV733;1;1,5
2016-03-31 22:00:00;1;2016;101,768;False;IPV733;2;0,4
2016-06-30 22:00:00;1;2016;102,621;False;IPV733;3;0,8
2016-09-30 22:00:00;1;2016;102,027;False;IPV733;4;-0,6
2016-12-31 23:00:00;1;2017;102,753;False;IPV733;1;0,7
2017-03-31 22:00:00;1;2017;102,744;False;IPV733;2;0,0
2017-06-30 22:00:00;1;2017;104,396;False;IPV733;3;1,6
2017-09-30 22:00:00;1;2017;104,973;False;IPV733;4;0,6
2017-12-31 23:00:00;1;2018;106,043;False;IPV733;1;1,0
2018-03-31 22:00:00;1;2018;106,771;False;IPV733;2;0,7
2018-06-30 22:00:00;1;2018;108,643;False;IPV733;3;1,8
2018-09-30 22:00:00;1;2018;109,235;False;IPV733;4;0,5
2018-12-31 23:00:00;1;2019;109,816;False;IPV733;1;0,5
2019-03-31 22:00:00;1;2019;111,946;False;IPV733;2;1,9
2019-06-30 22:00:00;1;2019;112,716;False;IPV733;3;0,7
2019-09-30 22:00:00;1;2019;113,514;False;IPV733;4;0,7
2019-12-31 23:00:00;1;2020;113,415;False;IPV733;1;-0,1
2020-03-31 22:00:00;1;2020;114,935;False;IPV733;2;1,3
2020-06-30 22:00:00;1;2020;114,881;False;IPV733;3;0,0
2020-09-30 22:00:00;1;2020;114,833;False;IPV733;4;0,0
2020-12-31 23:00:00;1;2021;115,961;False;IPV733;1;1,0
2021-03-31 22:00:00;1;2021;118,952;False;IPV733;2;2,6
2021-06-30 22:00:00;1;2021;121,53;False;IPV733;3;2,2
2021-09-30 22:00:00;1;2021;122,678;False;IPV733;4;0,9
2021-12-31 23:00:00;1;2022;125,568;False;IPV733;1;2,4
2022-03-31 22:00:00;1;2022;128,08;False;IPV733;2;2,0
2022-06-30 22:00:00;1;2022;128,919;False;IPV733;3;0,7
2022-09-30 22:00:00;1;2022;128,172;False;IPV733;4;-0,6
2022-12-31 23:00:00;1;2023;129,786;False;IPV733;1;1,3
2023-03-31 22:00:00;1;2023;132,073;False;IPV733;2;1,8
2023-06-30 22:00:00;1;2023;134,796;False;IPV733;3;2,1
2023-09-30 22:00:00;1;2023;132,57;False;IPV733;4;-1,7
2023-12-31 23:00:00;1;2024;136,417;False;IPV733;1;2,9
2024-03-31 22:00:00;1;2024;140,946;False;IPV733;2;3,3
2024-06-30 22:00:00;1;2024;144,703;False;IPV733;3;2,7
2024-09-30 22:00:00;1;2024;146,552;False;IPV733;4;1,3
2024-12-31 23:00:00;1;2025;151,721;False;IPV733;1;3,5
2025-03-31 22:00:00;1;2025;158,913;False;IPV733;2;4,7
2025-06-30 22:00:00;1;2025;164,069;False;IPV733;3;3,2
2025-09-30 22:00:00;1;2025;167,197;False;IPV733;4;1,9
2006-12-31 23:00:00;1;2007;142,123;False;IPV734;1;0,0
2007-03-31 22:00:00;1;2007;147,38;False;IPV734;2;3,7
2007-06-30 22:00:00;1;2007;149,503;False;IPV734;3;1,4
2007-09-30 22:00:00;1;2007;148,06;False;IPV734;4;-1,0
2007-12-31 23:00:00;1;2008;149,443;False;IPV734;1;0,9
2008-03-31 22:00:00;1;2008;150,369;False;IPV734;2;0,6
2008-06-30 22:00:00;1;2008;146,139;False;IPV734;3;-2,8
2008-09-30 22:00:00;1;2008;139,268;False;IPV734;4;-4,7
2008-12-31 23:00:00;1;2009;140,238;False;IPV734;1;0,7
2009-03-31 22:00:00;1;2009;145,587;False;IPV734;2;3,8
2009-06-30 22:00:00;1;2009;145,318;False;IPV734;3;-0,2
2009-09-30 22:00:00;1;2009;142,101;False;IPV734;4;-2,2
2009-12-31 23:00:00;1;2010;141,907;False;IPV734;1;-0,1
2010-03-31 22:00:00;1;2010;145,967;False;IPV734;2;2,9
2010-06-30 22:00:00;1;2010;142,045;False;IPV734;3;-2,7
2010-09-30 22:00:00;1;2010;143,19;False;IPV734;4;0,8
2010-12-31 23:00:00;1;2011;131,724;False;IPV734;1;-8,0
2011-03-31 22:00:00;1;2011;131,372;False;IPV734;2;-0,3
2011-06-30 22:00:00;1;2011;130,557;False;IPV734;3;-0,6
2011-09-30 22:00:00;1;2011;125,506;False;IPV734;4;-3,9
2011-12-31 23:00:00;1;2012;121,249;False;IPV734;1;-3,4
2012-03-31 22:00:00;1;2012;120,606;False;IPV734;2;-0,5
2012-06-30 22:00:00;1;2012;114,25;False;IPV734;3;-5,3
2012-09-30 22:00:00;1;2012;114,914;False;IPV734;4;0,6
2012-12-31 23:00:00;1;2013;105,108;False;IPV734;1;-8,5
2013-03-31 22:00:00;1;2013;103,209;False;IPV734;2;-1,8
2013-06-30 22:00:00;1;2013;101,021;False;IPV734;3;-2,1
2013-09-30 22:00:00;1;2013;98,554;False;IPV734;4;-2,4
2013-12-31 23:00:00;1;2014;98,86;False;IPV734;1;0,3
2014-03-31 22:00:00;1;2014;100,144;False;IPV734;2;1,3
2014-06-30 22:00:00;1;2014;97,487;False;IPV734;3;-2,7
2014-09-30 22:00:00;1;2014;98,033;False;IPV734;4;0,6
2014-12-31 23:00:00;1;2015;99,281;False;IPV734;1;1,3
2015-03-31 22:00:00;1;2015;100,349;False;IPV734;2;1,1
2015-06-30 22:00:00;1;2015;100,426;False;IPV734;3;0,1
2015-09-30 22:00:00;1;2015;99,944;False;IPV734;4;-0,5
2015-12-31 23:00:00;1;2016;100,68;False;IPV734;1;0,7
2016-03-31 22:00:00;1;2016;100,503;False;IPV734;2;-0,2
2016-06-30 22:00:00;1;2016;101,088;False;IPV734;3;0,6
2016-09-30 22:00:00;1;2016;99,853;False;IPV734;4;-1,2
2016-12-31 23:00:00;1;2017;100,929;False;IPV734;1;1,1
2017-03-31 22:00:00;1;2017;100,766;False;IPV734;2;-0,2
2017-06-30 22:00:00;1;2017;101,229;False;IPV734;3;0,5
2017-09-30 22:00:00;1;2017;100,061;False;IPV734;4;-1,2
2017-12-31 23:00:00;1;2018;101,143;False;IPV734;1;1,1
2018-03-31 22:00:00;1;2018;102,783;False;IPV734;2;1,6
2018-06-30 22:00:00;1;2018;103,177;False;IPV734;3;0,4
2018-09-30 22:00:00;1;2018;102,225;False;IPV734;4;-0,9
2018-12-31 23:00:00;1;2019;102,954;False;IPV734;1;0,7
2019-03-31 22:00:00;1;2019;104,183;False;IPV734;2;1,2
2019-06-30 22:00:00;1;2019;104,272;False;IPV734;3;0,1
2019-09-30 22:00:00;1;2019;103,989;False;IPV734;4;-0,3
2019-12-31 23:00:00;1;2020;103,146;False;IPV734;1;-0,8
2020-03-31 22:00:00;1;2020;105,663;False;IPV734;2;2,4
2020-06-30 22:00:00;1;2020;104,324;False;IPV734;3;-1,3
2020-09-30 22:00:00;1;2020;104,693;False;IPV734;4;0,4
2020-12-31 23:00:00;1;2021;103,219;False;IPV734;1;-1,4
2021-03-31 22:00:00;1;2021;107,325;False;IPV734;2;4,0
2021-06-30 22:00:00;1;2021;107,317;False;IPV734;3;0,0
2021-09-30 22:00:00;1;2021;109,692;False;IPV734;4;2,2
2021-12-31 23:00:00;1;2022;110,094;False;IPV734;1;0,4
2022-03-31 22:00:00;1;2022;112,811;False;IPV734;2;2,5
2022-06-30 22:00:00;1;2022;114,339;False;IPV734;3;1,4
2022-09-30 22:00:00;1;2022;112,648;False;IPV734;4;-1,5
2022-12-31 23:00:00;1;2023;111,254;False;IPV734;1;-1,2
2023-03-31 22:00:00;1;2023;114,638;False;IPV734;2;3,0
2023-06-30 22:00:00;1;2023;115,47;False;IPV734;3;0,7
2023-09-30 22:00:00;1;2023;115,142;False;IPV734;4;-0,3
2023-12-31 23:00:00;1;2024;117,762;False;IPV734;1;2,3
2024-03-31 22:00:00;1;2024;122,126;False;IPV734;2;3,7
2024-06-30 22:00:00;1;2024;125,062;False;IPV734;3;2,4
2024-09-30 22:00:00;1;2024;125,723;False;IPV734;4;0,5
2024-12-31 23:00:00;1;2025;130,596;False;IPV734;1;3,9
2025-03-31 22:00:00;1;2025;136,979;False;IPV734;2;4,9
2025-06-30 22:00:00;1;2025;140,723;False;IPV734;3;2,7
2025-09-30 22:00:00;1;2025;142,747;False;IPV734;4;1,4
2006-12-31 23:00:00;1;2007;118,956;False;IPV735;1;0,0
2007-03-31 22:00:00;1;2007;123,189;False;IPV735;2;3,6
2007-06-30 22:00:00;1;2007;124,337;False;IPV735;3;0,9
2007-09-30 22:00:00;1;2007;128,3;False;IPV735;4;3,2
2007-12-31 23:00:00;1;2008;129,619;False;IPV735;1;1,0
2008-03-31 22:00:00;1;2008;133,349;False;IPV735;2;2,9
2008-06-30 22:00:00;1;2008;135,303;False;IPV735;3;1,5
2008-09-30 22:00:00;1;2008;131,239;False;IPV735;4;-3,0
2008-12-31 23:00:00;1;2009;132,309;False;IPV735;1;0,8
2009-03-31 22:00:00;1;2009;135,389;False;IPV735;2;2,3
2009-06-30 22:00:00;1;2009;135,845;False;IPV735;3;0,3
2009-09-30 22:00:00;1;2009;133,6;False;IPV735;4;-1,7
2009-12-31 23:00:00;1;2010;135,75;False;IPV735;1;1,6
2010-03-31 22:00:00;1;2010;141,772;False;IPV735;2;4,4
2010-06-30 22:00:00;1;2010;135,844;False;IPV735;3;-4,2
2010-09-30 22:00:00;1;2010;136,535;False;IPV735;4;0,5
2010-12-31 23:00:00;1;2011;133,894;False;IPV735;1;-1,9
2011-03-31 22:00:00;1;2011;132,843;False;IPV735;2;-0,8
2011-06-30 22:00:00;1;2011;132,646;False;IPV735;3;-0,1
2011-09-30 22:00:00;1;2011;129,709;False;IPV735;4;-2,2
2011-12-31 23:00:00;1;2012;125,361;False;IPV735;1;-3,4
2012-03-31 22:00:00;1;2012;123,584;False;IPV735;2;-1,4
2012-06-30 22:00:00;1;2012;122,844;False;IPV735;3;-0,6
2012-09-30 22:00:00;1;2012;118,285;False;IPV735;4;-3,7
2012-12-31 23:00:00;1;2013;107,551;False;IPV735;1;-9,1
2013-03-31 22:00:00;1;2013;100,911;False;IPV735;2;-6,2
2013-06-30 22:00:00;1;2013;102,169;False;IPV735;3;1,2
2013-09-30 22:00:00;1;2013;96,356;False;IPV735;4;-5,7
2013-12-31 23:00:00;1;2014;96,061;False;IPV735;1;-0,3
2014-03-31 22:00:00;1;2014;95,662;False;IPV735;2;-0,4
2014-06-30 22:00:00;1;2014;95,082;False;IPV735;3;-0,6
2014-09-30 22:00:00;1;2014;95,068;False;IPV735;4;0,0
2014-12-31 23:00:00;1;2015;99,243;False;IPV735;1;4,4
2015-03-31 22:00:00;1;2015;99,597;False;IPV735;2;0,4
2015-06-30 22:00:00;1;2015;100,249;False;IPV735;3;0,7
2015-09-30 22:00:00;1;2015;100,911;False;IPV735;4;0,7
2015-12-31 23:00:00;1;2016;102,511;False;IPV735;1;1,6
2016-03-31 22:00:00;1;2016;108,421;False;IPV735;2;5,8
2016-06-30 22:00:00;1;2016;111,094;False;IPV735;3;2,5
2016-09-30 22:00:00;1;2016;107,855;False;IPV735;4;-2,9
2016-12-31 23:00:00;1;2017;109,964;False;IPV735;1;2,0
2017-03-31 22:00:00;1;2017;109,938;False;IPV735;2;0,0
2017-06-30 22:00:00;1;2017;111,063;False;IPV735;3;1,0
2017-09-30 22:00:00;1;2017;107,803;False;IPV735;4;-2,9
2017-12-31 23:00:00;1;2018;113,964;False;IPV735;1;5,7
2018-03-31 22:00:00;1;2018;117,468;False;IPV735;2;3,1
2018-06-30 22:00:00;1;2018;121,308;False;IPV735;3;3,3
2018-09-30 22:00:00;1;2018;121,633;False;IPV735;4;0,3
2018-12-31 23:00:00;1;2019;130,021;False;IPV735;1;6,9
2019-03-31 22:00:00;1;2019;126,803;False;IPV735;2;-2,5
2019-06-30 22:00:00;1;2019;131,955;False;IPV735;3;4,1
2019-09-30 22:00:00;1;2019;133,578;False;IPV735;4;1,2
2019-12-31 23:00:00;1;2020;133,244;False;IPV735;1;-0,3
2020-03-31 22:00:00;1;2020;127,887;False;IPV735;2;-4,0
2020-06-30 22:00:00;1;2020;131,605;False;IPV735;3;2,9
2020-09-30 22:00:00;1;2020;130,441;False;IPV735;4;-0,9
2020-12-31 23:00:00;1;2021;129,12;False;IPV735;1;-1,0
2021-03-31 22:00:00;1;2021;131,324;False;IPV735;2;1,7
2021-06-30 22:00:00;1;2021;135,487;False;IPV735;3;3,2
2021-09-30 22:00:00;1;2021;138,904;False;IPV735;4;2,5
2021-12-31 23:00:00;1;2022;143,475;False;IPV735;1;3,3
2022-03-31 22:00:00;1;2022;142,337;False;IPV735;2;-0,8
2022-06-30 22:00:00;1;2022;143,983;False;IPV735;3;1,2
2022-09-30 22:00:00;1;2022;145,324;False;IPV735;4;0,9
2022-12-31 23:00:00;1;2023;145,33;False;IPV735;1;0,0
2023-03-31 22:00:00;1;2023;148,559;False;IPV735;2;2,2
2023-06-30 22:00:00;1;2023;147,258;False;IPV735;3;-0,9
2023-09-30 22:00:00;1;2023;148,292;False;IPV735;4;0,7
2023-12-31 23:00:00;1;2024;149,546;False;IPV735;1;0,8
2024-03-31 22:00:00;1;2024;150,263;False;IPV735;2;0,5
2024-06-30 22:00:00;1;2024;157,329;False;IPV735;3;4,7
2024-09-30 22:00:00;1;2024;160,098;False;IPV735;4;1,8
2024-12-31 23:00:00;1;2025;166,355;False;IPV735;1;3,9
2025-03-31 22:00:00;1;2025;167,711;False;IPV735;2;0,8
2025-06-30 22:00:00;1;2025;177,107;False;IPV735;3;5,6
2025-09-30 22:00:00;1;2025;181,232;False;IPV735;4;2,3
2006-12-31 23:00:00;1;2007;128,926;False;IPV736;1;0,0
2007-03-31 22:00:00;1;2007;133,609;False;IPV736;2;3,6
2007-06-30 22:00:00;1;2007;135,214;False;IPV736;3;1,2
2007-09-30 22:00:00;1;2007;136,545;False;IPV736;4;1,0
2007-12-31 23:00:00;1;2008;137,882;False;IPV736;1;1,0
2008-03-31 22:00:00;1;2008;140,231;False;IPV736;2;1,7
2008-06-30 22:00:00;1;2008;139,199;False;IPV736;3;-0,7
2008-09-30 22:00:00;1;2008;133,827;False;IPV736;4;-3,9
2008-12-31 23:00:00;1;2009;134,852;False;IPV736;1;0,8
2009-03-31 22:00:00;1;2009;138,829;False;IPV736;2;2,9
2009-06-30 22:00:00;1;2009;138,991;False;IPV736;3;0,1
2009-09-30 22:00:00;1;2009;136,367;False;IPV736;4;-1,9
2009-12-31 23:00:00;1;2010;137,657;False;IPV736;1;0,9
2010-03-31 22:00:00;1;2010;142,948;False;IPV736;2;3,8
2010-06-30 22:00:00;1;2010;137,766;False;IPV736;3;-3,6
2010-09-30 22:00:00;1;2010;138,621;False;IPV736;4;0,6
2010-12-31 23:00:00;1;2011;132,502;False;IPV736;1;-4,4
2011-03-31 22:00:00;1;2011;131,731;False;IPV736;2;-0,6
2011-06-30 22:00:00;1;2011;131,29;False;IPV736;3;-0,3
2011-09-30 22:00:00;1;2011;127,53;False;IPV736;4;-2,9
2011-12-31 23:00:00;1;2012;123,23;False;IPV736;1;-3,4
2012-03-31 22:00:00;1;2012;122,018;False;IPV736;2;-1,0
2012-06-30 22:00:00;1;2012;118,487;False;IPV736;3;-2,9
2012-09-30 22:00:00;1;2012;116,527;False;IPV736;4;-1,7
2012-12-31 23:00:00;1;2013;106,375;False;IPV736;1;-8,7
2013-03-31 22:00:00;1;2013;102,923;False;IPV736;2;-3,2
2013-06-30 22:00:00;1;2013;101,848;False;IPV736;3;-1,0
2013-09-30 22:00:00;1;2013;98,279;False;IPV736;4;-3,5
2013-12-31 23:00:00;1;2014;98,443;False;IPV736;1;0,2
2014-03-31 22:00:00;1;2014;99,326;False;IPV736;2;0,9
2014-06-30 22:00:00;1;2014;97,16;False;IPV736;3;-2,2
2014-09-30 22:00:00;1;2014;97,574;False;IPV736;4;0,4
2014-12-31 23:00:00;1;2015;99,275;False;IPV736;1;1,7
2015-03-31 22:00:00;1;2015;100,233;False;IPV736;2;1,0
2015-06-30 22:00:00;1;2015;100,398;False;IPV736;3;0,2
2015-09-30 22:00:00;1;2015;100,094;False;IPV736;4;-0,3
2015-12-31 23:00:00;1;2016;100,939;False;IPV736;1;0,8
2016-03-31 22:00:00;1;2016;101,524;False;IPV736;2;0,6
2016-06-30 22:00:00;1;2016;102,371;False;IPV736;3;0,8
2016-09-30 22:00:00;1;2016;100,885;False;IPV736;4;-1,5
2016-12-31 23:00:00;1;2017;102,04;False;IPV736;1;1,1
2017-03-31 22:00:00;1;2017;101,886;False;IPV736;2;-0,2
2017-06-30 22:00:00;1;2017;102,398;False;IPV736;3;0,5
2017-09-30 22:00:00;1;2017;101,075;False;IPV736;4;-1,3
2017-12-31 23:00:00;1;2018;102,388;False;IPV736;1;1,3
2018-03-31 22:00:00;1;2018;104,122;False;IPV736;2;1,7
2018-06-30 22:00:00;1;2018;104,67;False;IPV736;3;0,5
2018-09-30 22:00:00;1;2018;103,768;False;IPV736;4;-0,9
2018-12-31 23:00:00;1;2019;104,88;False;IPV736;1;1,1
2019-03-31 22:00:00;1;2019;105,896;False;IPV736;2;1,0
2019-06-30 22:00:00;1;2019;106,237;False;IPV736;3;0,3
2019-09-30 22:00:00;1;2019;106,046;False;IPV736;4;-0,2
2019-12-31 23:00:00;1;2020;105,234;False;IPV736;1;-0,8
2020-03-31 22:00:00;1;2020;107,257;False;IPV736;2;1,9
2020-06-30 22:00:00;1;2020;106,236;False;IPV736;3;-1,0
2020-09-30 22:00:00;1;2020;106,508;False;IPV736;4;0,3
2020-12-31 23:00:00;1;2021;105,038;False;IPV736;1;-1,4
2021-03-31 22:00:00;1;2021;109,052;False;IPV736;2;3,8
2021-06-30 22:00:00;1;2021;109,277;False;IPV736;3;0,2
2021-09-30 22:00:00;1;2021;111,719;False;IPV736;4;2,2
2021-12-31 23:00:00;1;2022;112,312;False;IPV736;1;0,5
2022-03-31 22:00:00;1;2022;114,871;False;IPV736;2;2,3
2022-06-30 22:00:00;1;2022;116,414;False;IPV736;3;1,3
2022-09-30 22:00:00;1;2022;114,85;False;IPV736;4;-1,3
2022-12-31 23:00:00;1;2023;113,518;False;IPV736;1;-1,2
2023-03-31 22:00:00;1;2023;116,912;False;IPV736;2;3,0
2023-06-30 22:00:00;1;2023;117,644;False;IPV736;3;0,6
2023-09-30 22:00:00;1;2023;117,381;False;IPV736;4;-0,2
2023-12-31 23:00:00;1;2024;119,938;False;IPV736;1;2,2
2024-03-31 22:00:00;1;2024;124,125;False;IPV736;2;3,5
2024-06-30 22:00:00;1;2024;127,293;False;IPV736;3;2,6
2024-09-30 22:00:00;1;2024;128,07;False;IPV736;4;0,6
2024-12-31 23:00:00;1;2025;133,037;False;IPV736;1;3,9
2025-03-31 22:00:00;1;2025;139,216;False;IPV736;2;4,6
2025-06-30 22:00:00;1;2025;143,251;False;IPV736;3;2,9
2025-09-30 22:00:00;1;2025;145,386;False;IPV736;4;1,5
2006-12-31 23:00:00;1;2007;151,152;False;IPV737;1;0,0
2007-03-31 22:00:00;1;2007;156,81;False;IPV737;2;3,7
2007-06-30 22:00:00;1;2007;158,053;False;IPV737;3;0,8
2007-09-30 22:00:00;1;2007;156,376;False;IPV737;4;-1,1
2007-12-31 23:00:00;1;2008;156,693;False;IPV737;1;0,2
2008-03-31 22:00:00;1;2008;154,153;False;IPV737;2;-1,6
2008-06-30 22:00:00;1;2008;150,326;False;IPV737;3;-2,5
2008-09-30 22:00:00;1;2008;144,957;False;IPV737;4;-3,6
2008-12-31 23:00:00;1;2009;139,16;False;IPV737;1;-4,0
2009-03-31 22:00:00;1;2009;140,074;False;IPV737;2;0,7
2009-06-30 22:00:00;1;2009;139,072;False;IPV737;3;-0,7
2009-09-30 22:00:00;1;2009;139,298;False;IPV737;4;0,2
2009-12-31 23:00:00;1;2010;137,577;False;IPV737;1;-1,2
2010-03-31 22:00:00;1;2010;139,124;False;IPV737;2;1,1
2010-06-30 22:00:00;1;2010;135,544;False;IPV737;3;-2,6
2010-09-30 22:00:00;1;2010;136,16;False;IPV737;4;0,5
2010-12-31 23:00:00;1;2011;129,449;False;IPV737;1;-4,9
2011-03-31 22:00:00;1;2011;127,745;False;IPV737;2;-1,3
2011-06-30 22:00:00;1;2011;122,701;False;IPV737;3;-3,9
2011-09-30 22:00:00;1;2011;119,461;False;IPV737;4;-2,6
2011-12-31 23:00:00;1;2012;111,92;False;IPV737;1;-6,3
2012-03-31 22:00:00;1;2012;107,829;False;IPV737;2;-3,7
2012-06-30 22:00:00;1;2012;103,865;False;IPV737;3;-3,7
2012-09-30 22:00:00;1;2012;101,88;False;IPV737;4;-1,9
2012-12-31 23:00:00;1;2013;97,368;False;IPV737;1;-4,4
2013-03-31 22:00:00;1;2013;95,712;False;IPV737;2;-1,7
2013-06-30 22:00:00;1;2013;97,498;False;IPV737;3;1,9
2013-09-30 22:00:00;1;2013;95,924;False;IPV737;4;-1,6
2013-12-31 23:00:00;1;2014;95,791;False;IPV737;1;-0,1
2014-03-31 22:00:00;1;2014;98,761;False;IPV737;2;3,1
2014-06-30 22:00:00;1;2014;98,958;False;IPV737;3;0,2
2014-09-30 22:00:00;1;2014;98,258;False;IPV737;4;-0,7
2014-12-31 23:00:00;1;2015;97,032;False;IPV737;1;-1,2
2015-03-31 22:00:00;1;2015;101,117;False;IPV737;2;4,2
2015-06-30 22:00:00;1;2015;101,022;False;IPV737;3;-0,1
2015-09-30 22:00:00;1;2015;100,828;False;IPV737;4;-0,2
2015-12-31 23:00:00;1;2016;101,793;False;IPV737;1;1,0
2016-03-31 22:00:00;1;2016;102,153;False;IPV737;2;0,4
2016-06-30 22:00:00;1;2016;102,153;False;IPV737;3;0,0
2016-09-30 22:00:00;1;2016;102,293;False;IPV737;4;0,1
2016-12-31 23:00:00;1;2017;103,541;False;IPV737;1;1,2
2017-03-31 22:00:00;1;2017;104,285;False;IPV737;2;0,7
2017-06-30 22:00:00;1;2017;105,049;False;IPV737;3;0,7
2017-09-30 22:00:00;1;2017;106,294;False;IPV737;4;1,2
2017-12-31 23:00:00;1;2018;106,866;False;IPV737;1;0,5
2018-03-31 22:00:00;1;2018;108,386;False;IPV737;2;1,4
2018-06-30 22:00:00;1;2018;109,939;False;IPV737;3;1,4
2018-09-30 22:00:00;1;2018;109,919;False;IPV737;4;0,0
2018-12-31 23:00:00;1;2019;110,665;False;IPV737;1;0,7
2019-03-31 22:00:00;1;2019;112,636;False;IPV737;2;1,8
2019-06-30 22:00:00;1;2019;114,166;False;IPV737;3;1,4
2019-09-30 22:00:00;1;2019;114,114;False;IPV737;4;0,0
2019-12-31 23:00:00;1;2020;114,122;False;IPV737;1;0,0
2020-03-31 22:00:00;1;2020;114,37;False;IPV737;2;0,2
2020-06-30 22:00:00;1;2020;115,169;False;IPV737;3;0,7
2020-09-30 22:00:00;1;2020;115,384;False;IPV737;4;0,2
2020-12-31 23:00:00;1;2021;115,527;False;IPV737;1;0,1
2021-03-31 22:00:00;1;2021;119,151;False;IPV737;2;3,1
2021-06-30 22:00:00;1;2021;121,468;False;IPV737;3;1,9
2021-09-30 22:00:00;1;2021;123,114;False;IPV737;4;1,4
2021-12-31 23:00:00;1;2022;125,564;False;IPV737;1;2,0
2022-03-31 22:00:00;1;2022;128,532;False;IPV737;2;2,4
2022-06-30 22:00:00;1;2022;129,863;False;IPV737;3;1,0
2022-09-30 22:00:00;1;2022;128,88;False;IPV737;4;-0,8
2022-12-31 23:00:00;1;2023;128,492;False;IPV737;1;-0,3
2023-03-31 22:00:00;1;2023;131,685;False;IPV737;2;2,5
2023-06-30 22:00:00;1;2023;134,801;False;IPV737;3;2,4
2023-09-30 22:00:00;1;2023;133,746;False;IPV737;4;-0,8
2023-12-31 23:00:00;1;2024;136,466;False;IPV737;1;2,0
2024-03-31 22:00:00;1;2024;142,365;False;IPV737;2;4,3
2024-06-30 22:00:00;1;2024;146,753;False;IPV737;3;3,1
2024-09-30 22:00:00;1;2024;149,809;False;IPV737;4;2,1
2024-12-31 23:00:00;1;2025;153,906;False;IPV737;1;2,7
2025-03-31 22:00:00;1;2025;161,443;False;IPV737;2;4,9
2025-06-30 22:00:00;1;2025;167,248;False;IPV737;3;3,6
2025-09-30 22:00:00;1;2025;170,921;False;IPV737;4;2,2
2006-12-31 23:00:00;1;2007;121,972;False;IPV738;1;0,0
2007-03-31 22:00:00;1;2007;125,997;False;IPV738;2;3,3
2007-06-30 22:00:00;1;2007;128,987;False;IPV738;3;2,4
2007-09-30 22:00:00;1;2007;133,272;False;IPV738;4;3,3
2007-12-31 23:00:00;1;2008;134,213;False;IPV738;1;0,7
2008-03-31 22:00:00;1;2008;135,786;False;IPV738;2;1,2
2008-06-30 22:00:00;1;2008;137,197;False;IPV738;3;1,0
2008-09-30 22:00:00;1;2008;136,843;False;IPV738;4;-0,3
2008-12-31 23:00:00;1;2009;134,406;False;IPV738;1;-1,8
2009-03-31 22:00:00;1;2009;132,508;False;IPV738;2;-1,4
2009-06-30 22:00:00;1;2009;130,527;False;IPV738;3;-1,5
2009-09-30 22:00:00;1;2009;129,318;False;IPV738;4;-0,9
2009-12-31 23:00:00;1;2010;126,194;False;IPV738;1;-2,4
2010-03-31 22:00:00;1;2010;128,718;False;IPV738;2;2,0
2010-06-30 22:00:00;1;2010;126,135;False;IPV738;3;-2,0
2010-09-30 22:00:00;1;2010;124,014;False;IPV738;4;-1,7
2010-12-31 23:00:00;1;2011;122,465;False;IPV738;1;-1,2
2011-03-31 22:00:00;1;2011;120,866;False;IPV738;2;-1,3
2011-06-30 22:00:00;1;2011;117,136;False;IPV738;3;-3,1
2011-09-30 22:00:00;1;2011;114,817;False;IPV738;4;-2,0
2011-12-31 23:00:00;1;2012;109,885;False;IPV738;1;-4,3
2012-03-31 22:00:00;1;2012;105,769;False;IPV738;2;-3,7
2012-06-30 22:00:00;1;2012;102,914;False;IPV738;3;-2,7
2012-09-30 22:00:00;1;2012;100,093;False;IPV738;4;-2,7
2012-12-31 23:00:00;1;2013;98,087;False;IPV738;1;-2,0
2013-03-31 22:00:00;1;2013;95,867;False;IPV738;2;-2,3
2013-06-30 22:00:00;1;2013;97,271;False;IPV738;3;1,5
2013-09-30 22:00:00;1;2013;91,978;False;IPV738;4;-5,4
2013-12-31 23:00:00;1;2014;93,271;False;IPV738;1;1,4
2014-03-31 22:00:00;1;2014;96,125;False;IPV738;2;3,1
2014-06-30 22:00:00;1;2014;97,466;False;IPV738;3;1,4
2014-09-30 22:00:00;1;2014;96,422;False;IPV738;4;-1,1
2014-12-31 23:00:00;1;2015;98,355;False;IPV738;1;2,0
2015-03-31 22:00:00;1;2015;100,791;False;IPV738;2;2,5
2015-06-30 22:00:00;1;2015;99,348;False;IPV738;3;-1,4
2015-09-30 22:00:00;1;2015;101,505;False;IPV738;4;2,2
2015-12-31 23:00:00;1;2016;104,72;False;IPV738;1;3,2
2016-03-31 22:00:00;1;2016;108,138;False;IPV738;2;3,3
2016-06-30 22:00:00;1;2016;106,448;False;IPV738;3;-1,6
2016-09-30 22:00:00;1;2016;105,23;False;IPV738;4;-1,1
2016-12-31 23:00:00;1;2017;107,861;False;IPV738;1;2,5
2017-03-31 22:00:00;1;2017;108,482;False;IPV738;2;0,6
2017-06-30 22:00:00;1;2017;110,47;False;IPV738;3;1,8
2017-09-30 22:00:00;1;2017;111,364;False;IPV738;4;0,8
2017-12-31 23:00:00;1;2018;113,056;False;IPV738;1;1,5
2018-03-31 22:00:00;1;2018;113,611;False;IPV738;2;0,5
2018-06-30 22:00:00;1;2018;115,72;False;IPV738;3;1,9
2018-09-30 22:00:00;1;2018;121,225;False;IPV738;4;4,8
2018-12-31 23:00:00;1;2019;122,114;False;IPV738;1;0,7
2019-03-31 22:00:00;1;2019;124,946;False;IPV738;2;2,3
2019-06-30 22:00:00;1;2019;123,232;False;IPV738;3;-1,4
2019-09-30 22:00:00;1;2019;125,446;False;IPV738;4;1,8
2019-12-31 23:00:00;1;2020;129,074;False;IPV738;1;2,9
2020-03-31 22:00:00;1;2020;127,336;False;IPV738;2;-1,3
2020-06-30 22:00:00;1;2020;134,354;False;IPV738;3;5,5
2020-09-30 22:00:00;1;2020;131,53;False;IPV738;4;-2,1
2020-12-31 23:00:00;1;2021;130,655;False;IPV738;1;-0,7
2021-03-31 22:00:00;1;2021;134,089;False;IPV738;2;2,6
2021-06-30 22:00:00;1;2021;137,469;False;IPV738;3;2,5
2021-09-30 22:00:00;1;2021;140,864;False;IPV738;4;2,5
2021-12-31 23:00:00;1;2022;143,889;False;IPV738;1;2,1
2022-03-31 22:00:00;1;2022;145,8;False;IPV738;2;1,3
2022-06-30 22:00:00;1;2022;147,057;False;IPV738;3;0,9
2022-09-30 22:00:00;1;2022;150,293;False;IPV738;4;2,2
2022-12-31 23:00:00;1;2023;156,457;False;IPV738;1;4,1
2023-03-31 22:00:00;1;2023;158,324;False;IPV738;2;1,2
2023-06-30 22:00:00;1;2023;164,25;False;IPV738;3;3,7
2023-09-30 22:00:00;1;2023;160,568;False;IPV738;4;-2,2
2023-12-31 23:00:00;1;2024;169,291;False;IPV738;1;5,4
2024-03-31 22:00:00;1;2024;176,636;False;IPV738;2;4,3
2024-06-30 22:00:00;1;2024;178,353;False;IPV738;3;1,0
2024-09-30 22:00:00;1;2024;181,877;False;IPV738;4;2,0
2024-12-31 23:00:00;1;2025;185,781;False;IPV738;1;2,1
2025-03-31 22:00:00;1;2025;190,827;False;IPV738;2;2,7
2025-06-30 22:00:00;1;2025;194,328;False;IPV738;3;1,8
2025-09-30 22:00:00;1;2025;200,631;False;IPV738;4;3,2
2006-12-31 23:00:00;1;2007;137,102;False;IPV739;1;0,0
2007-03-31 22:00:00;1;2007;141,929;False;IPV739;2;3,5
2007-06-30 22:00:00;1;2007;144,18;False;IPV739;3;1,6
2007-09-30 22:00:00;1;2007;145,844;False;IPV739;4;1,2
2007-12-31 23:00:00;1;2008;146,519;False;IPV739;1;0,5
2008-03-31 22:00:00;1;2008;146,262;False;IPV739;2;-0,2
2008-06-30 22:00:00;1;2008;145,333;False;IPV739;3;-0,6
2008-09-30 22:00:00;1;2008;142,711;False;IPV739;4;-1,8
2008-12-31 23:00:00;1;2009;138,894;False;IPV739;1;-2,7
2009-03-31 22:00:00;1;2009;138,074;False;IPV739;2;-0,6
2009-06-30 22:00:00;1;2009;136,444;False;IPV739;3;-1,2
2009-09-30 22:00:00;1;2009;135,781;False;IPV739;4;-0,5
2009-12-31 23:00:00;1;2010;133,17;False;IPV739;1;-1,9
2010-03-31 22:00:00;1;2010;135,343;False;IPV739;2;1,6
2010-06-30 22:00:00;1;2010;132,307;False;IPV739;3;-2,2
2010-09-30 22:00:00;1;2010;131,259;False;IPV739;4;-0,8
2010-12-31 23:00:00;1;2011;127,294;False;IPV739;1;-3,0
2011-03-31 22:00:00;1;2011;125,625;False;IPV739;2;-1,3
2011-06-30 22:00:00;1;2011;121,236;False;IPV739;3;-3,5
2011-09-30 22:00:00;1;2011;118,46;False;IPV739;4;-2,3
2011-12-31 23:00:00;1;2012;111,9;False;IPV739;1;-5,5
2012-03-31 22:00:00;1;2012;107,77;False;IPV739;2;-3,7
2012-06-30 22:00:00;1;2012;104,218;False;IPV739;3;-3,3
2012-09-30 22:00:00;1;2012;101,888;False;IPV739;4;-2,2
2012-12-31 23:00:00;1;2013;97,954;False;IPV739;1;-3,9
2013-03-31 22:00:00;1;2013;96,157;False;IPV739;2;-1,8
2013-06-30 22:00:00;1;2013;97,859;False;IPV739;3;1,8
2013-09-30 22:00:00;1;2013;95,391;False;IPV739;4;-2,5
2013-12-31 23:00:00;1;2014;95,453;False;IPV739;1;0,1
2014-03-31 22:00:00;1;2014;98,408;False;IPV739;2;3,1
2014-06-30 22:00:00;1;2014;98,762;False;IPV739;3;0,4
2014-09-30 22:00:00;1;2014;98,015;False;IPV739;4;-0,8
2014-12-31 23:00:00;1;2015;97,208;False;IPV739;1;-0,8
2015-03-31 22:00:00;1;2015;101,074;False;IPV739;2;4,0
2015-06-30 22:00:00;1;2015;100,8;False;IPV739;3;-0,3
2015-09-30 22:00:00;1;2015;100,918;False;IPV739;4;0,1
2015-12-31 23:00:00;1;2016;102,167;False;IPV739;1;1,2
2016-03-31 22:00:00;1;2016;102,913;False;IPV739;2;0,7
2016-06-30 22:00:00;1;2016;102,7;False;IPV739;3;-0,2
2016-09-30 22:00:00;1;2016;102,668;False;IPV739;4;0,0
2016-12-31 23:00:00;1;2017;104,081;False;IPV739;1;1,4
2017-03-31 22:00:00;1;2017;104,811;False;IPV739;2;0,7
2017-06-30 22:00:00;1;2017;105,721;False;IPV739;3;0,9
2017-09-30 22:00:00;1;2017;106,925;False;IPV739;4;1,1
2017-12-31 23:00:00;1;2018;107,643;False;IPV739;1;0,7
2018-03-31 22:00:00;1;2018;109,036;False;IPV739;2;1,3
2018-06-30 22:00:00;1;2018;110,662;False;IPV739;3;1,5
2018-09-30 22:00:00;1;2018;111,364;False;IPV739;4;0,6
2018-12-31 23:00:00;1;2019;112,128;False;IPV739;1;0,7
2019-03-31 22:00:00;1;2019;114,209;False;IPV739;2;1,9
2019-06-30 22:00:00;1;2019;115,325;False;IPV739;3;1,0
2019-09-30 22:00:00;1;2019;115,562;False;IPV739;4;0,2
2019-12-31 23:00:00;1;2020;116,059;False;IPV739;1;0,4
2020-03-31 22:00:00;1;2020;116,038;False;IPV739;2;0,0
2020-06-30 22:00:00;1;2020;117,677;False;IPV739;3;1,4
2020-09-30 22:00:00;1;2020;117,481;False;IPV739;4;-0,2
2020-12-31 23:00:00;1;2021;117,465;False;IPV739;1;0,0
2021-03-31 22:00:00;1;2021;121,046;False;IPV739;2;3,0
2021-06-30 22:00:00;1;2021;123,52;False;IPV739;3;2,0
2021-09-30 22:00:00;1;2021;125,433;False;IPV739;4;1,5
2021-12-31 23:00:00;1;2022;127,966;False;IPV739;1;2,0
2022-03-31 22:00:00;1;2022;130,746;False;IPV739;2;2,2
2022-06-30 22:00:00;1;2022;132,058;False;IPV739;3;1,0
2022-09-30 22:00:00;1;2022;131,774;False;IPV739;4;-0,2
2022-12-31 23:00:00;1;2023;132,264;False;IPV739;1;0,4
2023-03-31 22:00:00;1;2023;135,28;False;IPV739;2;2,3
2023-06-30 22:00:00;1;2023;138,773;False;IPV739;3;2,6
2023-09-30 22:00:00;1;2023;137,366;False;IPV739;4;-1,0
2023-12-31 23:00:00;1;2024;140,857;False;IPV739;1;2,5
2024-03-31 22:00:00;1;2024;146,95;False;IPV739;2;4,3
2024-06-30 22:00:00;1;2024;151,002;False;IPV739;3;2,8
2024-09-30 22:00:00;1;2024;154,122;False;IPV739;4;2,1
2024-12-31 23:00:00;1;2025;158,202;False;IPV739;1;2,6
2025-03-31 22:00:00;1;2025;165,435;False;IPV739;2;4,6
2025-06-30 22:00:00;1;2025;170,956;False;IPV739;3;3,3
2025-09-30 22:00:00;1;2025;174,969;False;IPV739;4;2,3
2006-12-31 23:00:00;1;2007;183,647;False;IPV740;1;0,0
2007-03-31 22:00:00;1;2007;188,098;False;IPV740;2;2,4
2007-06-30 22:00:00;1;2007;186,422;False;IPV740;3;-0,9
2007-09-30 22:00:00;1;2007;179,895;False;IPV740;4;-3,5
2007-12-31 23:00:00;1;2008;176,595;False;IPV740;1;-1,8
2008-03-31 22:00:00;1;2008;172,405;False;IPV740;2;-2,4
2008-06-30 22:00:00;1;2008;163,938;False;IPV740;3;-4,9
2008-09-30 22:00:00;1;2008;153,7;False;IPV740;4;-6,2
2008-12-31 23:00:00;1;2009;147,609;False;IPV740;1;-4,0
2009-03-31 22:00:00;1;2009;146,729;False;IPV740;2;-0,6
2009-06-30 22:00:00;1;2009;146,013;False;IPV740;3;-0,5
2009-09-30 22:00:00;1;2009;146,187;False;IPV740;4;0,1
2009-12-31 23:00:00;1;2010;143,961;False;IPV740;1;-1,5
2010-03-31 22:00:00;1;2010;145,93;False;IPV740;2;1,4
2010-06-30 22:00:00;1;2010;142,956;False;IPV740;3;-2,0
2010-09-30 22:00:00;1;2010;141,822;False;IPV740;4;-0,8
2010-12-31 23:00:00;1;2011;133,869;False;IPV740;1;-5,6
2011-03-31 22:00:00;1;2011;132,172;False;IPV740;2;-1,3
2011-06-30 22:00:00;1;2011;126,213;False;IPV740;3;-4,5
2011-09-30 22:00:00;1;2011;120,886;False;IPV740;4;-4,2
2011-12-31 23:00:00;1;2012;115,633;False;IPV740;1;-4,3
2012-03-31 22:00:00;1;2012;110,316;False;IPV740;2;-4,6
2012-06-30 22:00:00;1;2012;104,239;False;IPV740;3;-5,5
2012-09-30 22:00:00;1;2012;102,345;False;IPV740;4;-1,8
2012-12-31 23:00:00;1;2013;95,096;False;IPV740;1;-7,1
2013-03-31 22:00:00;1;2013;95,648;False;IPV740;2;0,6
2013-06-30 22:00:00;1;2013;95,345;False;IPV740;3;-0,3
2013-09-30 22:00:00;1;2013;94,537;False;IPV740;4;-0,8
2013-12-31 23:00:00;1;2014;94,065;False;IPV740;1;-0,5
2014-03-31 22:00:00;1;2014;95,699;False;IPV740;2;1,7
2014-06-30 22:00:00;1;2014;95,758;False;IPV740;3;0,1
2014-09-30 22:00:00;1;2014;96,615;False;IPV740;4;0,9
2014-12-31 23:00:00;1;2015;95,448;False;IPV740;1;-1,2
2015-03-31 22:00:00;1;2015;100,968;False;IPV740;2;5,8
2015-06-30 22:00:00;1;2015;101,597;False;IPV740;3;0,6
2015-09-30 22:00:00;1;2015;101,987;False;IPV740;4;0,4
2015-12-31 23:00:00;1;2016;103,663;False;IPV740;1;1,6
2016-03-31 22:00:00;1;2016;106,063;False;IPV740;2;2,3
2016-06-30 22:00:00;1;2016;108,18;False;IPV740;3;2,0
2016-09-30 22:00:00;1;2016;109,796;False;IPV740;4;1,5
2016-12-31 23:00:00;1;2017;112,878;False;IPV740;1;2,8
2017-03-31 22:00:00;1;2017;116,101;False;IPV740;2;2,9
2017-06-30 22:00:00;1;2017;119,13;False;IPV740;3;2,6
2017-09-30 22:00:00;1;2017;121,016;False;IPV740;4;1,6
2017-12-31 23:00:00;1;2018;122,614;False;IPV740;1;1,3
2018-03-31 22:00:00;1;2018;127,0;False;IPV740;2;3,6
2018-06-30 22:00:00;1;2018;130,076;False;IPV740;3;2,4
2018-09-30 22:00:00;1;2018;130,7;False;IPV740;4;0,5
2018-12-31 23:00:00;1;2019;131,468;False;IPV740;1;0,6
2019-03-31 22:00:00;1;2019;133,624;False;IPV740;2;1,6
2019-06-30 22:00:00;1;2019;135,933;False;IPV740;3;1,7
2019-09-30 22:00:00;1;2019;134,915;False;IPV740;4;-0,7
2019-12-31 23:00:00;1;2020;135,042;False;IPV740;1;0,1
2020-03-31 22:00:00;1;2020;136,067;False;IPV740;2;0,8
2020-06-30 22:00:00;1;2020;137,171;False;IPV740;3;0,8
2020-09-30 22:00:00;1;2020;134,885;False;IPV740;4;-1,7
2020-12-31 23:00:00;1;2021;136,518;False;IPV740;1;1,2
2021-03-31 22:00:00;1;2021;140,067;False;IPV740;2;2,6
2021-06-30 22:00:00;1;2021;142,013;False;IPV740;3;1,4
2021-09-30 22:00:00;1;2021;143,362;False;IPV740;4;0,9
2021-12-31 23:00:00;1;2022;146,818;False;IPV740;1;2,4
2022-03-31 22:00:00;1;2022;150,106;False;IPV740;2;2,2
2022-06-30 22:00:00;1;2022;153,55;False;IPV740;3;2,3
2022-09-30 22:00:00;1;2022;151,104;False;IPV740;4;-1,6
2022-12-31 23:00:00;1;2023;151,348;False;IPV740;1;0,2
2023-03-31 22:00:00;1;2023;154,071;False;IPV740;2;1,8
2023-06-30 22:00:00;1;2023;158,177;False;IPV740;3;2,7
2023-09-30 22:00:00;1;2023;155,698;False;IPV740;4;-1,6
2023-12-31 23:00:00;1;2024;159,252;False;IPV740;1;2,3
2024-03-31 22:00:00;1;2024;163,859;False;IPV740;2;2,9
2024-06-30 22:00:00;1;2024;168,328;False;IPV740;3;2,7
2024-09-30 22:00:00;1;2024;171,981;False;IPV740;4;2,2
2024-12-31 23:00:00;1;2025;177,714;False;IPV740;1;3,3
2025-03-31 22:00:00;1;2025;182,879;False;IPV740;2;2,9
2025-06-30 22:00:00;1;2025;188,051;False;IPV740;3;2,8
2025-09-30 22:00:00;1;2025;190,782;False;IPV740;4;1,5
2006-12-31 23:00:00;1;2007;141,831;False;IPV741;1;0,0
2007-03-31 22:00:00;1;2007;147,894;False;IPV741;2;4,3
2007-06-30 22:00:00;1;2007;148,17;False;IPV741;3;0,2
2007-09-30 22:00:00;1;2007;147,761;False;IPV741;4;-0,3
2007-12-31 23:00:00;1;2008;148,072;False;IPV741;1;0,2
2008-03-31 22:00:00;1;2008;149,895;False;IPV741;2;1,2
2008-06-30 22:00:00;1;2008;147,56;False;IPV741;3;-1,6
2008-09-30 22:00:00;1;2008;145,389;False;IPV741;4;-1,5
2008-12-31 23:00:00;1;2009;135,874;False;IPV741;1;-6,5
2009-03-31 22:00:00;1;2009;134,897;False;IPV741;2;-0,7
2009-06-30 22:00:00;1;2009;130,84;False;IPV741;3;-3,0
2009-09-30 22:00:00;1;2009;130,266;False;IPV741;4;-0,4
2009-12-31 23:00:00;1;2010;128,44;False;IPV741;1;-1,4
2010-03-31 22:00:00;1;2010;129,058;False;IPV741;2;0,5
2010-06-30 22:00:00;1;2010;127,451;False;IPV741;3;-1,2
2010-09-30 22:00:00;1;2010;127,204;False;IPV741;4;-0,2
2010-12-31 23:00:00;1;2011;125,605;False;IPV741;1;-1,3
2011-03-31 22:00:00;1;2011;121,621;False;IPV741;2;-3,2
2011-06-30 22:00:00;1;2011;117,938;False;IPV741;3;-3,0
2011-09-30 22:00:00;1;2011;110,235;False;IPV741;4;-6,5
2011-12-31 23:00:00;1;2012;103,048;False;IPV741;1;-6,5
2012-03-31 22:00:00;1;2012;101,683;False;IPV741;2;-1,3
2012-06-30 22:00:00;1;2012;97,878;False;IPV741;3;-3,7
2012-09-30 22:00:00;1;2012;97,521;False;IPV741;4;-0,4
2012-12-31 23:00:00;1;2013;89,603;False;IPV741;1;-8,1
2013-03-31 22:00:00;1;2013;86,286;False;IPV741;2;-3,7
2013-06-30 22:00:00;1;2013;91,229;False;IPV741;3;5,7
2013-09-30 22:00:00;1;2013;92,372;False;IPV741;4;1,3
2013-12-31 23:00:00;1;2014;91,715;False;IPV741;1;-0,7
2014-03-31 22:00:00;1;2014;93,777;False;IPV741;2;2,2
2014-06-30 22:00:00;1;2014;96,154;False;IPV741;3;2,5
2014-09-30 22:00:00;1;2014;94,599;False;IPV741;4;-1,6
2014-12-31 23:00:00;1;2015;96,498;False;IPV741;1;2,0
2015-03-31 22:00:00;1;2015;98,605;False;IPV741;2;2,2
2015-06-30 22:00:00;1;2015;102,077;False;IPV741;3;3,5
2015-09-30 22:00:00;1;2015;102,82;False;IPV741;4;0,7
2015-12-31 23:00:00;1;2016;104,474;False;IPV741;1;1,6
2016-03-31 22:00:00;1;2016;108,531;False;IPV741;2;3,9
2016-06-30 22:00:00;1;2016;110,368;False;IPV741;3;1,7
2016-09-30 22:00:00;1;2016;108,294;False;IPV741;4;-1,9
2016-12-31 23:00:00;1;2017;112,595;False;IPV741;1;4,0
2017-03-31 22:00:00;1;2017;116,976;False;IPV741;2;3,9
2017-06-30 22:00:00;1;2017;119,68;False;IPV741;3;2,3
2017-09-30 22:00:00;1;2017;119,185;False;IPV741;4;-0,4
2017-12-31 23:00:00;1;2018;121,523;False;IPV741;1;2,0
2018-03-31 22:00:00;1;2018;127,252;False;IPV741;2;4,7
2018-06-30 22:00:00;1;2018;128,878;False;IPV741;3;1,3
2018-09-30 22:00:00;1;2018;131,023;False;IPV741;4;1,7
2018-12-31 23:00:00;1;2019;135,929;False;IPV741;1;3,7
2019-03-31 22:00:00;1;2019;133,465;False;IPV741;2;-1,8
2019-06-30 22:00:00;1;2019;137,372;False;IPV741;3;2,9
2019-09-30 22:00:00;1;2019;137,426;False;IPV741;4;0,0
2019-12-31 23:00:00;1;2020;145,68;False;IPV741;1;6,0
2020-03-31 22:00:00;1;2020;143,046;False;IPV741;2;-1,8
2020-06-30 22:00:00;1;2020;150,374;False;IPV741;3;5,1
2020-09-30 22:00:00;1;2020;151,748;False;IPV741;4;0,9
2020-12-31 23:00:00;1;2021;149,613;False;IPV741;1;-1,4
2021-03-31 22:00:00;1;2021;152,409;False;IPV741;2;1,9
2021-06-30 22:00:00;1;2021;153,136;False;IPV741;3;0,5
2021-09-30 22:00:00;1;2021;158,624;False;IPV741;4;3,6
2021-12-31 23:00:00;1;2022;162,982;False;IPV741;1;2,7
2022-03-31 22:00:00;1;2022;163,891;False;IPV741;2;0,6
2022-06-30 22:00:00;1;2022;165,509;False;IPV741;3;1,0
2022-09-30 22:00:00;1;2022;167,994;False;IPV741;4;1,5
2022-12-31 23:00:00;1;2023;174,425;False;IPV741;1;3,8
2023-03-31 22:00:00;1;2023;176,747;False;IPV741;2;1,3
2023-06-30 22:00:00;1;2023;182,398;False;IPV741;3;3,2
2023-09-30 22:00:00;1;2023;181,233;False;IPV741;4;-0,6
2023-12-31 23:00:00;1;2024;190,301;False;IPV741;1;5,0
2024-03-31 22:00:00;1;2024;193,624;False;IPV741;2;1,7
2024-06-30 22:00:00;1;2024;200,203;False;IPV741;3;3,4
2024-09-30 22:00:00;1;2024;199,354;False;IPV741;4;-0,4
2024-12-31 23:00:00;1;2025;213,145;False;IPV741;1;6,9
2025-03-31 22:00:00;1;2025;215,637;False;IPV741;2;1,2
2025-06-30 22:00:00;1;2025;215,42;False;IPV741;3;-0,1
2025-09-30 22:00:00;1;2025;219,623;False;IPV741;4;2,0
2006-12-31 23:00:00;1;2007;170,691;False;IPV742;1;0,0
2007-03-31 22:00:00;1;2007;175,835;False;IPV742;2;3,0
2007-06-30 22:00:00;1;2007;174,88;False;IPV742;3;-0,5
2007-09-30 22:00:00;1;2007;170,591;False;IPV742;4;-2,5
2007-12-31 23:00:00;1;2008;168,62;False;IPV742;1;-1,2
2008-03-31 22:00:00;1;2008;166,667;False;IPV742;2;-1,2
2008-06-30 22:00:00;1;2008;160,411;False;IPV742;3;-3,8
2008-09-30 22:00:00;1;2008;153,096;False;IPV742;4;-4,6
2008-12-31 23:00:00;1;2009;145,496;False;IPV742;1;-5,0
2009-03-31 22:00:00;1;2009;144,561;False;IPV742;2;-0,6
2009-06-30 22:00:00;1;2009;142,467;False;IPV742;3;-1,4
2009-09-30 22:00:00;1;2009;142,339;False;IPV742;4;-0,1
2009-12-31 23:00:00;1;2010;140,235;False;IPV742;1;-1,5
2010-03-31 22:00:00;1;2010;141,694;False;IPV742;2;1,0
2010-06-30 22:00:00;1;2010;139,219;False;IPV742;3;-1,7
2010-09-30 22:00:00;1;2010;138,422;False;IPV742;4;-0,6
2010-12-31 23:00:00;1;2011;132,578;False;IPV742;1;-4,2
2011-03-31 22:00:00;1;2011;130,068;False;IPV742;2;-1,9
2011-06-30 22:00:00;1;2011;124,828;False;IPV742;3;-4,0
2011-09-30 22:00:00;1;2011;118,615;False;IPV742;4;-5,0
2011-12-31 23:00:00;1;2012;112,769;False;IPV742;1;-4,9
2012-03-31 22:00:00;1;2012;108,557;False;IPV742;2;-3,7
2012-06-30 22:00:00;1;2012;103,095;False;IPV742;3;-5,0
2012-09-30 22:00:00;1;2012;101,632;False;IPV742;4;-1,4
2012-12-31 23:00:00;1;2013;94,236;False;IPV742;1;-7,3
2013-03-31 22:00:00;1;2013;94,031;False;IPV742;2;-0,2
2013-06-30 22:00:00;1;2013;94,755;False;IPV742;3;0,8
2013-09-30 22:00:00;1;2013;94,327;False;IPV742;4;-0,5
2013-12-31 23:00:00;1;2014;93,836;False;IPV742;1;-0,5
2014-03-31 22:00:00;1;2014;95,514;False;IPV742;2;1,8
2014-06-30 22:00:00;1;2014;95,813;False;IPV742;3;0,3
2014-09-30 22:00:00;1;2014;96,421;False;IPV742;4;0,6
2014-12-31 23:00:00;1;2015;95,549;False;IPV742;1;-0,9
2015-03-31 22:00:00;1;2015;100,74;False;IPV742;2;5,4
2015-06-30 22:00:00;1;2015;101,643;False;IPV742;3;0,9
2015-09-30 22:00:00;1;2015;102,068;False;IPV742;4;0,4
2015-12-31 23:00:00;1;2016;103,741;False;IPV742;1;1,6
2016-03-31 22:00:00;1;2016;106,291;False;IPV742;2;2,5
2016-06-30 22:00:00;1;2016;108,383;False;IPV742;3;2,0
2016-09-30 22:00:00;1;2016;109,666;False;IPV742;4;1,2
2016-12-31 23:00:00;1;2017;112,848;False;IPV742;1;2,9
2017-03-31 22:00:00;1;2017;116,165;False;IPV742;2;2,9
2017-06-30 22:00:00;1;2017;119,167;False;IPV742;3;2,6
2017-09-30 22:00:00;1;2017;120,858;False;IPV742;4;1,4
2017-12-31 23:00:00;1;2018;122,514;False;IPV742;1;1,4
2018-03-31 22:00:00;1;2018;127,004;False;IPV742;2;3,7
2018-06-30 22:00:00;1;2018;129,967;False;IPV742;3;2,3
2018-09-30 22:00:00;1;2018;130,708;False;IPV742;4;0,6
2018-12-31 23:00:00;1;2019;131,836;False;IPV742;1;0,9
2019-03-31 22:00:00;1;2019;133,59;False;IPV742;2;1,3
2019-06-30 22:00:00;1;2019;136,037;False;IPV742;3;1,8
2019-09-30 22:00:00;1;2019;135,113;False;IPV742;4;-0,7
2019-12-31 23:00:00;1;2020;136,02;False;IPV742;1;0,7
2020-03-31 22:00:00;1;2020;136,693;False;IPV742;2;0,5
2020-06-30 22:00:00;1;2020;138,395;False;IPV742;3;1,2
2020-09-30 22:00:00;1;2020;136,461;False;IPV742;4;-1,4
2020-12-31 23:00:00;1;2021;137,675;False;IPV742;1;0,9
2021-03-31 22:00:00;1;2021;141,133;False;IPV742;2;2,5
2021-06-30 22:00:00;1;2021;142,94;False;IPV742;3;1,3
2021-09-30 22:00:00;1;2021;144,743;False;IPV742;4;1,3
2021-12-31 23:00:00;1;2022;148,291;False;IPV742;1;2,5
2022-03-31 22:00:00;1;2022;151,314;False;IPV742;2;2,0
2022-06-30 22:00:00;1;2022;154,552;False;IPV742;3;2,1
2022-09-30 22:00:00;1;2022;152,647;False;IPV742;4;-1,2
2022-12-31 23:00:00;1;2023;153,461;False;IPV742;1;0,5
2023-03-31 22:00:00;1;2023;156,147;False;IPV742;2;1,8
2023-06-30 22:00:00;1;2023;160,395;False;IPV742;3;2,7
2023-09-30 22:00:00;1;2023;158,037;False;IPV742;4;-1,5
2023-12-31 23:00:00;1;2024;162,075;False;IPV742;1;2,6
2024-03-31 22:00:00;1;2024;166,573;False;IPV742;2;2,8
2024-06-30 22:00:00;1;2024;171,23;False;IPV742;3;2,8
2024-09-30 22:00:00;1;2024;174,491;False;IPV742;4;1,9
2024-12-31 23:00:00;1;2025;180,959;False;IPV742;1;3,7
2025-03-31 22:00:00;1;2025;185,881;False;IPV742;2;2,7
2025-06-30 22:00:00;1;2025;190,561;False;IPV742;3;2,5
2025-09-30 22:00:00;1;2025;193,427;False;IPV742;4;1,5
2006-12-31 23:00:00;1;2007;157,404;False;IPV743;1;0,0
2007-03-31 22:00:00;1;2007;162,845;False;IPV743;2;3,5
2007-06-30 22:00:00;1;2007;164,699;False;IPV743;3;1,1
2007-09-30 22:00:00;1;2007;159,748;False;IPV743;4;-3,0
2007-12-31 23:00:00;1;2008;160,686;False;IPV743;1;0,6
2008-03-31 22:00:00;1;2008;159,304;False;IPV743;2;-0,9
2008-06-30 22:00:00;1;2008;154,946;False;IPV743;3;-2,7
2008-09-30 22:00:00;1;2008;148,864;False;IPV743;4;-3,9
2008-12-31 23:00:00;1;2009;144,551;False;IPV743;1;-2,9
2009-03-31 22:00:00;1;2009;147,542;False;IPV743;2;2,1
2009-06-30 22:00:00;1;2009;146,187;False;IPV743;3;-0,9
2009-09-30 22:00:00;1;2009;146,47;False;IPV743;4;0,2
2009-12-31 23:00:00;1;2010;146,598;False;IPV743;1;0,1
2010-03-31 22:00:00;1;2010;148,929;False;IPV743;2;1,6
2010-06-30 22:00:00;1;2010;145,321;False;IPV743;3;-2,4
2010-09-30 22:00:00;1;2010;146,786;False;IPV743;4;1,0
2010-12-31 23:00:00;1;2011;137,852;False;IPV743;1;-6,1
2011-03-31 22:00:00;1;2011;135,177;False;IPV743;2;-1,9
2011-06-30 22:00:00;1;2011;133,061;False;IPV743;3;-1,6
2011-09-30 22:00:00;1;2011;126,972;False;IPV743;4;-4,6
2011-12-31 23:00:00;1;2012;120,676;False;IPV743;1;-5,0
2012-03-31 22:00:00;1;2012;116,56;False;IPV743;2;-3,4
2012-06-30 22:00:00;1;2012;111,494;False;IPV743;3;-4,3
2012-09-30 22:00:00;1;2012;113,372;False;IPV743;4;1,7
2012-12-31 23:00:00;1;2013;101,334;False;IPV743;1;-10,6
2013-03-31 22:00:00;1;2013;99,797;False;IPV743;2;-1,5
2013-06-30 22:00:00;1;2013;99,882;False;IPV743;3;0,1
2013-09-30 22:00:00;1;2013;98,402;False;IPV743;4;-1,5
2013-12-31 23:00:00;1;2014;97,333;False;IPV743;1;-1,1
2014-03-31 22:00:00;1;2014;99,663;False;IPV743;2;2,4
2014-06-30 22:00:00;1;2014;97,7;False;IPV743;3;-2,0
2014-09-30 22:00:00;1;2014;99,122;False;IPV743;4;1,5
2014-12-31 23:00:00;1;2015;98,858;False;IPV743;1;-0,3
2015-03-31 22:00:00;1;2015;100,893;False;IPV743;2;2,1
2015-06-30 22:00:00;1;2015;100,069;False;IPV743;3;-0,8
2015-09-30 22:00:00;1;2015;100,18;False;IPV743;4;0,1
2015-12-31 23:00:00;1;2016;99,628;False;IPV743;1;-0,6
2016-03-31 22:00:00;1;2016;99,7;False;IPV743;2;0,1
2016-06-30 22:00:00;1;2016;100,041;False;IPV743;3;0,3
2016-09-30 22:00:00;1;2016;99,614;False;IPV743;4;-0,4
2016-12-31 23:00:00;1;2017;100,426;False;IPV743;1;0,8
2017-03-31 22:00:00;1;2017;100,77;False;IPV743;2;0,3
2017-06-30 22:00:00;1;2017;100,446;False;IPV743;3;-0,3
2017-09-30 22:00:00;1;2017;99,81;False;IPV743;4;-0,6
2017-12-31 23:00:00;1;2018;100,534;False;IPV743;1;0,7
2018-03-31 22:00:00;1;2018;101,737;False;IPV743;2;1,2
2018-06-30 22:00:00;1;2018;102,678;False;IPV743;3;0,9
2018-09-30 22:00:00;1;2018;102,84;False;IPV743;4;0,2
2018-12-31 23:00:00;1;2019;103,348;False;IPV743;1;0,5
2019-03-31 22:00:00;1;2019;104,304;False;IPV743;2;0,9
2019-06-30 22:00:00;1;2019;104,84;False;IPV743;3;0,5
2019-09-30 22:00:00;1;2019;104,674;False;IPV743;4;-0,2
2019-12-31 23:00:00;1;2020;103,977;False;IPV743;1;-0,7
2020-03-31 22:00:00;1;2020;105,882;False;IPV743;2;1,8
2020-06-30 22:00:00;1;2020;105,805;False;IPV743;3;-0,1
2020-09-30 22:00:00;1;2020;106,271;False;IPV743;4;0,4
2020-12-31 23:00:00;1;2021;104,727;False;IPV743;1;-1,5
2021-03-31 22:00:00;1;2021;108,535;False;IPV743;2;3,6
2021-06-30 22:00:00;1;2021;109,467;False;IPV743;3;0,9
2021-09-30 22:00:00;1;2021;110,319;False;IPV743;4;0,8
2021-12-31 23:00:00;1;2022;111,904;False;IPV743;1;1,4
2022-03-31 22:00:00;1;2022;115,121;False;IPV743;2;2,9
2022-06-30 22:00:00;1;2022;117,158;False;IPV743;3;1,8
2022-09-30 22:00:00;1;2022;114,214;False;IPV743;4;-2,5
2022-12-31 23:00:00;1;2023;113,148;False;IPV743;1;-0,9
2023-03-31 22:00:00;1;2023;116,396;False;IPV743;2;2,9
2023-06-30 22:00:00;1;2023;117,521;False;IPV743;3;1,0
2023-09-30 22:00:00;1;2023;116,412;False;IPV743;4;-0,9
2023-12-31 23:00:00;1;2024;118,494;False;IPV743;1;1,8
2024-03-31 22:00:00;1;2024;122,775;False;IPV743;2;3,6
2024-06-30 22:00:00;1;2024;125,668;False;IPV743;3;2,4
2024-09-30 22:00:00;1;2024;126,298;False;IPV743;4;0,5
2024-12-31 23:00:00;1;2025;130,495;False;IPV743;1;3,3
2025-03-31 22:00:00;1;2025;136,262;False;IPV743;2;4,4
2025-06-30 22:00:00;1;2025;140,14;False;IPV743;3;2,8
2025-09-30 22:00:00;1;2025;142,094;False;IPV743;4;1,4
2006-12-31 23:00:00;1;2007;136,182;False;IPV744;1;0,0
2007-03-31 22:00:00;1;2007;138,842;False;IPV744;2;2,0
2007-06-30 22:00:00;1;2007;141,781;False;IPV744;3;2,1
2007-09-30 22:00:00;1;2007;144,958;False;IPV744;4;2,2
2007-12-31 23:00:00;1;2008;145,164;False;IPV744;1;0,1
2008-03-31 22:00:00;1;2008;147,983;False;IPV744;2;1,9
2008-06-30 22:00:00;1;2008;149,28;False;IPV744;3;0,9
2008-09-30 22:00:00;1;2008;146,639;False;IPV744;4;-1,8
2008-12-31 23:00:00;1;2009;146,901;False;IPV744;1;0,2
2009-03-31 22:00:00;1;2009;145,64;False;IPV744;2;-0,9
2009-06-30 22:00:00;1;2009;144,791;False;IPV744;3;-0,6
2009-09-30 22:00:00;1;2009;143,286;False;IPV744;4;-1,0
2009-12-31 23:00:00;1;2010;142,721;False;IPV744;1;-0,4
2010-03-31 22:00:00;1;2010;146,015;False;IPV744;2;2,3
2010-06-30 22:00:00;1;2010;140,475;False;IPV744;3;-3,8
2010-09-30 22:00:00;1;2010;141,628;False;IPV744;4;0,8
2010-12-31 23:00:00;1;2011;137,433;False;IPV744;1;-3,0
2011-03-31 22:00:00;1;2011;136,565;False;IPV744;2;-0,6
2011-06-30 22:00:00;1;2011;135,077;False;IPV744;3;-1,1
2011-09-30 22:00:00;1;2011;131,702;False;IPV744;4;-2,5
2011-12-31 23:00:00;1;2012;125,406;False;IPV744;1;-4,8
2012-03-31 22:00:00;1;2012;122,065;False;IPV744;2;-2,7
2012-06-30 22:00:00;1;2012;118,07;False;IPV744;3;-3,3
2012-09-30 22:00:00;1;2012;116,581;False;IPV744;4;-1,3
2012-12-31 23:00:00;1;2013;104,529;False;IPV744;1;-10,3
2013-03-31 22:00:00;1;2013;100,477;False;IPV744;2;-3,9
2013-06-30 22:00:00;1;2013;100,455;False;IPV744;3;0,0
2013-09-30 22:00:00;1;2013;96,549;False;IPV744;4;-3,9
2013-12-31 23:00:00;1;2014;95,181;False;IPV744;1;-1,4
2014-03-31 22:00:00;1;2014;95,881;False;IPV744;2;0,7
2014-06-30 22:00:00;1;2014;95,743;False;IPV744;3;-0,1
2014-09-30 22:00:00;1;2014;95,713;False;IPV744;4;0,0
2014-12-31 23:00:00;1;2015;97,788;False;IPV744;1;2,2
2015-03-31 22:00:00;1;2015;99,915;False;IPV744;2;2,2
2015-06-30 22:00:00;1;2015;100,636;False;IPV744;3;0,7
2015-09-30 22:00:00;1;2015;101,661;False;IPV744;4;1,0
2015-12-31 23:00:00;1;2016;101,825;False;IPV744;1;0,2
2016-03-31 22:00:00;1;2016;107,504;False;IPV744;2;5,6
2016-06-30 22:00:00;1;2016;107,183;False;IPV744;3;-0,3
2016-09-30 22:00:00;1;2016;104,002;False;IPV744;4;-3,0
2016-12-31 23:00:00;1;2017;107,164;False;IPV744;1;3,0
2017-03-31 22:00:00;1;2017;107,503;False;IPV744;2;0,3
2017-06-30 22:00:00;1;2017;106,805;False;IPV744;3;-0,6
2017-09-30 22:00:00;1;2017;105,674;False;IPV744;4;-1,1
2017-12-31 23:00:00;1;2018;111,411;False;IPV744;1;5,4
2018-03-31 22:00:00;1;2018;112,325;False;IPV744;2;0,8
2018-06-30 22:00:00;1;2018;116,253;False;IPV744;3;3,5
2018-09-30 22:00:00;1;2018;116,361;False;IPV744;4;0,1
2018-12-31 23:00:00;1;2019;124,2;False;IPV744;1;6,7
2019-03-31 22:00:00;1;2019;125,311;False;IPV744;2;0,9
2019-06-30 22:00:00;1;2019;126,172;False;IPV744;3;0,7
2019-09-30 22:00:00;1;2019;127,79;False;IPV744;4;1,3
2019-12-31 23:00:00;1;2020;128,217;False;IPV744;1;0,3
2020-03-31 22:00:00;1;2020;127,386;False;IPV744;2;-0,6
2020-06-30 22:00:00;1;2020;131,019;False;IPV744;3;2,9
2020-09-30 22:00:00;1;2020;127,011;False;IPV744;4;-3,1
2020-12-31 23:00:00;1;2021;125,52;False;IPV744;1;-1,2
2021-03-31 22:00:00;1;2021;129,535;False;IPV744;2;3,2
2021-06-30 22:00:00;1;2021;131,663;False;IPV744;3;1,6
2021-09-30 22:00:00;1;2021;133,327;False;IPV744;4;1,3
2021-12-31 23:00:00;1;2022;136,259;False;IPV744;1;2,2
2022-03-31 22:00:00;1;2022;137,162;False;IPV744;2;0,7
2022-06-30 22:00:00;1;2022;137,312;False;IPV744;3;0,1
2022-09-30 22:00:00;1;2022;142,065;False;IPV744;4;3,5
2022-12-31 23:00:00;1;2023;142,266;False;IPV744;1;0,1
2023-03-31 22:00:00;1;2023;146,377;False;IPV744;2;2,9
2023-06-30 22:00:00;1;2023;143,368;False;IPV744;3;-2,1
2023-09-30 22:00:00;1;2023;146,467;False;IPV744;4;2,2
2023-12-31 23:00:00;1;2024;150,868;False;IPV744;1;3,0
2024-03-31 22:00:00;1;2024;152,486;False;IPV744;2;1,1
2024-06-30 22:00:00;1;2024;153,524;False;IPV744;3;0,7
2024-09-30 22:00:00;1;2024;160,632;False;IPV744;4;4,6
2024-12-31 23:00:00;1;2025;168,609;False;IPV744;1;5,0
2025-03-31 22:00:00;1;2025;172,388;False;IPV744;2;2,2
2025-06-30 22:00:00;1;2025;171,958;False;IPV744;3;-0,2
2025-09-30 22:00:00;1;2025;183,691;False;IPV744;4;6,8
2006-12-31 23:00:00;1;2007;142,158;False;IPV745;1;0,0
2007-03-31 22:00:00;1;2007;145,683;False;IPV745;2;2,5
2007-06-30 22:00:00;1;2007;148,263;False;IPV745;3;1,8
2007-09-30 22:00:00;1;2007;148,855;False;IPV745;4;0,4
2007-12-31 23:00:00;1;2008;149,291;False;IPV745;1;0,3
2008-03-31 22:00:00;1;2008;150,768;False;IPV745;2;1,0
2008-06-30 22:00:00;1;2008;150,271;False;IPV745;3;-0,3
2008-09-30 22:00:00;1;2008;146,557;False;IPV745;4;-2,5
2008-12-31 23:00:00;1;2009;145,63;False;IPV745;1;-0,6
2009-03-31 22:00:00;1;2009;145,479;False;IPV745;2;-0,1
2009-06-30 22:00:00;1;2009;144,502;False;IPV745;3;-0,7
2009-09-30 22:00:00;1;2009;143,468;False;IPV745;4;-0,7
2009-12-31 23:00:00;1;2010;143,071;False;IPV745;1;-0,3
2010-03-31 22:00:00;1;2010;146,121;False;IPV745;2;2,1
2010-06-30 22:00:00;1;2010;141,066;False;IPV745;3;-3,5
2010-09-30 22:00:00;1;2010;142,289;False;IPV745;4;0,9
2010-12-31 23:00:00;1;2011;136,817;False;IPV745;1;-3,8
2011-03-31 22:00:00;1;2011;135,457;False;IPV745;2;-1,0
2011-06-30 22:00:00;1;2011;133,805;False;IPV745;3;-1,2
2011-09-30 22:00:00;1;2011;129,704;False;IPV745;4;-3,1
2011-12-31 23:00:00;1;2012;123,417;False;IPV745;1;-4,8
2012-03-31 22:00:00;1;2012;119,785;False;IPV745;2;-2,9
2012-06-30 22:00:00;1;2012;115,386;False;IPV745;3;-3,7
2012-09-30 22:00:00;1;2012;115,185;False;IPV745;4;-0,2
2012-12-31 23:00:00;1;2013;103,094;False;IPV745;1;-10,5
2013-03-31 22:00:00;1;2013;100,477;False;IPV745;2;-2,5
2013-06-30 22:00:00;1;2013;100,517;False;IPV745;3;0,0
2013-09-30 22:00:00;1;2013;97,994;False;IPV745;4;-2,5
2013-12-31 23:00:00;1;2014;96,864;False;IPV745;1;-1,2
2014-03-31 22:00:00;1;2014;98,856;False;IPV745;2;2,1
2014-06-30 22:00:00;1;2014;97,27;False;IPV745;3;-1,6
2014-09-30 22:00:00;1;2014;98,392;False;IPV745;4;1,2
2014-12-31 23:00:00;1;2015;98,629;False;IPV745;1;0,2
2015-03-31 22:00:00;1;2015;100,683;False;IPV745;2;2,1
2015-06-30 22:00:00;1;2015;100,191;False;IPV745;3;-0,5
2015-09-30 22:00:00;1;2015;100,497;False;IPV745;4;0,3
2015-12-31 23:00:00;1;2016;100,087;False;IPV745;1;-0,4
2016-03-31 22:00:00;1;2016;101,273;False;IPV745;2;1,2
2016-06-30 22:00:00;1;2016;101,482;False;IPV745;3;0,2
2016-09-30 22:00:00;1;2016;100,508;False;IPV745;4;-1,0
2016-12-31 23:00:00;1;2017;101,696;False;IPV745;1;1,2
2017-03-31 22:00:00;1;2017;102,039;False;IPV745;2;0,3
2017-06-30 22:00:00;1;2017;101,655;False;IPV745;3;-0,4
2017-09-30 22:00:00;1;2017;100,939;False;IPV745;4;-0,7
2017-12-31 23:00:00;1;2018;102,378;False;IPV745;1;1,4
2018-03-31 22:00:00;1;2018;103,544;False;IPV745;2;1,1
2018-06-30 22:00:00;1;2018;104,912;False;IPV745;3;1,3
2018-09-30 22:00:00;1;2018;105,067;False;IPV745;4;0,1
2018-12-31 23:00:00;1;2019;106,595;False;IPV745;1;1,5
2019-03-31 22:00:00;1;2019;107,576;False;IPV745;2;0,9
2019-06-30 22:00:00;1;2019;108,16;False;IPV745;3;0,5
2019-09-30 22:00:00;1;2019;108,241;False;IPV745;4;0,1
2019-12-31 23:00:00;1;2020;107,689;False;IPV745;1;-0,5
2020-03-31 22:00:00;1;2020;109,242;False;IPV745;2;1,4
2020-06-30 22:00:00;1;2020;109,655;False;IPV745;3;0,4
2020-09-30 22:00:00;1;2020;109,532;False;IPV745;4;-0,1
2020-12-31 23:00:00;1;2021;107,989;False;IPV745;1;-1,4
2021-03-31 22:00:00;1;2021;111,84;False;IPV745;2;3,6
2021-06-30 22:00:00;1;2021;112,94;False;IPV745;3;1,0
2021-09-30 22:00:00;1;2021;113,907;False;IPV745;4;0,9
2021-12-31 23:00:00;1;2022;115,686;False;IPV745;1;1,6
2022-03-31 22:00:00;1;2022;118,588;False;IPV745;2;2,5
2022-06-30 22:00:00;1;2022;120,366;False;IPV745;3;1,5
2022-09-30 22:00:00;1;2022;118,496;False;IPV745;4;-1,6
2022-12-31 23:00:00;1;2023;117,56;False;IPV745;1;-0,8
2023-03-31 22:00:00;1;2023;120,939;False;IPV745;2;2,9
2023-06-30 22:00:00;1;2023;121,611;False;IPV745;3;0,6
2023-09-30 22:00:00;1;2023;120,963;False;IPV745;4;-0,5
2023-12-31 23:00:00;1;2024;123,353;False;IPV745;1;2,0
2024-03-31 22:00:00;1;2024;127,322;False;IPV745;2;3,2
2024-06-30 22:00:00;1;2024;129,997;False;IPV745;3;2,1
2024-09-30 22:00:00;1;2024;131,455;False;IPV745;4;1,1
2024-12-31 23:00:00;1;2025;136,159;False;IPV745;1;3,6
2025-03-31 22:00:00;1;2025;141,709;False;IPV745;2;4,1
2025-06-30 22:00:00;1;2025;145,063;False;IPV745;3;2,4
2025-09-30 22:00:00;1;2025;148,275;False;IPV745;4;2,2
2006-12-31 23:00:00;1;2007;165,976;False;IPV746;1;0,0
2007-03-31 22:00:00;1;2007;171,704;False;IPV746;2;3,5
2007-06-30 22:00:00;1;2007;173,654;False;IPV746;3;1,1
2007-09-30 22:00:00;1;2007;172,244;False;IPV746;4;-0,8
2007-12-31 23:00:00;1;2008;172,848;False;IPV746;1;0,4
2008-03-31 22:00:00;1;2008;167,738;False;IPV746;2;-3,0
2008-06-30 22:00:00;1;2008;162,064;False;IPV746;3;-3,4
2008-09-30 22:00:00;1;2008;158,347;False;IPV746;4;-2,3
2008-12-31 23:00:00;1;2009;154,411;False;IPV746;1;-2,5
2009-03-31 22:00:00;1;2009;156,515;False;IPV746;2;1,4
2009-06-30 22:00:00;1;2009;154,035;False;IPV746;3;-1,6
2009-09-30 22:00:00;1;2009;154,252;False;IPV746;4;0,1
2009-12-31 23:00:00;1;2010;151,408;False;IPV746;1;-1,8
2010-03-31 22:00:00;1;2010;154,272;False;IPV746;2;1,9
2010-06-30 22:00:00;1;2010;149,861;False;IPV746;3;-2,9
2010-09-30 22:00:00;1;2010;152,604;False;IPV746;4;1,8
2010-12-31 23:00:00;1;2011;142,24;False;IPV746;1;-6,8
2011-03-31 22:00:00;1;2011;141,822;False;IPV746;2;-0,3
2011-06-30 22:00:00;1;2011;137,809;False;IPV746;3;-2,8
2011-09-30 22:00:00;1;2011;130,678;False;IPV746;4;-5,2
2011-12-31 23:00:00;1;2012;123,972;False;IPV746;1;-5,1
2012-03-31 22:00:00;1;2012;118,612;False;IPV746;2;-4,3
2012-06-30 22:00:00;1;2012;113,654;False;IPV746;3;-4,2
2012-09-30 22:00:00;1;2012;112,488;False;IPV746;4;-1,0
2012-12-31 23:00:00;1;2013;101,96;False;IPV746;1;-9,4
2013-03-31 22:00:00;1;2013;100,908;False;IPV746;2;-1,0
2013-06-30 22:00:00;1;2013;100,575;False;IPV746;3;-0,3
2013-09-30 22:00:00;1;2013;99,002;False;IPV746;4;-1,6
2013-12-31 23:00:00;1;2014;98,064;False;IPV746;1;-0,9
2014-03-31 22:00:00;1;2014;99,893;False;IPV746;2;1,9
2014-06-30 22:00:00;1;2014;98,834;False;IPV746;3;-1,1
2014-09-30 22:00:00;1;2014;99,564;False;IPV746;4;0,7
2014-12-31 23:00:00;1;2015;98,135;False;IPV746;1;-1,4
2015-03-31 22:00:00;1;2015;101,132;False;IPV746;2;3,1
2015-06-30 22:00:00;1;2015;100,54;False;IPV746;3;-0,6
2015-09-30 22:00:00;1;2015;100,193;False;IPV746;4;-0,3
2015-12-31 23:00:00;1;2016;100,1;False;IPV746;1;-0,1
2016-03-31 22:00:00;1;2016;100,854;False;IPV746;2;0,8
2016-06-30 22:00:00;1;2016;100,988;False;IPV746;3;0,1
2016-09-30 22:00:00;1;2016;100,83;False;IPV746;4;-0,2
2016-12-31 23:00:00;1;2017;101,917;False;IPV746;1;1,1
2017-03-31 22:00:00;1;2017;102,251;False;IPV746;2;0,3
2017-06-30 22:00:00;1;2017;102,178;False;IPV746;3;-0,1
2017-09-30 22:00:00;1;2017;103,07;False;IPV746;4;0,9
2017-12-31 23:00:00;1;2018;103,837;False;IPV746;1;0,7
2018-03-31 22:00:00;1;2018;105,802;False;IPV746;2;1,9
2018-06-30 22:00:00;1;2018;107,486;False;IPV746;3;1,6
2018-09-30 22:00:00;1;2018;107,454;False;IPV746;4;0,0
2018-12-31 23:00:00;1;2019;108,54;False;IPV746;1;1,0
2019-03-31 22:00:00;1;2019;110,823;False;IPV746;2;2,1
2019-06-30 22:00:00;1;2019;111,59;False;IPV746;3;0,7
2019-09-30 22:00:00;1;2019;112,178;False;IPV746;4;0,5
2019-12-31 23:00:00;1;2020;111,339;False;IPV746;1;-0,7
2020-03-31 22:00:00;1;2020;114,037;False;IPV746;2;2,4
2020-06-30 22:00:00;1;2020;113,032;False;IPV746;3;-0,9
2020-09-30 22:00:00;1;2020;113,209;False;IPV746;4;0,2
2020-12-31 23:00:00;1;2021;113,469;False;IPV746;1;0,2
2021-03-31 22:00:00;1;2021;116,823;False;IPV746;2;3,0
2021-06-30 22:00:00;1;2021;117,964;False;IPV746;3;1,0
2021-09-30 22:00:00;1;2021;119,239;False;IPV746;4;1,1
2021-12-31 23:00:00;1;2022;121,348;False;IPV746;1;1,8
2022-03-31 22:00:00;1;2022;124,212;False;IPV746;2;2,4
2022-06-30 22:00:00;1;2022;126,226;False;IPV746;3;1,6
2022-09-30 22:00:00;1;2022;123,577;False;IPV746;4;-2,1
2022-12-31 23:00:00;1;2023;123,292;False;IPV746;1;-0,2
2023-03-31 22:00:00;1;2023;126,32;False;IPV746;2;2,5
2023-06-30 22:00:00;1;2023;127,847;False;IPV746;3;1,2
2023-09-30 22:00:00;1;2023;127,558;False;IPV746;4;-0,2
2023-12-31 23:00:00;1;2024;130,353;False;IPV746;1;2,2
2024-03-31 22:00:00;1;2024;135,376;False;IPV746;2;3,9
2024-06-30 22:00:00;1;2024;138,645;False;IPV746;3;2,4
2024-09-30 22:00:00;1;2024;140,977;False;IPV746;4;1,7
2024-12-31 23:00:00;1;2025;146,678;False;IPV746;1;4,0
2025-03-31 22:00:00;1;2025;153,707;False;IPV746;2;4,8
2025-06-30 22:00:00;1;2025;159,001;False;IPV746;3;3,4
2025-09-30 22:00:00;1;2025;162,883;False;IPV746;4;2,4
2006-12-31 23:00:00;1;2007;131,272;False;IPV747;1;0,0
2007-03-31 22:00:00;1;2007;134,046;False;IPV747;2;2,1
2007-06-30 22:00:00;1;2007;138,029;False;IPV747;3;3,0
2007-09-30 22:00:00;1;2007;142,846;False;IPV747;4;3,5
2007-12-31 23:00:00;1;2008;143,945;False;IPV747;1;0,8
2008-03-31 22:00:00;1;2008;144,543;False;IPV747;2;0,4
2008-06-30 22:00:00;1;2008;145,076;False;IPV747;3;0,4
2008-09-30 22:00:00;1;2008;144,48;False;IPV747;4;-0,4
2008-12-31 23:00:00;1;2009;145,659;False;IPV747;1;0,8
2009-03-31 22:00:00;1;2009;144,85;False;IPV747;2;-0,6
2009-06-30 22:00:00;1;2009;143,417;False;IPV747;3;-1,0
2009-09-30 22:00:00;1;2009;140,867;False;IPV747;4;-1,8
2009-12-31 23:00:00;1;2010;137,981;False;IPV747;1;-2,0
2010-03-31 22:00:00;1;2010;141,833;False;IPV747;2;2,8
2010-06-30 22:00:00;1;2010;137,782;False;IPV747;3;-2,9
2010-09-30 22:00:00;1;2010;138,797;False;IPV747;4;0,7
2010-12-31 23:00:00;1;2011;135,456;False;IPV747;1;-2,4
2011-03-31 22:00:00;1;2011;135,227;False;IPV747;2;-0,2
2011-06-30 22:00:00;1;2011;134,165;False;IPV747;3;-0,8
2011-09-30 22:00:00;1;2011;127,713;False;IPV747;4;-4,8
2011-12-31 23:00:00;1;2012;123,622;False;IPV747;1;-3,2
2012-03-31 22:00:00;1;2012;118,687;False;IPV747;2;-4,0
2012-06-30 22:00:00;1;2012;114,782;False;IPV747;3;-3,3
2012-09-30 22:00:00;1;2012;113,771;False;IPV747;4;-0,9
2012-12-31 23:00:00;1;2013;104,811;False;IPV747;1;-7,9
2013-03-31 22:00:00;1;2013;101,037;False;IPV747;2;-3,6
2013-06-30 22:00:00;1;2013;101,249;False;IPV747;3;0,2
2013-09-30 22:00:00;1;2013;96,432;False;IPV747;4;-4,8
2013-12-31 23:00:00;1;2014;96,134;False;IPV747;1;-0,3
2014-03-31 22:00:00;1;2014;97,908;False;IPV747;2;1,8
2014-06-30 22:00:00;1;2014;97,053;False;IPV747;3;-0,9
2014-09-30 22:00:00;1;2014;98,369;False;IPV747;4;1,4
2014-12-31 23:00:00;1;2015;100,384;False;IPV747;1;2,0
2015-03-31 22:00:00;1;2015;100,121;False;IPV747;2;-0,3
2015-06-30 22:00:00;1;2015;98,817;False;IPV747;3;-1,3
2015-09-30 22:00:00;1;2015;100,678;False;IPV747;4;1,9
2015-12-31 23:00:00;1;2016;100,963;False;IPV747;1;0,3
2016-03-31 22:00:00;1;2016;104,878;False;IPV747;2;3,9
2016-06-30 22:00:00;1;2016;103,637;False;IPV747;3;-1,2
2016-09-30 22:00:00;1;2016;102,185;False;IPV747;4;-1,4
2016-12-31 23:00:00;1;2017;104,923;False;IPV747;1;2,7
2017-03-31 22:00:00;1;2017;105,022;False;IPV747;2;0,1
2017-06-30 22:00:00;1;2017;104,284;False;IPV747;3;-0,7
2017-09-30 22:00:00;1;2017;104,982;False;IPV747;4;0,7
2017-12-31 23:00:00;1;2018;109,817;False;IPV747;1;4,6
2018-03-31 22:00:00;1;2018;111,563;False;IPV747;2;1,6
2018-06-30 22:00:00;1;2018;114,366;False;IPV747;3;2,5
2018-09-30 22:00:00;1;2018;113,93;False;IPV747;4;-0,4
2018-12-31 23:00:00;1;2019;118,837;False;IPV747;1;4,3
2019-03-31 22:00:00;1;2019;122,571;False;IPV747;2;3,1
2019-06-30 22:00:00;1;2019;121,223;False;IPV747;3;-1,1
2019-09-30 22:00:00;1;2019;124,933;False;IPV747;4;3,1
2019-12-31 23:00:00;1;2020;125,389;False;IPV747;1;0,4
2020-03-31 22:00:00;1;2020;126,722;False;IPV747;2;1,1
2020-06-30 22:00:00;1;2020;132,352;False;IPV747;3;4,4
2020-09-30 22:00:00;1;2020;130,229;False;IPV747;4;-1,6
2020-12-31 23:00:00;1;2021;128,779;False;IPV747;1;-1,1
2021-03-31 22:00:00;1;2021;131,865;False;IPV747;2;2,4
2021-06-30 22:00:00;1;2021;136,618;False;IPV747;3;3,6
2021-09-30 22:00:00;1;2021;137,652;False;IPV747;4;0,8
2021-12-31 23:00:00;1;2022;140,37;False;IPV747;1;2,0
2022-03-31 22:00:00;1;2022;141,187;False;IPV747;2;0,6
2022-06-30 22:00:00;1;2022;142,332;False;IPV747;3;0,8
2022-09-30 22:00:00;1;2022;146,342;False;IPV747;4;2,8
2022-12-31 23:00:00;1;2023;150,398;False;IPV747;1;2,8
2023-03-31 22:00:00;1;2023;153,751;False;IPV747;2;2,2
2023-06-30 22:00:00;1;2023;154,734;False;IPV747;3;0,6
2023-09-30 22:00:00;1;2023;153,264;False;IPV747;4;-1,0
2023-12-31 23:00:00;1;2024;160,275;False;IPV747;1;4,6
2024-03-31 22:00:00;1;2024;162,147;False;IPV747;2;1,2
2024-06-30 22:00:00;1;2024;163,873;False;IPV747;3;1,1
2024-09-30 22:00:00;1;2024;169,777;False;IPV747;4;3,6
2024-12-31 23:00:00;1;2025;179,715;False;IPV747;1;5,9
2025-03-31 22:00:00;1;2025;184,36;False;IPV747;2;2,6
2025-06-30 22:00:00;1;2025;185,307;False;IPV747;3;0,5
2025-09-30 22:00:00;1;2025;193,968;False;IPV747;4;4,7
2006-12-31 23:00:00;1;2007;144,624;False;IPV748;1;0,0
2007-03-31 22:00:00;1;2007;148,47;False;IPV748;2;2,7
2007-06-30 22:00:00;1;2007;151,76;False;IPV748;3;2,2
2007-09-30 22:00:00;1;2007;154,401;False;IPV748;4;1,7
2007-12-31 23:00:00;1;2008;155,332;False;IPV748;1;0,6
2008-03-31 22:00:00;1;2008;153,905;False;IPV748;2;-0,9
2008-06-30 22:00:00;1;2008;152,235;False;IPV748;3;-1,1
2008-09-30 22:00:00;1;2008;150,524;False;IPV748;4;-1,1
2008-12-31 23:00:00;1;2009;150,169;False;IPV748;1;-0,2
2009-03-31 22:00:00;1;2009;150,232;False;IPV748;2;0,0
2009-06-30 22:00:00;1;2009;148,464;False;IPV748;3;-1,2
2009-09-30 22:00:00;1;2009;146,719;False;IPV748;4;-1,2
2009-12-31 23:00:00;1;2010;143,812;False;IPV748;1;-2,0
2010-03-31 22:00:00;1;2010;147,404;False;IPV748;2;2,5
2010-06-30 22:00:00;1;2010;143,193;False;IPV748;3;-2,9
2010-09-30 22:00:00;1;2010;144,755;False;IPV748;4;1,1
2010-12-31 23:00:00;1;2011;138,792;False;IPV748;1;-4,1
2011-03-31 22:00:00;1;2011;138,492;False;IPV748;2;-0,2
2011-06-30 22:00:00;1;2011;136,33;False;IPV748;3;-1,6
2011-09-30 22:00:00;1;2011;129,587;False;IPV748;4;-4,9
2011-12-31 23:00:00;1;2012;124,211;False;IPV748;1;-4,1
2012-03-31 22:00:00;1;2012;119,053;False;IPV748;2;-4,2
2012-06-30 22:00:00;1;2012;114,622;False;IPV748;3;-3,7
2012-09-30 22:00:00;1;2012;113,533;False;IPV748;4;-1,0
2012-12-31 23:00:00;1;2013;103,543;False;IPV748;1;-8,8
2013-03-31 22:00:00;1;2013;101,46;False;IPV748;2;-2,0
2013-06-30 22:00:00;1;2013;101,331;False;IPV748;3;-0,1
2013-09-30 22:00:00;1;2013;98,528;False;IPV748;4;-2,8
2013-12-31 23:00:00;1;2014;97,711;False;IPV748;1;-0,8
2014-03-31 22:00:00;1;2014;99,529;False;IPV748;2;1,9
2014-06-30 22:00:00;1;2014;98,509;False;IPV748;3;-1,0
2014-09-30 22:00:00;1;2014;99,349;False;IPV748;4;0,9
2014-12-31 23:00:00;1;2015;98,54;False;IPV748;1;-0,8
2015-03-31 22:00:00;1;2015;100,95;False;IPV748;2;2,4
2015-06-30 22:00:00;1;2015;100,23;False;IPV748;3;-0,7
2015-09-30 22:00:00;1;2015;100,28;False;IPV748;4;0,0
2015-12-31 23:00:00;1;2016;100,247;False;IPV748;1;0,0
2016-03-31 22:00:00;1;2016;101,504;False;IPV748;2;1,3
2016-06-30 22:00:00;1;2016;101,419;False;IPV748;3;-0,1
2016-09-30 22:00:00;1;2016;101,056;False;IPV748;4;-0,4
2016-12-31 23:00:00;1;2017;102,339;False;IPV748;1;1,3
2017-03-31 22:00:00;1;2017;102,645;False;IPV748;2;0,3
2017-06-30 22:00:00;1;2017;102,494;False;IPV748;3;-0,1
2017-09-30 22:00:00;1;2017;103,363;False;IPV748;4;0,8
2017-12-31 23:00:00;1;2018;104,579;False;IPV748;1;1,2
2018-03-31 22:00:00;1;2018;106,521;False;IPV748;2;1,9
2018-06-30 22:00:00;1;2018;108,329;False;IPV748;3;1,7
2018-09-30 22:00:00;1;2018;108,253;False;IPV748;4;-0,1
2018-12-31 23:00:00;1;2019;109,751;False;IPV748;1;1,4
2019-03-31 22:00:00;1;2019;112,193;False;IPV748;2;2,2
2019-06-30 22:00:00;1;2019;112,732;False;IPV748;3;0,5
2019-09-30 22:00:00;1;2019;113,657;False;IPV748;4;0,8
2019-12-31 23:00:00;1;2020;112,962;False;IPV748;1;-0,6
2020-03-31 22:00:00;1;2020;115,509;False;IPV748;2;2,3
2020-06-30 22:00:00;1;2020;115,243;False;IPV748;3;-0,2
2020-09-30 22:00:00;1;2020;115,164;False;IPV748;4;-0,1
2020-12-31 23:00:00;1;2021;115,202;False;IPV748;1;0,0
2021-03-31 22:00:00;1;2021;118,515;False;IPV748;2;2,9
2021-06-30 22:00:00;1;2021;120,12;False;IPV748;3;1,4
2021-09-30 22:00:00;1;2021;121,361;False;IPV748;4;1,0
2021-12-31 23:00:00;1;2022;123,547;False;IPV748;1;1,8
2022-03-31 22:00:00;1;2022;126,114;False;IPV748;2;2,1
2022-06-30 22:00:00;1;2022;127,999;False;IPV748;3;1,5
2022-09-30 22:00:00;1;2022;126,291;False;IPV748;4;-1,3
2022-12-31 23:00:00;1;2023;126,637;False;IPV748;1;0,3
2023-03-31 22:00:00;1;2023;129,698;False;IPV748;2;2,4
2023-06-30 22:00:00;1;2023;131,138;False;IPV748;3;1,1
2023-09-30 22:00:00;1;2023;130,679;False;IPV748;4;-0,4
2023-12-31 23:00:00;1;2024;134,114;False;IPV748;1;2,6
2024-03-31 22:00:00;1;2024;138,609;False;IPV748;2;3,4
2024-06-30 22:00:00;1;2024;141,613;False;IPV748;3;2,2
2024-09-30 22:00:00;1;2024;144,488;False;IPV748;4;2,0
2024-12-31 23:00:00;1;2025;150,79;False;IPV748;1;4,4
2025-03-31 22:00:00;1;2025;157,423;False;IPV748;2;4,4
2025-06-30 22:00:00;1;2025;162,037;False;IPV748;3;2,9
2025-09-30 22:00:00;1;2025;166,611;False;IPV748;4;2,8
2006-12-31 23:00:00;1;2007;164,358;False;IPV749;1;0,0
2007-03-31 22:00:00;1;2007;168,898;False;IPV749;2;2,8
2007-06-30 22:00:00;1;2007;169,237;False;IPV749;3;0,2
2007-09-30 22:00:00;1;2007;167,403;False;IPV749;4;-1,1
2007-12-31 23:00:00;1;2008;166,894;False;IPV749;1;-0,3
2008-03-31 22:00:00;1;2008;162,843;False;IPV749;2;-2,4
2008-06-30 22:00:00;1;2008;158,53;False;IPV749;3;-2,6
2008-09-30 22:00:00;1;2008;153,252;False;IPV749;4;-3,3
2008-12-31 23:00:00;1;2009;146,641;False;IPV749;1;-4,3
2009-03-31 22:00:00;1;2009;145,952;False;IPV749;2;-0,5
2009-06-30 22:00:00;1;2009;146,169;False;IPV749;3;0,1
2009-09-30 22:00:00;1;2009;146,961;False;IPV749;4;0,5
2009-12-31 23:00:00;1;2010;145,256;False;IPV749;1;-1,2
2010-03-31 22:00:00;1;2010;146,791;False;IPV749;2;1,1
2010-06-30 22:00:00;1;2010;141,026;False;IPV749;3;-3,9
2010-09-30 22:00:00;1;2010;141,395;False;IPV749;4;0,3
2010-12-31 23:00:00;1;2011;134,097;False;IPV749;1;-5,2
2011-03-31 22:00:00;1;2011;131,805;False;IPV749;2;-1,7
2011-06-30 22:00:00;1;2011;124,426;False;IPV749;3;-5,6
2011-09-30 22:00:00;1;2011;122,607;False;IPV749;4;-1,5
2011-12-31 23:00:00;1;2012;114,924;False;IPV749;1;-6,3
2012-03-31 22:00:00;1;2012;110,566;False;IPV749;2;-3,8
2012-06-30 22:00:00;1;2012;105,971;False;IPV749;3;-4,2
2012-09-30 22:00:00;1;2012;104,632;False;IPV749;4;-1,3
2012-12-31 23:00:00;1;2013;96,266;False;IPV749;1;-8,0
2013-03-31 22:00:00;1;2013;96,949;False;IPV749;2;0,7
2013-06-30 22:00:00;1;2013;97,666;False;IPV749;3;0,7
2013-09-30 22:00:00;1;2013;98,202;False;IPV749;4;0,5
2013-12-31 23:00:00;1;2014;96,465;False;IPV749;1;-1,8
2014-03-31 22:00:00;1;2014;96,402;False;IPV749;2;-0,1
2014-06-30 22:00:00;1;2014;97,723;False;IPV749;3;1,4
2014-09-30 22:00:00;1;2014;99,596;False;IPV749;4;1,9
2014-12-31 23:00:00;1;2015;95,904;False;IPV749;1;-3,7
2015-03-31 22:00:00;1;2015;101,206;False;IPV749;2;5,5
2015-06-30 22:00:00;1;2015;102,096;False;IPV749;3;0,9
2015-09-30 22:00:00;1;2015;100,795;False;IPV749;4;-1,3
2015-12-31 23:00:00;1;2016;100,476;False;IPV749;1;-0,3
2016-03-31 22:00:00;1;2016;102,538;False;IPV749;2;2,1
2016-06-30 22:00:00;1;2016;102,381;False;IPV749;3;-0,2
2016-09-30 22:00:00;1;2016;103,383;False;IPV749;4;1,0
2016-12-31 23:00:00;1;2017;103,847;False;IPV749;1;0,4
2017-03-31 22:00:00;1;2017;107,106;False;IPV749;2;3,1
2017-06-30 22:00:00;1;2017;107,692;False;IPV749;3;0,5
2017-09-30 22:00:00;1;2017;108,16;False;IPV749;4;0,4
2017-12-31 23:00:00;1;2018;110,367;False;IPV749;1;2,0
2018-03-31 22:00:00;1;2018;114,077;False;IPV749;2;3,4
2018-06-30 22:00:00;1;2018;114,097;False;IPV749;3;0,0
2018-09-30 22:00:00;1;2018;114,927;False;IPV749;4;0,7
2018-12-31 23:00:00;1;2019;115,636;False;IPV749;1;0,6
2019-03-31 22:00:00;1;2019;116,183;False;IPV749;2;0,5
2019-06-30 22:00:00;1;2019;116,857;False;IPV749;3;0,6
2019-09-30 22:00:00;1;2019;117,494;False;IPV749;4;0,5
2019-12-31 23:00:00;1;2020;117,124;False;IPV749;1;-0,3
2020-03-31 22:00:00;1;2020;116,885;False;IPV749;2;-0,2
2020-06-30 22:00:00;1;2020;116,994;False;IPV749;3;0,1
2020-09-30 22:00:00;1;2020;117,742;False;IPV749;4;0,6
2020-12-31 23:00:00;1;2021;119,102;False;IPV749;1;1,2
2021-03-31 22:00:00;1;2021;123,319;False;IPV749;2;3,5
2021-06-30 22:00:00;1;2021;125,844;False;IPV749;3;2,0
2021-09-30 22:00:00;1;2021;127,087;False;IPV749;4;1,0
2021-12-31 23:00:00;1;2022;132,12;False;IPV749;1;4,0
2022-03-31 22:00:00;1;2022;136,031;False;IPV749;2;3,0
2022-06-30 22:00:00;1;2022;137,857;False;IPV749;3;1,3
2022-09-30 22:00:00;1;2022;137,641;False;IPV749;4;-0,2
2022-12-31 23:00:00;1;2023;138,501;False;IPV749;1;0,6
2023-03-31 22:00:00;1;2023;140,824;False;IPV749;2;1,7
2023-06-30 22:00:00;1;2023;144,379;False;IPV749;3;2,5
2023-09-30 22:00:00;1;2023;142,752;False;IPV749;4;-1,1
2023-12-31 23:00:00;1;2024;146,818;False;IPV749;1;2,8
2024-03-31 22:00:00;1;2024;151,539;False;IPV749;2;3,2
2024-06-30 22:00:00;1;2024;156,518;False;IPV749;3;3,3
2024-09-30 22:00:00;1;2024;159,21;False;IPV749;4;1,7
2024-12-31 23:00:00;1;2025;162,622;False;IPV749;1;2,1
2025-03-31 22:00:00;1;2025;169,28;False;IPV749;2;4,1
2025-06-30 22:00:00;1;2025;177,423;False;IPV749;3;4,8
2025-09-30 22:00:00;1;2025;181,682;False;IPV749;4;2,4
2006-12-31 23:00:00;1;2007;129,582;False;IPV750;1;0,0
2007-03-31 22:00:00;1;2007;132,466;False;IPV750;2;2,2
2007-06-30 22:00:00;1;2007;135,409;False;IPV750;3;2,2
2007-09-30 22:00:00;1;2007;139,44;False;IPV750;4;3,0
2007-12-31 23:00:00;1;2008;140,972;False;IPV750;1;1,1
2008-03-31 22:00:00;1;2008;142,431;False;IPV750;2;1,0
2008-06-30 22:00:00;1;2008;142,387;False;IPV750;3;0,0
2008-09-30 22:00:00;1;2008;142,559;False;IPV750;4;0,1
2008-12-31 23:00:00;1;2009;136,427;False;IPV750;1;-4,3
2009-03-31 22:00:00;1;2009;135,329;False;IPV750;2;-0,8
2009-06-30 22:00:00;1;2009;134,547;False;IPV750;3;-0,6
2009-09-30 22:00:00;1;2009;132,617;False;IPV750;4;-1,4
2009-12-31 23:00:00;1;2010;125,373;False;IPV750;1;-5,5
2010-03-31 22:00:00;1;2010;126,664;False;IPV750;2;1,0
2010-06-30 22:00:00;1;2010;123,628;False;IPV750;3;-2,4
2010-09-30 22:00:00;1;2010;121,267;False;IPV750;4;-1,9
2010-12-31 23:00:00;1;2011;118,802;False;IPV750;1;-2,0
2011-03-31 22:00:00;1;2011;115,728;False;IPV750;2;-2,6
2011-06-30 22:00:00;1;2011;112,028;False;IPV750;3;-3,2
2011-09-30 22:00:00;1;2011;108,284;False;IPV750;4;-3,3
2011-12-31 23:00:00;1;2012;104,35;False;IPV750;1;-3,6
2012-03-31 22:00:00;1;2012;99,217;False;IPV750;2;-4,9
2012-06-30 22:00:00;1;2012;94,071;False;IPV750;3;-5,2
2012-09-30 22:00:00;1;2012;96,122;False;IPV750;4;2,2
2012-12-31 23:00:00;1;2013;91,19;False;IPV750;1;-5,1
2013-03-31 22:00:00;1;2013;88,81;False;IPV750;2;-2,6
2013-06-30 22:00:00;1;2013;91,211;False;IPV750;3;2,7
2013-09-30 22:00:00;1;2013;93,883;False;IPV750;4;2,9
2013-12-31 23:00:00;1;2014;95,282;False;IPV750;1;1,5
2014-03-31 22:00:00;1;2014;94,216;False;IPV750;2;-1,1
2014-06-30 22:00:00;1;2014;96,91;False;IPV750;3;2,9
2014-09-30 22:00:00;1;2014;96,518;False;IPV750;4;-0,4
2014-12-31 23:00:00;1;2015;96,193;False;IPV750;1;-0,3
2015-03-31 22:00:00;1;2015;99,465;False;IPV750;2;3,4
2015-06-30 22:00:00;1;2015;103,073;False;IPV750;3;3,6
2015-09-30 22:00:00;1;2015;101,269;False;IPV750;4;-1,8
2015-12-31 23:00:00;1;2016;102,62;False;IPV750;1;1,3
2016-03-31 22:00:00;1;2016;104,765;False;IPV750;2;2,1
2016-06-30 22:00:00;1;2016;105,824;False;IPV750;3;1,0
2016-09-30 22:00:00;1;2016;102,713;False;IPV750;4;-2,9
2016-12-31 23:00:00;1;2017;104,218;False;IPV750;1;1,5
2017-03-31 22:00:00;1;2017;107,957;False;IPV750;2;3,6
2017-06-30 22:00:00;1;2017;108,379;False;IPV750;3;0,4
2017-09-30 22:00:00;1;2017;106,205;False;IPV750;4;-2,0
2017-12-31 23:00:00;1;2018;107,029;False;IPV750;1;0,8
2018-03-31 22:00:00;1;2018;109,873;False;IPV750;2;2,7
2018-06-30 22:00:00;1;2018;112,999;False;IPV750;3;2,8
2018-09-30 22:00:00;1;2018;112,713;False;IPV750;4;-0,3
2018-12-31 23:00:00;1;2019;119,627;False;IPV750;1;6,1
2019-03-31 22:00:00;1;2019;115,005;False;IPV750;2;-3,9
2019-06-30 22:00:00;1;2019;115,355;False;IPV750;3;0,3
2019-09-30 22:00:00;1;2019;114,499;False;IPV750;4;-0,7
2019-12-31 23:00:00;1;2020;118,526;False;IPV750;1;3,5
2020-03-31 22:00:00;1;2020;121,801;False;IPV750;2;2,8
2020-06-30 22:00:00;1;2020;126,75;False;IPV750;3;4,1
2020-09-30 22:00:00;1;2020;123,493;False;IPV750;4;-2,6
2020-12-31 23:00:00;1;2021;123,809;False;IPV750;1;0,3
2021-03-31 22:00:00;1;2021;127,052;False;IPV750;2;2,6
2021-06-30 22:00:00;1;2021;130,265;False;IPV750;3;2,5
2021-09-30 22:00:00;1;2021;131,31;False;IPV750;4;0,8
2021-12-31 23:00:00;1;2022;137,93;False;IPV750;1;5,0
2022-03-31 22:00:00;1;2022;136,238;False;IPV750;2;-1,2
2022-06-30 22:00:00;1;2022;140,495;False;IPV750;3;3,1
2022-09-30 22:00:00;1;2022;145,19;False;IPV750;4;3,3
2022-12-31 23:00:00;1;2023;152,443;False;IPV750;1;5,0
2023-03-31 22:00:00;1;2023;154,559;False;IPV750;2;1,4
2023-06-30 22:00:00;1;2023;160,281;False;IPV750;3;3,7
2023-09-30 22:00:00;1;2023;157,252;False;IPV750;4;-1,9
2023-12-31 23:00:00;1;2024;170,552;False;IPV750;1;8,5
2024-03-31 22:00:00;1;2024;178,045;False;IPV750;2;4,4
2024-06-30 22:00:00;1;2024;179,09;False;IPV750;3;0,6
2024-09-30 22:00:00;1;2024;178,067;False;IPV750;4;-0,6
2024-12-31 23:00:00;1;2025;182,409;False;IPV750;1;2,4
2025-03-31 22:00:00;1;2025;187,66;False;IPV750;2;2,9
2025-06-30 22:00:00;1;2025;192,417;False;IPV750;3;2,5
2025-09-30 22:00:00;1;2025;195,102;False;IPV750;4;1,4
2006-12-31 23:00:00;1;2007;147,993;False;IPV751;1;0,0
2007-03-31 22:00:00;1;2007;151,655;False;IPV751;2;2,5
2007-06-30 22:00:00;1;2007;153,597;False;IPV751;3;1,3
2007-09-30 22:00:00;1;2007;155,296;False;IPV751;4;1,1
2007-12-31 23:00:00;1;2008;156,021;False;IPV751;1;0,5
2008-03-31 22:00:00;1;2008;155,22;False;IPV751;2;-0,5
2008-06-30 22:00:00;1;2008;153,39;False;IPV751;3;-1,2
2008-09-30 22:00:00;1;2008;151,289;False;IPV751;4;-1,4
2008-12-31 23:00:00;1;2009;144,775;False;IPV751;1;-4,3
2009-03-31 22:00:00;1;2009;143,772;False;IPV751;2;-0,7
2009-06-30 22:00:00;1;2009;143,291;False;IPV751;3;-0,3
2009-09-30 22:00:00;1;2009;142,188;False;IPV751;4;-0,8
2009-12-31 23:00:00;1;2010;136,215;False;IPV751;1;-4,2
2010-03-31 22:00:00;1;2010;137,628;False;IPV751;2;1,0
2010-06-30 22:00:00;1;2010;133,693;False;IPV751;3;-2,9
2010-09-30 22:00:00;1;2010;132,007;False;IPV751;4;-1,3
2010-12-31 23:00:00;1;2011;127,916;False;IPV751;1;-3,1
2011-03-31 22:00:00;1;2011;124,981;False;IPV751;2;-2,3
2011-06-30 22:00:00;1;2011;119,977;False;IPV751;3;-4,0
2011-09-30 22:00:00;1;2011;116,713;False;IPV751;4;-2,7
2011-12-31 23:00:00;1;2012;111,154;False;IPV751;1;-4,8
2012-03-31 22:00:00;1;2012;106,215;False;IPV751;2;-4,4
2012-06-30 22:00:00;1;2012;101,172;False;IPV751;3;-4,7
2012-09-30 22:00:00;1;2012;101,888;False;IPV751;4;0,7
2012-12-31 23:00:00;1;2013;94,951;False;IPV751;1;-6,8
2013-03-31 22:00:00;1;2013;94,295;False;IPV751;2;-0,7
2013-06-30 22:00:00;1;2013;95,759;False;IPV751;3;1,6
2013-09-30 22:00:00;1;2013;97,239;False;IPV751;4;1,5
2013-12-31 23:00:00;1;2014;96,287;False;IPV751;1;-1,0
2014-03-31 22:00:00;1;2014;95,972;False;IPV751;2;-0,3
2014-06-30 22:00:00;1;2014;97,639;False;IPV751;3;1,7
2014-09-30 22:00:00;1;2014;98,946;False;IPV751;4;1,3
2014-12-31 23:00:00;1;2015;95,965;False;IPV751;1;-3,0
2015-03-31 22:00:00;1;2015;100,838;False;IPV751;2;5,1
2015-06-30 22:00:00;1;2015;102,302;False;IPV751;3;1,5
2015-09-30 22:00:00;1;2015;100,895;False;IPV751;4;-1,4
2015-12-31 23:00:00;1;2016;100,898;False;IPV751;1;0,0
2016-03-31 22:00:00;1;2016;102,975;False;IPV751;2;2,1
2016-06-30 22:00:00;1;2016;103,053;False;IPV751;3;0,1
2016-09-30 22:00:00;1;2016;103,263;False;IPV751;4;0,2
2016-12-31 23:00:00;1;2017;103,888;False;IPV751;1;0,6
2017-03-31 22:00:00;1;2017;107,221;False;IPV751;2;3,2
2017-06-30 22:00:00;1;2017;107,781;False;IPV751;3;0,5
2017-09-30 22:00:00;1;2017;107,841;False;IPV751;4;0,1
2017-12-31 23:00:00;1;2018;109,851;False;IPV751;1;1,9
2018-03-31 22:00:00;1;2018;113,437;False;IPV751;2;3,3
2018-06-30 22:00:00;1;2018;113,896;False;IPV751;3;0,4
2018-09-30 22:00:00;1;2018;114,568;False;IPV751;4;0,6
2018-12-31 23:00:00;1;2019;116,109;False;IPV751;1;1,3
2019-03-31 22:00:00;1;2019;115,962;False;IPV751;2;-0,1
2019-06-30 22:00:00;1;2019;116,593;False;IPV751;3;0,5
2019-09-30 22:00:00;1;2019;117,029;False;IPV751;4;0,4
2019-12-31 23:00:00;1;2020;117,236;False;IPV751;1;0,2
2020-03-31 22:00:00;1;2020;117,457;False;IPV751;2;0,2
2020-06-30 22:00:00;1;2020;118,2;False;IPV751;3;0,6
2020-09-30 22:00:00;1;2020;118,424;False;IPV751;4;0,2
2020-12-31 23:00:00;1;2021;119,634;False;IPV751;1;1,0
2021-03-31 22:00:00;1;2021;123,708;False;IPV751;2;3,4
2021-06-30 22:00:00;1;2021;126,327;False;IPV751;3;2,1
2021-09-30 22:00:00;1;2021;127,541;False;IPV751;4;1,0
2021-12-31 23:00:00;1;2022;132,76;False;IPV751;1;4,1
2022-03-31 22:00:00;1;2022;136,007;False;IPV751;2;2,4
2022-06-30 22:00:00;1;2022;138,12;False;IPV751;3;1,6
2022-09-30 22:00:00;1;2022;138,485;False;IPV751;4;0,3
2022-12-31 23:00:00;1;2023;140,174;False;IPV751;1;1,2
2023-03-31 22:00:00;1;2023;142,467;False;IPV751;2;1,6
2023-06-30 22:00:00;1;2023;146,299;False;IPV751;3;2,7
2023-09-30 22:00:00;1;2023;144,492;False;IPV751;4;-1,2
2023-12-31 23:00:00;1;2024;149,716;False;IPV751;1;3,6
2024-03-31 22:00:00;1;2024;154,782;False;IPV751;2;3,4
2024-06-30 22:00:00;1;2024;159,264;False;IPV751;3;2,9
2024-09-30 22:00:00;1;2024;161,488;False;IPV751;4;1,4
2024-12-31 23:00:00;1;2025;165,005;False;IPV751;1;2,2
2025-03-31 22:00:00;1;2025;171,527;False;IPV751;2;4,0
2025-06-30 22:00:00;1;2025;179,33;False;IPV751;3;4,5
2025-09-30 22:00:00;1;2025;183,432;False;IPV751;4;2,3
2006-12-31 23:00:00;1;2007;145,706;False;IPV752;1;0,0
2007-03-31 22:00:00;1;2007;150,97;False;IPV752;2;3,6
2007-06-30 22:00:00;1;2007;152,104;False;IPV752;3;0,8
2007-09-30 22:00:00;1;2007;150,583;False;IPV752;4;-1,0
2007-12-31 23:00:00;1;2008;150,37;False;IPV752;1;-0,1
2008-03-31 22:00:00;1;2008;148,449;False;IPV752;2;-1,3
2008-06-30 22:00:00;1;2008;145,183;False;IPV752;3;-2,2
2008-09-30 22:00:00;1;2008;139,263;False;IPV752;4;-4,1
2008-12-31 23:00:00;1;2009;136,176;False;IPV752;1;-2,2
2009-03-31 22:00:00;1;2009;135,835;False;IPV752;2;-0,3
2009-06-30 22:00:00;1;2009;135,49;False;IPV752;3;-0,3
2009-09-30 22:00:00;1;2009;135,711;False;IPV752;4;0,2
2009-12-31 23:00:00;1;2010;133,796;False;IPV752;1;-1,4
2010-03-31 22:00:00;1;2010;134,762;False;IPV752;2;0,7
2010-06-30 22:00:00;1;2010;131,364;False;IPV752;3;-2,5
2010-09-30 22:00:00;1;2010;132,78;False;IPV752;4;1,1
2010-12-31 23:00:00;1;2011;128,387;False;IPV752;1;-3,3
2011-03-31 22:00:00;1;2011;127,012;False;IPV752;2;-1,1
2011-06-30 22:00:00;1;2011;121,689;False;IPV752;3;-4,2
2011-09-30 22:00:00;1;2011;120,533;False;IPV752;4;-0,9
2011-12-31 23:00:00;1;2012;113,918;False;IPV752;1;-5,5
2012-03-31 22:00:00;1;2012;108,399;False;IPV752;2;-4,8
2012-06-30 22:00:00;1;2012;103,136;False;IPV752;3;-4,9
2012-09-30 22:00:00;1;2012;103,545;False;IPV752;4;0,4
2012-12-31 23:00:00;1;2013;100,002;False;IPV752;1;-3,4
2013-03-31 22:00:00;1;2013;98,912;False;IPV752;2;-1,1
2013-06-30 22:00:00;1;2013;97,829;False;IPV752;3;-1,1
2013-09-30 22:00:00;1;2013;96,928;False;IPV752;4;-0,9
2013-12-31 23:00:00;1;2014;95,428;False;IPV752;1;-1,5
2014-03-31 22:00:00;1;2014;98,132;False;IPV752;2;2,8
2014-06-30 22:00:00;1;2014;96,821;False;IPV752;3;-1,3
2014-09-30 22:00:00;1;2014;97,426;False;IPV752;4;0,6
2014-12-31 23:00:00;1;2015;96,978;False;IPV752;1;-0,5
2015-03-31 22:00:00;1;2015;101,365;False;IPV752;2;4,5
2015-06-30 22:00:00;1;2015;101,114;False;IPV752;3;-0,2
2015-09-30 22:00:00;1;2015;100,542;False;IPV752;4;-0,6
2015-12-31 23:00:00;1;2016;102,42;False;IPV752;1;1,9
2016-03-31 22:00:00;1;2016;102,621;False;IPV752;2;0,2
2016-06-30 22:00:00;1;2016;102,862;False;IPV752;3;0,2
2016-09-30 22:00:00;1;2016;103,655;False;IPV752;4;0,8
2016-12-31 23:00:00;1;2017;105,895;False;IPV752;1;2,2
2017-03-31 22:00:00;1;2017;106,544;False;IPV752;2;0,6
2017-06-30 22:00:00;1;2017;107,578;False;IPV752;3;1,0
2017-09-30 22:00:00;1;2017;109,861;False;IPV752;4;2,1
2017-12-31 23:00:00;1;2018;110,802;False;IPV752;1;0,9
2018-03-31 22:00:00;1;2018;113,035;False;IPV752;2;2,0
2018-06-30 22:00:00;1;2018;113,418;False;IPV752;3;0,3
2018-09-30 22:00:00;1;2018;114,256;False;IPV752;4;0,7
2018-12-31 23:00:00;1;2019;116,214;False;IPV752;1;1,7
2019-03-31 22:00:00;1;2019;116,472;False;IPV752;2;0,2
2019-06-30 22:00:00;1;2019;117,626;False;IPV752;3;1,0
2019-09-30 22:00:00;1;2019;117,839;False;IPV752;4;0,2
2019-12-31 23:00:00;1;2020;118,261;False;IPV752;1;0,4
2020-03-31 22:00:00;1;2020;116,827;False;IPV752;2;-1,2
2020-06-30 22:00:00;1;2020;118,505;False;IPV752;3;1,4
2020-09-30 22:00:00;1;2020;118,412;False;IPV752;4;-0,1
2020-12-31 23:00:00;1;2021;120,288;False;IPV752;1;1,6
2021-03-31 22:00:00;1;2021;124,286;False;IPV752;2;3,3
2021-06-30 22:00:00;1;2021;127,202;False;IPV752;3;2,3
2021-09-30 22:00:00;1;2021;127,73;False;IPV752;4;0,4
2021-12-31 23:00:00;1;2022;133,225;False;IPV752;1;4,3
2022-03-31 22:00:00;1;2022;136,306;False;IPV752;2;2,3
2022-06-30 22:00:00;1;2022;137,433;False;IPV752;3;0,8
2022-09-30 22:00:00;1;2022;137,805;False;IPV752;4;0,3
2022-12-31 23:00:00;1;2023;139,91;False;IPV752;1;1,5
2023-03-31 22:00:00;1;2023;141,405;False;IPV752;2;1,1
2023-06-30 22:00:00;1;2023;145,94;False;IPV752;3;3,2
2023-09-30 22:00:00;1;2023;144,003;False;IPV752;4;-1,3
2023-12-31 23:00:00;1;2024;147,815;False;IPV752;1;2,6
2024-03-31 22:00:00;1;2024;153,165;False;IPV752;2;3,6
2024-06-30 22:00:00;1;2024;155,936;False;IPV752;3;1,8
2024-09-30 22:00:00;1;2024;158,93;False;IPV752;4;1,9
2024-12-31 23:00:00;1;2025;166,229;False;IPV752;1;4,6
2025-03-31 22:00:00;1;2025;171,217;False;IPV752;2;3,0
2025-06-30 22:00:00;1;2025;175,021;False;IPV752;3;2,2
2025-09-30 22:00:00;1;2025;176,519;False;IPV752;4;0,9
2006-12-31 23:00:00;1;2007;118,587;False;IPV753;1;0,0
2007-03-31 22:00:00;1;2007;121,882;False;IPV753;2;2,8
2007-06-30 22:00:00;1;2007;125,283;False;IPV753;3;2,8
2007-09-30 22:00:00;1;2007;129,262;False;IPV753;4;3,2
2007-12-31 23:00:00;1;2008;130,535;False;IPV753;1;1,0
2008-03-31 22:00:00;1;2008;131,175;False;IPV753;2;0,5
2008-06-30 22:00:00;1;2008;132,964;False;IPV753;3;1,4
2008-09-30 22:00:00;1;2008;132,766;False;IPV753;4;-0,1
2008-12-31 23:00:00;1;2009;131,633;False;IPV753;1;-0,9
2009-03-31 22:00:00;1;2009;130,913;False;IPV753;2;-0,5
2009-06-30 22:00:00;1;2009;130,669;False;IPV753;3;-0,2
2009-09-30 22:00:00;1;2009;129,586;False;IPV753;4;-0,8
2009-12-31 23:00:00;1;2010;127,031;False;IPV753;1;-2,0
2010-03-31 22:00:00;1;2010;128,886;False;IPV753;2;1,5
2010-06-30 22:00:00;1;2010;127,123;False;IPV753;3;-1,4
2010-09-30 22:00:00;1;2010;124,11;False;IPV753;4;-2,4
2010-12-31 23:00:00;1;2011;123,94;False;IPV753;1;-0,1
2011-03-31 22:00:00;1;2011;123,219;False;IPV753;2;-0,6
2011-06-30 22:00:00;1;2011;119,689;False;IPV753;3;-2,9
2011-09-30 22:00:00;1;2011;116,828;False;IPV753;4;-2,4
2011-12-31 23:00:00;1;2012;112,224;False;IPV753;1;-3,9
2012-03-31 22:00:00;1;2012;106,435;False;IPV753;2;-5,2
2012-06-30 22:00:00;1;2012;102,739;False;IPV753;3;-3,5
2012-09-30 22:00:00;1;2012;102,966;False;IPV753;4;0,2
2012-12-31 23:00:00;1;2013;98,131;False;IPV753;1;-4,7
2013-03-31 22:00:00;1;2013;93,702;False;IPV753;2;-4,5
2013-06-30 22:00:00;1;2013;94,297;False;IPV753;3;0,6
2013-09-30 22:00:00;1;2013;94,321;False;IPV753;4;0,0
2013-12-31 23:00:00;1;2014;93,363;False;IPV753;1;-1,0
2014-03-31 22:00:00;1;2014;95,663;False;IPV753;2;2,5
2014-06-30 22:00:00;1;2014;95,775;False;IPV753;3;0,1
2014-09-30 22:00:00;1;2014;94,915;False;IPV753;4;-0,9
2014-12-31 23:00:00;1;2015;97,865;False;IPV753;1;3,1
2015-03-31 22:00:00;1;2015;101,145;False;IPV753;2;3,4
2015-06-30 22:00:00;1;2015;99,676;False;IPV753;3;-1,5
2015-09-30 22:00:00;1;2015;101,313;False;IPV753;4;1,6
2015-12-31 23:00:00;1;2016;105,818;False;IPV753;1;4,4
2016-03-31 22:00:00;1;2016;108,492;False;IPV753;2;2,5
2016-06-30 22:00:00;1;2016;107,029;False;IPV753;3;-1,3
2016-09-30 22:00:00;1;2016;106,697;False;IPV753;4;-0,3
2016-12-31 23:00:00;1;2017;110,168;False;IPV753;1;3,3
2017-03-31 22:00:00;1;2017;110,658;False;IPV753;2;0,4
2017-06-30 22:00:00;1;2017;111,348;False;IPV753;3;0,6
2017-09-30 22:00:00;1;2017;113,712;False;IPV753;4;2,1
2017-12-31 23:00:00;1;2018;114,054;False;IPV753;1;0,3
2018-03-31 22:00:00;1;2018;115,259;False;IPV753;2;1,1
2018-06-30 22:00:00;1;2018;116,468;False;IPV753;3;1,0
2018-09-30 22:00:00;1;2018;120,384;False;IPV753;4;3,4
2018-12-31 23:00:00;1;2019;124,122;False;IPV753;1;3,1
2019-03-31 22:00:00;1;2019;121,511;False;IPV753;2;-2,1
2019-06-30 22:00:00;1;2019;122,229;False;IPV753;3;0,6
2019-09-30 22:00:00;1;2019;122,894;False;IPV753;4;0,5
2019-12-31 23:00:00;1;2020;126,803;False;IPV753;1;3,2
2020-03-31 22:00:00;1;2020;127,406;False;IPV753;2;0,5
2020-06-30 22:00:00;1;2020;134,827;False;IPV753;3;5,8
2020-09-30 22:00:00;1;2020;129,426;False;IPV753;4;-4,0
2020-12-31 23:00:00;1;2021;130,688;False;IPV753;1;1,0
2021-03-31 22:00:00;1;2021;135,717;False;IPV753;2;3,8
2021-06-30 22:00:00;1;2021;138,129;False;IPV753;3;1,8
2021-09-30 22:00:00;1;2021;138,677;False;IPV753;4;0,4
2021-12-31 23:00:00;1;2022;146,819;False;IPV753;1;5,9
2022-03-31 22:00:00;1;2022;144,907;False;IPV753;2;-1,3
2022-06-30 22:00:00;1;2022;149,385;False;IPV753;3;3,1
2022-09-30 22:00:00;1;2022;154,026;False;IPV753;4;3,1
2022-12-31 23:00:00;1;2023;163,023;False;IPV753;1;5,8
2023-03-31 22:00:00;1;2023;165,165;False;IPV753;2;1,3
2023-06-30 22:00:00;1;2023;166,338;False;IPV753;3;0,7
2023-09-30 22:00:00;1;2023;161,845;False;IPV753;4;-2,7
2023-12-31 23:00:00;1;2024;175,464;False;IPV753;1;8,4
2024-03-31 22:00:00;1;2024;182,831;False;IPV753;2;4,2
2024-06-30 22:00:00;1;2024;183,024;False;IPV753;3;0,1
2024-09-30 22:00:00;1;2024;183,331;False;IPV753;4;0,2
2024-12-31 23:00:00;1;2025;197,51;False;IPV753;1;7,7
2025-03-31 22:00:00;1;2025;202,339;False;IPV753;2;2,4
2025-06-30 22:00:00;1;2025;205,75;False;IPV753;3;1,7
2025-09-30 22:00:00;1;2025;201,012;False;IPV753;4;-2,3
2006-12-31 23:00:00;1;2007;132,56;False;IPV754;1;0,0
2007-03-31 22:00:00;1;2007;136,815;False;IPV754;2;3,2
2007-06-30 22:00:00;1;2007;139,186;False;IPV754;3;1,7
2007-09-30 22:00:00;1;2007;140,62;False;IPV754;4;1,0
2007-12-31 23:00:00;1;2008;141,207;False;IPV754;1;0,4
2008-03-31 22:00:00;1;2008;140,65;False;IPV754;2;-0,4
2008-06-30 22:00:00;1;2008;140,081;False;IPV754;3;-0,4
2008-09-30 22:00:00;1;2008;137,19;False;IPV754;4;-2,1
2008-12-31 23:00:00;1;2009;135,116;False;IPV754;1;-1,5
2009-03-31 22:00:00;1;2009;134,569;False;IPV754;2;-0,4
2009-06-30 22:00:00;1;2009;134,275;False;IPV754;3;-0,2
2009-09-30 22:00:00;1;2009;133,802;False;IPV754;4;-0,4
2009-12-31 23:00:00;1;2010;131,541;False;IPV754;1;-1,7
2010-03-31 22:00:00;1;2010;132,972;False;IPV754;2;1,1
2010-06-30 22:00:00;1;2010;130,38;False;IPV754;3;-1,9
2010-09-30 22:00:00;1;2010;129,54;False;IPV754;4;-0,6
2010-12-31 23:00:00;1;2011;127,156;False;IPV754;1;-1,8
2011-03-31 22:00:00;1;2011;126,088;False;IPV754;2;-0,8
2011-06-30 22:00:00;1;2011;121,593;False;IPV754;3;-3,6
2011-09-30 22:00:00;1;2011;119,605;False;IPV754;4;-1,6
2011-12-31 23:00:00;1;2012;113,675;False;IPV754;1;-5,0
2012-03-31 22:00:00;1;2012;108,044;False;IPV754;2;-5,0
2012-06-30 22:00:00;1;2012;103,315;False;IPV754;3;-4,4
2012-09-30 22:00:00;1;2012;103,66;False;IPV754;4;0,3
2012-12-31 23:00:00;1;2013;99,84;False;IPV754;1;-3,7
2013-03-31 22:00:00;1;2013;98,051;False;IPV754;2;-1,8
2013-06-30 22:00:00;1;2013;97,316;False;IPV754;3;-0,7
2013-09-30 22:00:00;1;2013;96,606;False;IPV754;4;-0,7
2013-12-31 23:00:00;1;2014;95,181;False;IPV754;1;-1,5
2014-03-31 22:00:00;1;2014;97,829;False;IPV754;2;2,8
2014-06-30 22:00:00;1;2014;96,716;False;IPV754;3;-1,1
2014-09-30 22:00:00;1;2014;97,117;False;IPV754;4;0,4
2014-12-31 23:00:00;1;2015;97,087;False;IPV754;1;0,0
2015-03-31 22:00:00;1;2015;101,338;False;IPV754;2;4,4
2015-06-30 22:00:00;1;2015;100,937;False;IPV754;3;-0,4
2015-09-30 22:00:00;1;2015;100,637;False;IPV754;4;-0,3
2015-12-31 23:00:00;1;2016;102,797;False;IPV754;1;2,1
2016-03-31 22:00:00;1;2016;103,263;False;IPV754;2;0,5
2016-06-30 22:00:00;1;2016;103,321;False;IPV754;3;0,1
2016-09-30 22:00:00;1;2016;103,994;False;IPV754;4;0,7
2016-12-31 23:00:00;1;2017;106,334;False;IPV754;1;2,3
2017-03-31 22:00:00;1;2017;106,971;False;IPV754;2;0,6
2017-06-30 22:00:00;1;2017;107,978;False;IPV754;3;0,9
2017-09-30 22:00:00;1;2017;110,27;False;IPV754;4;2,1
2017-12-31 23:00:00;1;2018;111,167;False;IPV754;1;0,8
2018-03-31 22:00:00;1;2018;113,327;False;IPV754;2;1,9
2018-06-30 22:00:00;1;2018;113,772;False;IPV754;3;0,4
2018-09-30 22:00:00;1;2018;114,839;False;IPV754;4;0,9
2018-12-31 23:00:00;1;2019;116,934;False;IPV754;1;1,8
2019-03-31 22:00:00;1;2019;116,974;False;IPV754;2;0,0
2019-06-30 22:00:00;1;2019;118,096;False;IPV754;3;1,0
2019-09-30 22:00:00;1;2019;118,344;False;IPV754;4;0,2
2019-12-31 23:00:00;1;2020;119,008;False;IPV754;1;0,6
2020-03-31 22:00:00;1;2020;117,712;False;IPV754;2;-1,1
2020-06-30 22:00:00;1;2020;119,79;False;IPV754;3;1,8
2020-09-30 22:00:00;1;2020;119,33;False;IPV754;4;-0,4
2020-12-31 23:00:00;1;2021;121,16;False;IPV754;1;1,5
2021-03-31 22:00:00;1;2021;125,239;False;IPV754;2;3,4
2021-06-30 22:00:00;1;2021;128,119;False;IPV754;3;2,3
2021-09-30 22:00:00;1;2021;128,649;False;IPV754;4;0,4
2021-12-31 23:00:00;1;2022;134,345;False;IPV754;1;4,4
2022-03-31 22:00:00;1;2022;137,058;False;IPV754;2;2,0
2022-06-30 22:00:00;1;2022;138,435;False;IPV754;3;1,0
2022-09-30 22:00:00;1;2022;139,123;False;IPV754;4;0,5
2022-12-31 23:00:00;1;2023;141,738;False;IPV754;1;1,9
2023-03-31 22:00:00;1;2023;143,283;False;IPV754;2;1,1
2023-06-30 22:00:00;1;2023;147,573;False;IPV754;3;3,0
2023-09-30 22:00:00;1;2023;145,446;False;IPV754;4;-1,4
2023-12-31 23:00:00;1;2024;149,974;False;IPV754;1;3,1
2024-03-31 22:00:00;1;2024;155,476;False;IPV754;2;3,7
2024-06-30 22:00:00;1;2024;158,063;False;IPV754;3;1,7
2024-09-30 22:00:00;1;2024;160,865;False;IPV754;4;1,8
2024-12-31 23:00:00;1;2025;168,596;False;IPV754;1;4,8
2025-03-31 22:00:00;1;2025;173,589;False;IPV754;2;3,0
2025-06-30 22:00:00;1;2025;177,382;False;IPV754;3;2,2
2025-09-30 22:00:00;1;2025;178,512;False;IPV754;4;0,6
2006-12-31 23:00:00;1;2007;148,895;False;IPV755;1;0,0
2007-03-31 22:00:00;1;2007;153,652;False;IPV755;2;3,2
2007-06-30 22:00:00;1;2007;155,339;False;IPV755;3;1,1
2007-09-30 22:00:00;1;2007;153,275;False;IPV755;4;-1,3
2007-12-31 23:00:00;1;2008;150,492;False;IPV755;1;-1,8
2008-03-31 22:00:00;1;2008;150,457;False;IPV755;2;0,0
2008-06-30 22:00:00;1;2008;145,365;False;IPV755;3;-3,4
2008-09-30 22:00:00;1;2008;137,781;False;IPV755;4;-5,2
2008-12-31 23:00:00;1;2009;131,177;False;IPV755;1;-4,8
2009-03-31 22:00:00;1;2009;129,638;False;IPV755;2;-1,2
2009-06-30 22:00:00;1;2009;127,825;False;IPV755;3;-1,4
2009-09-30 22:00:00;1;2009;128,507;False;IPV755;4;0,5
2009-12-31 23:00:00;1;2010;128,81;False;IPV755;1;0,2
2010-03-31 22:00:00;1;2010;127,522;False;IPV755;2;-1,0
2010-06-30 22:00:00;1;2010;126,89;False;IPV755;3;-0,5
2010-09-30 22:00:00;1;2010;126,398;False;IPV755;4;-0,4
2010-12-31 23:00:00;1;2011;121,853;False;IPV755;1;-3,6
2011-03-31 22:00:00;1;2011;121,526;False;IPV755;2;-0,3
2011-06-30 22:00:00;1;2011;117,041;False;IPV755;3;-3,7
2011-09-30 22:00:00;1;2011;113,054;False;IPV755;4;-3,4
2011-12-31 23:00:00;1;2012;104,637;False;IPV755;1;-7,4
2012-03-31 22:00:00;1;2012;102,878;False;IPV755;2;-1,7
2012-06-30 22:00:00;1;2012;100,467;False;IPV755;3;-2,3
2012-09-30 22:00:00;1;2012;98,851;False;IPV755;4;-1,6
2012-12-31 23:00:00;1;2013;93,323;False;IPV755;1;-5,6
2013-03-31 22:00:00;1;2013;93,437;False;IPV755;2;0,1
2013-06-30 22:00:00;1;2013;94,299;False;IPV755;3;0,9
2013-09-30 22:00:00;1;2013;94,991;False;IPV755;4;0,7
2013-12-31 23:00:00;1;2014;92,797;False;IPV755;1;-2,3
2014-03-31 22:00:00;1;2014;92,945;False;IPV755;2;0,2
2014-06-30 22:00:00;1;2014;94,563;False;IPV755;3;1,7
2014-09-30 22:00:00;1;2014;95,912;False;IPV755;4;1,4
2014-12-31 23:00:00;1;2015;95,309;False;IPV755;1;-0,6
2015-03-31 22:00:00;1;2015;99,777;False;IPV755;2;4,7
2015-06-30 22:00:00;1;2015;102,628;False;IPV755;3;2,9
2015-09-30 22:00:00;1;2015;102,287;False;IPV755;4;-0,3
2015-12-31 23:00:00;1;2016;103,8;False;IPV755;1;1,5
2016-03-31 22:00:00;1;2016;104,737;False;IPV755;2;0,9
2016-06-30 22:00:00;1;2016;108,525;False;IPV755;3;3,6
2016-09-30 22:00:00;1;2016;108,474;False;IPV755;4;0,0
2016-12-31 23:00:00;1;2017;109,865;False;IPV755;1;1,3
2017-03-31 22:00:00;1;2017;112,648;False;IPV755;2;2,5
2017-06-30 22:00:00;1;2017;118,329;False;IPV755;3;5,0
2017-09-30 22:00:00;1;2017;119,016;False;IPV755;4;0,6
2017-12-31 23:00:00;1;2018;118,933;False;IPV755;1;-0,1
2018-03-31 22:00:00;1;2018;122,071;False;IPV755;2;2,6
2018-06-30 22:00:00;1;2018;126,955;False;IPV755;3;4,0
2018-09-30 22:00:00;1;2018;126,579;False;IPV755;4;-0,3
2018-12-31 23:00:00;1;2019;127,397;False;IPV755;1;0,6
2019-03-31 22:00:00;1;2019;128,64;False;IPV755;2;1,0
2019-06-30 22:00:00;1;2019;134,372;False;IPV755;3;4,5
2019-09-30 22:00:00;1;2019;133,194;False;IPV755;4;-0,9
2019-12-31 23:00:00;1;2020;134,537;False;IPV755;1;1,0
2020-03-31 22:00:00;1;2020;134,162;False;IPV755;2;-0,3
2020-06-30 22:00:00;1;2020;138,026;False;IPV755;3;2,9
2020-09-30 22:00:00;1;2020;135,462;False;IPV755;4;-1,9
2020-12-31 23:00:00;1;2021;135,638;False;IPV755;1;0,1
2021-03-31 22:00:00;1;2021;141,61;False;IPV755;2;4,4
2021-06-30 22:00:00;1;2021;147,524;False;IPV755;3;4,2
2021-09-30 22:00:00;1;2021;148,86;False;IPV755;4;0,9
2021-12-31 23:00:00;1;2022;151,957;False;IPV755;1;2,1
2022-03-31 22:00:00;1;2022;156,728;False;IPV755;2;3,1
2022-06-30 22:00:00;1;2022;159,784;False;IPV755;3;1,9
2022-09-30 22:00:00;1;2022;157,555;False;IPV755;4;-1,4
2022-12-31 23:00:00;1;2023;157,759;False;IPV755;1;0,1
2023-03-31 22:00:00;1;2023;160,97;False;IPV755;2;2,0
2023-06-30 22:00:00;1;2023;165,478;False;IPV755;3;2,8
2023-09-30 22:00:00;1;2023;162,951;False;IPV755;4;-1,5
2023-12-31 23:00:00;1;2024;165,377;False;IPV755;1;1,5
2024-03-31 22:00:00;1;2024;169,503;False;IPV755;2;2,5
2024-06-30 22:00:00;1;2024;173,869;False;IPV755;3;2,6
2024-09-30 22:00:00;1;2024;176,52;False;IPV755;4;1,5
2024-12-31 23:00:00;1;2025;180,5;False;IPV755;1;2,3
2025-03-31 22:00:00;1;2025;188,421;False;IPV755;2;4,4
2025-06-30 22:00:00;1;2025;196,699;False;IPV755;3;4,4
2025-09-30 22:00:00;1;2025;200,682;False;IPV755;4;2,0
2006-12-31 23:00:00;1;2007;110,72;False;IPV756;1;0,0
2007-03-31 22:00:00;1;2007;115,102;False;IPV756;2;4,0
2007-06-30 22:00:00;1;2007;118,999;False;IPV756;3;3,4
2007-09-30 22:00:00;1;2007;120,981;False;IPV756;4;1,7
2007-12-31 23:00:00;1;2008;120,554;False;IPV756;1;-0,4
2008-03-31 22:00:00;1;2008;123,741;False;IPV756;2;2,6
2008-06-30 22:00:00;1;2008;124,234;False;IPV756;3;0,4
2008-09-30 22:00:00;1;2008;121,722;False;IPV756;4;-2,0
2008-12-31 23:00:00;1;2009;120,488;False;IPV756;1;-1,0
2009-03-31 22:00:00;1;2009;120,311;False;IPV756;2;-0,1
2009-06-30 22:00:00;1;2009;118,46;False;IPV756;3;-1,5
2009-09-30 22:00:00;1;2009;116,897;False;IPV756;4;-1,3
2009-12-31 23:00:00;1;2010;115,668;False;IPV756;1;-1,1
2010-03-31 22:00:00;1;2010;117,25;False;IPV756;2;1,4
2010-06-30 22:00:00;1;2010;114,061;False;IPV756;3;-2,7
2010-09-30 22:00:00;1;2010;115,816;False;IPV756;4;1,5
2010-12-31 23:00:00;1;2011;116,422;False;IPV756;1;0,5
2011-03-31 22:00:00;1;2011;114,074;False;IPV756;2;-2,0
2011-06-30 22:00:00;1;2011;112,521;False;IPV756;3;-1,4
2011-09-30 22:00:00;1;2011;105,768;False;IPV756;4;-6,0
2011-12-31 23:00:00;1;2012;97,957;False;IPV756;1;-7,4
2012-03-31 22:00:00;1;2012;97,963;False;IPV756;2;0,0
2012-06-30 22:00:00;1;2012;97,684;False;IPV756;3;-0,3
2012-09-30 22:00:00;1;2012;96,148;False;IPV756;4;-1,6
2012-12-31 23:00:00;1;2013;89,692;False;IPV756;1;-6,7
2013-03-31 22:00:00;1;2013;88,52;False;IPV756;2;-1,3
2013-06-30 22:00:00;1;2013;93,079;False;IPV756;3;5,2
2013-09-30 22:00:00;1;2013;93,362;False;IPV756;4;0,3
2013-12-31 23:00:00;1;2014;92,2;False;IPV756;1;-1,2
2014-03-31 22:00:00;1;2014;91,246;False;IPV756;2;-1,0
2014-06-30 22:00:00;1;2014;94,708;False;IPV756;3;3,8
2014-09-30 22:00:00;1;2014;92,823;False;IPV756;4;-2,0
2014-12-31 23:00:00;1;2015;96,341;False;IPV756;1;3,8
2015-03-31 22:00:00;1;2015;98,402;False;IPV756;2;2,1
2015-06-30 22:00:00;1;2015;103,204;False;IPV756;3;4,9
2015-09-30 22:00:00;1;2015;102,053;False;IPV756;4;-1,1
2015-12-31 23:00:00;1;2016;103,758;False;IPV756;1;1,7
2016-03-31 22:00:00;1;2016;103,784;False;IPV756;2;0,0
2016-06-30 22:00:00;1;2016;105,529;False;IPV756;3;1,7
2016-09-30 22:00:00;1;2016;105,05;False;IPV756;4;-0,5
2016-12-31 23:00:00;1;2017;106,956;False;IPV756;1;1,8
2017-03-31 22:00:00;1;2017;109,992;False;IPV756;2;2,8
2017-06-30 22:00:00;1;2017;115,567;False;IPV756;3;5,1
2017-09-30 22:00:00;1;2017;115,688;False;IPV756;4;0,1
2017-12-31 23:00:00;1;2018;114,629;False;IPV756;1;-0,9
2018-03-31 22:00:00;1;2018;119,979;False;IPV756;2;4,7
2018-06-30 22:00:00;1;2018;120,144;False;IPV756;3;0,1
2018-09-30 22:00:00;1;2018;123,082;False;IPV756;4;2,4
2018-12-31 23:00:00;1;2019;126,037;False;IPV756;1;2,4
2019-03-31 22:00:00;1;2019;124,378;False;IPV756;2;-1,3
2019-06-30 22:00:00;1;2019;130,3;False;IPV756;3;4,8
2019-09-30 22:00:00;1;2019;134,602;False;IPV756;4;3,3
2019-12-31 23:00:00;1;2020;139,228;False;IPV756;1;3,4
2020-03-31 22:00:00;1;2020;134,967;False;IPV756;2;-3,1
2020-06-30 22:00:00;1;2020;145,381;False;IPV756;3;7,7
2020-09-30 22:00:00;1;2020;150,176;False;IPV756;4;3,3
2020-12-31 23:00:00;1;2021;147,196;False;IPV756;1;-2,0
2021-03-31 22:00:00;1;2021;147,838;False;IPV756;2;0,4
2021-06-30 22:00:00;1;2021;155,844;False;IPV756;3;5,4
2021-09-30 22:00:00;1;2021;160,667;False;IPV756;4;3,1
2021-12-31 23:00:00;1;2022;164,502;False;IPV756;1;2,4
2022-03-31 22:00:00;1;2022;166,714;False;IPV756;2;1,3
2022-06-30 22:00:00;1;2022;169,497;False;IPV756;3;1,7
2022-09-30 22:00:00;1;2022;171,05;False;IPV756;4;0,9
2022-12-31 23:00:00;1;2023;176,211;False;IPV756;1;3,0
2023-03-31 22:00:00;1;2023;178,772;False;IPV756;2;1,5
2023-06-30 22:00:00;1;2023;188,722;False;IPV756;3;5,6
2023-09-30 22:00:00;1;2023;190,5;False;IPV756;4;0,9
2023-12-31 23:00:00;1;2024;198,151;False;IPV756;1;4,0
2024-03-31 22:00:00;1;2024;200,842;False;IPV756;2;1,4
2024-06-30 22:00:00;1;2024;209,282;False;IPV756;3;4,2
2024-09-30 22:00:00;1;2024;210,289;False;IPV756;4;0,5
2024-12-31 23:00:00;1;2025;232,215;False;IPV756;1;10,4
2025-03-31 22:00:00;1;2025;233,183;False;IPV756;2;0,4
2025-06-30 22:00:00;1;2025;230,305;False;IPV756;3;-1,2
2025-09-30 22:00:00;1;2025;232,614;False;IPV756;4;1,0
2006-12-31 23:00:00;1;2007;134,284;False;IPV757;1;0,0
2007-03-31 22:00:00;1;2007;138,926;False;IPV757;2;3,5
2007-06-30 22:00:00;1;2007;141,55;False;IPV757;3;1,9
2007-09-30 22:00:00;1;2007;141,156;False;IPV757;4;-0,3
2007-12-31 23:00:00;1;2008;139,331;False;IPV757;1;-1,3
2008-03-31 22:00:00;1;2008;140,641;False;IPV757;2;0,9
2008-06-30 22:00:00;1;2008;137,833;False;IPV757;3;-2,0
2008-09-30 22:00:00;1;2008;132,299;False;IPV757;4;-4,0
2008-12-31 23:00:00;1;2009;127,995;False;IPV757;1;-3,3
2009-03-31 22:00:00;1;2009;127,041;False;IPV757;2;-0,7
2009-06-30 22:00:00;1;2009;125,19;False;IPV757;3;-1,5
2009-09-30 22:00:00;1;2009;124,886;False;IPV757;4;-0,2
2009-12-31 23:00:00;1;2010;124,524;False;IPV757;1;-0,3
2010-03-31 22:00:00;1;2010;124,473;False;IPV757;2;0,0
2010-06-30 22:00:00;1;2010;122,719;False;IPV757;3;-1,4
2010-09-30 22:00:00;1;2010;123,202;False;IPV757;4;0,4
2010-12-31 23:00:00;1;2011;120,82;False;IPV757;1;-1,9
2011-03-31 22:00:00;1;2011;119,621;False;IPV757;2;-1,0
2011-06-30 22:00:00;1;2011;116,348;False;IPV757;3;-2,7
2011-09-30 22:00:00;1;2011;111,13;False;IPV757;4;-4,5
2011-12-31 23:00:00;1;2012;102,879;False;IPV757;1;-7,4
2012-03-31 22:00:00;1;2012;101,737;False;IPV757;2;-1,1
2012-06-30 22:00:00;1;2012;100,069;False;IPV757;3;-1,6
2012-09-30 22:00:00;1;2012;98,472;False;IPV757;4;-1,6
2012-12-31 23:00:00;1;2013;92,688;False;IPV757;1;-5,9
2013-03-31 22:00:00;1;2013;92,472;False;IPV757;2;-0,2
2013-06-30 22:00:00;1;2013;94,286;False;IPV757;3;2,0
2013-09-30 22:00:00;1;2013;94,876;False;IPV757;4;0,6
2013-12-31 23:00:00;1;2014;92,84;False;IPV757;1;-2,1
2014-03-31 22:00:00;1;2014;92,815;False;IPV757;2;0,0
2014-06-30 22:00:00;1;2014;94,725;False;IPV757;3;2,1
2014-09-30 22:00:00;1;2014;95,569;False;IPV757;4;0,9
2014-12-31 23:00:00;1;2015;95,424;False;IPV757;1;-0,2
2015-03-31 22:00:00;1;2015;99,624;False;IPV757;2;4,4
2015-06-30 22:00:00;1;2015;102,692;False;IPV757;3;3,1
2015-09-30 22:00:00;1;2015;102,261;False;IPV757;4;-0,4
2015-12-31 23:00:00;1;2016;103,795;False;IPV757;1;1,5
2016-03-31 22:00:00;1;2016;104,63;False;IPV757;2;0,8
2016-06-30 22:00:00;1;2016;108,189;False;IPV757;3;3,4
2016-09-30 22:00:00;1;2016;108,09;False;IPV757;4;-0,1
2016-12-31 23:00:00;1;2017;109,53;False;IPV757;1;1,3
2017-03-31 22:00:00;1;2017;112,337;False;IPV757;2;2,6
2017-06-30 22:00:00;1;2017;118,005;False;IPV757;3;5,0
2017-09-30 22:00:00;1;2017;118,636;False;IPV757;4;0,5
2017-12-31 23:00:00;1;2018;118,479;False;IPV757;1;-0,1
2018-03-31 22:00:00;1;2018;121,782;False;IPV757;2;2,8
2018-06-30 22:00:00;1;2018;126,301;False;IPV757;3;3,7
2018-09-30 22:00:00;1;2018;126,178;False;IPV757;4;-0,1
2018-12-31 23:00:00;1;2019;127,149;False;IPV757;1;0,8
2019-03-31 22:00:00;1;2019;128,181;False;IPV757;2;0,8
2019-06-30 22:00:00;1;2019;133,92;False;IPV757;3;4,5
2019-09-30 22:00:00;1;2019;133,139;False;IPV757;4;-0,6
2019-12-31 23:00:00;1;2020;134,726;False;IPV757;1;1,2
2020-03-31 22:00:00;1;2020;134,061;False;IPV757;2;-0,5
2020-06-30 22:00:00;1;2020;138,41;False;IPV757;3;3,2
2020-09-30 22:00:00;1;2020;136,398;False;IPV757;4;-1,5
2020-12-31 23:00:00;1;2021;136,265;False;IPV757;1;-0,1
2021-03-31 22:00:00;1;2021;141,694;False;IPV757;2;4,0
2021-06-30 22:00:00;1;2021;147,791;False;IPV757;3;4,3
2021-09-30 22:00:00;1;2021;149,462;False;IPV757;4;1,1
2021-12-31 23:00:00;1;2022;152,625;False;IPV757;1;2,1
2022-03-31 22:00:00;1;2022;157,098;False;IPV757;2;2,9
2022-06-30 22:00:00;1;2022;160,112;False;IPV757;3;1,9
2022-09-30 22:00:00;1;2022;158,3;False;IPV757;4;-1,1
2022-12-31 23:00:00;1;2023;159,06;False;IPV757;1;0,5
2023-03-31 22:00:00;1;2023;162,183;False;IPV757;2;2,0
2023-06-30 22:00:00;1;2023;167,28;False;IPV757;3;3,1
2023-09-30 22:00:00;1;2023;165,249;False;IPV757;4;-1,2
2023-12-31 23:00:00;1;2024;168,273;False;IPV757;1;1,8
2024-03-31 22:00:00;1;2024;172,207;False;IPV757;2;2,3
2024-06-30 22:00:00;1;2024;177,025;False;IPV757;3;2,8
2024-09-30 22:00:00;1;2024;179,469;False;IPV757;4;1,4
2024-12-31 23:00:00;1;2025;185,053;False;IPV757;1;3,1
2025-03-31 22:00:00;1;2025;192,349;False;IPV757;2;3,9
2025-06-30 22:00:00;1;2025;199,625;False;IPV757;3;3,8
2025-09-30 22:00:00;1;2025;203,457;False;IPV757;4;1,9
2006-12-31 23:00:00;1;2007;155,572;False;IPV758;1;0,0
2007-03-31 22:00:00;1;2007;161,254;False;IPV758;2;3,7
2007-06-30 22:00:00;1;2007;163,043;False;IPV758;3;1,1
2007-09-30 22:00:00;1;2007;159,401;False;IPV758;4;-2,2
2007-12-31 23:00:00;1;2008;159,466;False;IPV758;1;0,0
2008-03-31 22:00:00;1;2008;156,177;False;IPV758;2;-2,1
2008-06-30 22:00:00;1;2008;153,188;False;IPV758;3;-1,9
2008-09-30 22:00:00;1;2008;149,659;False;IPV758;4;-2,3
2008-12-31 23:00:00;1;2009;148,628;False;IPV758;1;-0,7
2009-03-31 22:00:00;1;2009;149,371;False;IPV758;2;0,5
2009-06-30 22:00:00;1;2009;150,107;False;IPV758;3;0,5
2009-09-30 22:00:00;1;2009;152,018;False;IPV758;4;1,3
2009-12-31 23:00:00;1;2010;148,808;False;IPV758;1;-2,1
2010-03-31 22:00:00;1;2010;152,054;False;IPV758;2;2,2
2010-06-30 22:00:00;1;2010;146,958;False;IPV758;3;-3,4
2010-09-30 22:00:00;1;2010;151,093;False;IPV758;4;2,8
2010-12-31 23:00:00;1;2011;143,033;False;IPV758;1;-5,3
2011-03-31 22:00:00;1;2011;140,581;False;IPV758;2;-1,7
2011-06-30 22:00:00;1;2011;136,908;False;IPV758;3;-2,6
2011-09-30 22:00:00;1;2011;129,886;False;IPV758;4;-5,1
2011-12-31 23:00:00;1;2012;122,016;False;IPV758;1;-6,1
2012-03-31 22:00:00;1;2012;118,491;False;IPV758;2;-2,9
2012-06-30 22:00:00;1;2012;112,043;False;IPV758;3;-5,4
2012-09-30 22:00:00;1;2012;112,041;False;IPV758;4;0,0
2012-12-31 23:00:00;1;2013;103,844;False;IPV758;1;-7,3
2013-03-31 22:00:00;1;2013;103,838;False;IPV758;2;0,0
2013-06-30 22:00:00;1;2013;100,868;False;IPV758;3;-2,9
2013-09-30 22:00:00;1;2013;99,655;False;IPV758;4;-1,2
2013-12-31 23:00:00;1;2014;97,445;False;IPV758;1;-2,2
2014-03-31 22:00:00;1;2014;99,946;False;IPV758;2;2,6
2014-06-30 22:00:00;1;2014;98,726;False;IPV758;3;-1,2
2014-09-30 22:00:00;1;2014;99,099;False;IPV758;4;0,4
2014-12-31 23:00:00;1;2015;97,523;False;IPV758;1;-1,6
2015-03-31 22:00:00;1;2015;100,688;False;IPV758;2;3,2
2015-06-30 22:00:00;1;2015;102,174;False;IPV758;3;1,5
2015-09-30 22:00:00;1;2015;99,614;False;IPV758;4;-2,5
2015-12-31 23:00:00;1;2016;100,121;False;IPV758;1;0,5
2016-03-31 22:00:00;1;2016;100,33;False;IPV758;2;0,2
2016-06-30 22:00:00;1;2016;101,524;False;IPV758;3;1,2
2016-09-30 22:00:00;1;2016;101,321;False;IPV758;4;-0,2
2016-12-31 23:00:00;1;2017;101,461;False;IPV758;1;0,1
2017-03-31 22:00:00;1;2017;100,399;False;IPV758;2;-1,0
2017-06-30 22:00:00;1;2017;102,55;False;IPV758;3;2,1
2017-09-30 22:00:00;1;2017;103,627;False;IPV758;4;1,1
2017-12-31 23:00:00;1;2018;103,446;False;IPV758;1;-0,2
2018-03-31 22:00:00;1;2018;104,435;False;IPV758;2;1,0
2018-06-30 22:00:00;1;2018;106,987;False;IPV758;3;2,4
2018-09-30 22:00:00;1;2018;106,324;False;IPV758;4;-0,6
2018-12-31 23:00:00;1;2019;106,872;False;IPV758;1;0,5
2019-03-31 22:00:00;1;2019;109,312;False;IPV758;2;2,3
2019-06-30 22:00:00;1;2019;110,528;False;IPV758;3;1,1
2019-09-30 22:00:00;1;2019;111,059;False;IPV758;4;0,5
2019-12-31 23:00:00;1;2020;111,274;False;IPV758;1;0,2
2020-03-31 22:00:00;1;2020;113,38;False;IPV758;2;1,9
2020-06-30 22:00:00;1;2020;112,42;False;IPV758;3;-0,8
2020-09-30 22:00:00;1;2020;112,672;False;IPV758;4;0,2
2020-12-31 23:00:00;1;2021;113,674;False;IPV758;1;0,9
2021-03-31 22:00:00;1;2021;117,505;False;IPV758;2;3,4
2021-06-30 22:00:00;1;2021;118,359;False;IPV758;3;0,7
2021-09-30 22:00:00;1;2021;120,03;False;IPV758;4;1,4
2021-12-31 23:00:00;1;2022;122,005;False;IPV758;1;1,6
2022-03-31 22:00:00;1;2022;125,191;False;IPV758;2;2,6
2022-06-30 22:00:00;1;2022;125,782;False;IPV758;3;0,5
2022-09-30 22:00:00;1;2022;124,963;False;IPV758;4;-0,7
2022-12-31 23:00:00;1;2023;125,375;False;IPV758;1;0,3
2023-03-31 22:00:00;1;2023;127,441;False;IPV758;2;1,6
2023-06-30 22:00:00;1;2023;130,815;False;IPV758;3;2,6
2023-09-30 22:00:00;1;2023;128,693;False;IPV758;4;-1,6
2023-12-31 23:00:00;1;2024;131,217;False;IPV758;1;2,0
2024-03-31 22:00:00;1;2024;137,099;False;IPV758;2;4,5
2024-06-30 22:00:00;1;2024;140,415;False;IPV758;3;2,4
2024-09-30 22:00:00;1;2024;143,714;False;IPV758;4;2,3
2024-12-31 23:00:00;1;2025;149,175;False;IPV758;1;3,8
2025-03-31 22:00:00;1;2025;156,187;False;IPV758;2;4,7
2025-06-30 22:00:00;1;2025;160,157;False;IPV758;3;2,5
2025-09-30 22:00:00;1;2025;164,483;False;IPV758;4;2,7
2006-12-31 23:00:00;1;2007;123,959;False;IPV759;1;0,0
2007-03-31 22:00:00;1;2007;128,087;False;IPV759;2;3,3
2007-06-30 22:00:00;1;2007;132,204;False;IPV759;3;3,2
2007-09-30 22:00:00;1;2007;134,932;False;IPV759;4;2,1
2007-12-31 23:00:00;1;2008;135,382;False;IPV759;1;0,3
2008-03-31 22:00:00;1;2008;135,436;False;IPV759;2;0,0
2008-06-30 22:00:00;1;2008;137,057;False;IPV759;3;1,2
2008-09-30 22:00:00;1;2008;137,915;False;IPV759;4;0,6
2008-12-31 23:00:00;1;2009;138,609;False;IPV759;1;0,5
2009-03-31 22:00:00;1;2009;137,999;False;IPV759;2;-0,4
2009-06-30 22:00:00;1;2009;138,091;False;IPV759;3;0,1
2009-09-30 22:00:00;1;2009;135,489;False;IPV759;4;-1,9
2009-12-31 23:00:00;1;2010;134,749;False;IPV759;1;-0,5
2010-03-31 22:00:00;1;2010;136,856;False;IPV759;2;1,6
2010-06-30 22:00:00;1;2010;132,191;False;IPV759;3;-3,4
2010-09-30 22:00:00;1;2010;133,791;False;IPV759;4;1,2
2010-12-31 23:00:00;1;2011;132,226;False;IPV759;1;-1,2
2011-03-31 22:00:00;1;2011;129,429;False;IPV759;2;-2,1
2011-06-30 22:00:00;1;2011;129,703;False;IPV759;3;0,2
2011-09-30 22:00:00;1;2011;122,425;False;IPV759;4;-5,6
2011-12-31 23:00:00;1;2012;114,297;False;IPV759;1;-6,6
2012-03-31 22:00:00;1;2012;111,927;False;IPV759;2;-2,1
2012-06-30 22:00:00;1;2012;107,749;False;IPV759;3;-3,7
2012-09-30 22:00:00;1;2012;108,474;False;IPV759;4;0,7
2012-12-31 23:00:00;1;2013;98,273;False;IPV759;1;-9,4
2013-03-31 22:00:00;1;2013;96,651;False;IPV759;2;-1,7
2013-06-30 22:00:00;1;2013;97,539;False;IPV759;3;0,9
2013-09-30 22:00:00;1;2013;95,487;False;IPV759;4;-2,1
2013-12-31 23:00:00;1;2014;95,693;False;IPV759;1;0,2
2014-03-31 22:00:00;1;2014;97,699;False;IPV759;2;2,1
2014-06-30 22:00:00;1;2014;98,358;False;IPV759;3;0,7
2014-09-30 22:00:00;1;2014;95,789;False;IPV759;4;-2,6
2014-12-31 23:00:00;1;2015;97,453;False;IPV759;1;1,7
2015-03-31 22:00:00;1;2015;99,769;False;IPV759;2;2,4
2015-06-30 22:00:00;1;2015;102,678;False;IPV759;3;2,9
2015-09-30 22:00:00;1;2015;100,1;False;IPV759;4;-2,5
2015-12-31 23:00:00;1;2016;102,567;False;IPV759;1;2,5
2016-03-31 22:00:00;1;2016;105,692;False;IPV759;2;3,0
2016-06-30 22:00:00;1;2016;105,969;False;IPV759;3;0,3
2016-09-30 22:00:00;1;2016;103,255;False;IPV759;4;-2,6
2016-12-31 23:00:00;1;2017;104,732;False;IPV759;1;1,4
2017-03-31 22:00:00;1;2017;104,286;False;IPV759;2;-0,4
2017-06-30 22:00:00;1;2017;106,662;False;IPV759;3;2,3
2017-09-30 22:00:00;1;2017;106,864;False;IPV759;4;0,2
2017-12-31 23:00:00;1;2018;108,447;False;IPV759;1;1,5
2018-03-31 22:00:00;1;2018;109,144;False;IPV759;2;0,6
2018-06-30 22:00:00;1;2018;111,765;False;IPV759;3;2,4
2018-09-30 22:00:00;1;2018;116,173;False;IPV759;4;3,9
2018-12-31 23:00:00;1;2019;116,203;False;IPV759;1;0,0
2019-03-31 22:00:00;1;2019;118,222;False;IPV759;2;1,7
2019-06-30 22:00:00;1;2019;117,623;False;IPV759;3;-0,5
2019-09-30 22:00:00;1;2019;119,986;False;IPV759;4;2,0
2019-12-31 23:00:00;1;2020;123,472;False;IPV759;1;2,9
2020-03-31 22:00:00;1;2020;123,558;False;IPV759;2;0,1
2020-06-30 22:00:00;1;2020;129,598;False;IPV759;3;4,9
2020-09-30 22:00:00;1;2020;125,824;False;IPV759;4;-2,9
2020-12-31 23:00:00;1;2021;126,47;False;IPV759;1;0,5
2021-03-31 22:00:00;1;2021;128,636;False;IPV759;2;1,7
2021-06-30 22:00:00;1;2021;129,998;False;IPV759;3;1,1
2021-09-30 22:00:00;1;2021;130,903;False;IPV759;4;0,7
2021-12-31 23:00:00;1;2022;135,082;False;IPV759;1;3,2
2022-03-31 22:00:00;1;2022;137,447;False;IPV759;2;1,8
2022-06-30 22:00:00;1;2022;139,186;False;IPV759;3;1,3
2022-09-30 22:00:00;1;2022;140,475;False;IPV759;4;0,9
2022-12-31 23:00:00;1;2023;147,37;False;IPV759;1;4,9
2023-03-31 22:00:00;1;2023;150,839;False;IPV759;2;2,4
2023-06-30 22:00:00;1;2023;155,817;False;IPV759;3;3,3
2023-09-30 22:00:00;1;2023;150,217;False;IPV759;4;-3,6
2023-12-31 23:00:00;1;2024;158,91;False;IPV759;1;5,8
2024-03-31 22:00:00;1;2024;159,877;False;IPV759;2;0,6
2024-06-30 22:00:00;1;2024;161,945;False;IPV759;3;1,3
2024-09-30 22:00:00;1;2024;168,423;False;IPV759;4;4,0
2024-12-31 23:00:00;1;2025;173,89;False;IPV759;1;3,2
2025-03-31 22:00:00;1;2025;178,123;False;IPV759;2;2,4
2025-06-30 22:00:00;1;2025;178,812;False;IPV759;3;0,4
2025-09-30 22:00:00;1;2025;186,796;False;IPV759;4;4,5
2006-12-31 23:00:00;1;2007;138,726;False;IPV760;1;0,0
2007-03-31 22:00:00;1;2007;143,559;False;IPV760;2;3,5
2007-06-30 22:00:00;1;2007;146,732;False;IPV760;3;2,2
2007-09-30 22:00:00;1;2007;146,787;False;IPV760;4;0,0
2007-12-31 23:00:00;1;2008;147,078;False;IPV760;1;0,2
2008-03-31 22:00:00;1;2008;145,714;False;IPV760;2;-0,9
2008-06-30 22:00:00;1;2008;145,396;False;IPV760;3;-0,2
2008-09-30 22:00:00;1;2008;144,401;False;IPV760;4;-0,7
2008-12-31 23:00:00;1;2009;144,477;False;IPV760;1;0,1
2009-03-31 22:00:00;1;2009;144,351;False;IPV760;2;-0,1
2009-06-30 22:00:00;1;2009;144,679;False;IPV760;3;0,2
2009-09-30 22:00:00;1;2009;143,684;False;IPV760;4;-0,7
2009-12-31 23:00:00;1;2010;142,162;False;IPV760;1;-1,1
2010-03-31 22:00:00;1;2010;144,669;False;IPV760;2;1,8
2010-06-30 22:00:00;1;2010;139,765;False;IPV760;3;-3,4
2010-09-30 22:00:00;1;2010;142,186;False;IPV760;4;1,7
2010-12-31 23:00:00;1;2011;138,43;False;IPV760;1;-2,6
2011-03-31 22:00:00;1;2011;135,693;False;IPV760;2;-2,0
2011-06-30 22:00:00;1;2011;134,66;False;IPV760;3;-0,8
2011-09-30 22:00:00;1;2011;127,323;False;IPV760;4;-5,4
2011-12-31 23:00:00;1;2012;119,183;False;IPV760;1;-6,4
2012-03-31 22:00:00;1;2012;116,298;False;IPV760;2;-2,4
2012-06-30 22:00:00;1;2012;111,115;False;IPV760;3;-4,5
2012-09-30 22:00:00;1;2012;111,549;False;IPV760;4;0,4
2012-12-31 23:00:00;1;2013;102,34;False;IPV760;1;-8,3
2013-03-31 22:00:00;1;2013;101,586;False;IPV760;2;-0,7
2013-06-30 22:00:00;1;2013;100,371;False;IPV760;3;-1,2
2013-09-30 22:00:00;1;2013;98,757;False;IPV760;4;-1,6
2013-12-31 23:00:00;1;2014;97,194;False;IPV760;1;-1,6
2014-03-31 22:00:00;1;2014;99,566;False;IPV760;2;2,4
2014-06-30 22:00:00;1;2014;98,851;False;IPV760;3;-0,7
2014-09-30 22:00:00;1;2014;98,431;False;IPV760;4;-0,4
2014-12-31 23:00:00;1;2015;97,509;False;IPV760;1;-0,9
2015-03-31 22:00:00;1;2015;100,503;False;IPV760;2;3,1
2015-06-30 22:00:00;1;2015;102,276;False;IPV760;3;1,8
2015-09-30 22:00:00;1;2015;99,712;False;IPV760;4;-2,5
2015-12-31 23:00:00;1;2016;100,537;False;IPV760;1;0,8
2016-03-31 22:00:00;1;2016;101,217;False;IPV760;2;0,7
2016-06-30 22:00:00;1;2016;102,264;False;IPV760;3;1,0
2016-09-30 22:00:00;1;2016;101,654;False;IPV760;4;-0,6
2016-12-31 23:00:00;1;2017;101,946;False;IPV760;1;0,3
2017-03-31 22:00:00;1;2017;100,953;False;IPV760;2;-1,0
2017-06-30 22:00:00;1;2017;103,132;False;IPV760;3;2,2
2017-09-30 22:00:00;1;2017;104,111;False;IPV760;4;0,9
2017-12-31 23:00:00;1;2018;104,14;False;IPV760;1;0,0
2018-03-31 22:00:00;1;2018;105,095;False;IPV760;2;0,9
2018-06-30 22:00:00;1;2018;107,658;False;IPV760;3;2,4
2018-09-30 22:00:00;1;2018;107,6;False;IPV760;4;-0,1
2018-12-31 23:00:00;1;2019;108,084;False;IPV760;1;0,4
2019-03-31 22:00:00;1;2019;110,472;False;IPV760;2;2,2
2019-06-30 22:00:00;1;2019;111,463;False;IPV760;3;0,9
2019-09-30 22:00:00;1;2019;112,223;False;IPV760;4;0,7
2019-12-31 23:00:00;1;2020;112,8;False;IPV760;1;0,5
2020-03-31 22:00:00;1;2020;114,686;False;IPV760;2;1,7
2020-06-30 22:00:00;1;2020;114,498;False;IPV760;3;-0,2
2020-09-30 22:00:00;1;2020;114,305;False;IPV760;4;-0,2
2020-12-31 23:00:00;1;2021;115,257;False;IPV760;1;0,8
2021-03-31 22:00:00;1;2021;118,855;False;IPV760;2;3,1
2021-06-30 22:00:00;1;2021;119,777;False;IPV760;3;0,8
2021-09-30 22:00:00;1;2021;121,34;False;IPV760;4;1,3
2021-12-31 23:00:00;1;2022;123,636;False;IPV760;1;1,9
2022-03-31 22:00:00;1;2022;126,693;False;IPV760;2;2,5
2022-06-30 22:00:00;1;2022;127,452;False;IPV760;3;0,6
2022-09-30 22:00:00;1;2022;126,946;False;IPV760;4;-0,4
2022-12-31 23:00:00;1;2023;128,079;False;IPV760;1;0,9
2023-03-31 22:00:00;1;2023;130,306;False;IPV760;2;1,7
2023-06-30 22:00:00;1;2023;133,866;False;IPV760;3;2,7
2023-09-30 22:00:00;1;2023;131,352;False;IPV760;4;-1,9
2023-12-31 23:00:00;1;2024;134,63;False;IPV760;1;2,5
2024-03-31 22:00:00;1;2024;139,913;False;IPV760;2;3,9
2024-06-30 22:00:00;1;2024;143,078;False;IPV760;3;2,3
2024-09-30 22:00:00;1;2024;146,765;False;IPV760;4;2,6
2024-12-31 23:00:00;1;2025;152,219;False;IPV760;1;3,7
2025-03-31 22:00:00;1;2025;158,852;False;IPV760;2;4,4
2025-06-30 22:00:00;1;2025;162,381;False;IPV760;3;2,2
2025-09-30 22:00:00;1;2025;167,186;False;IPV760;4;3,0
2006-12-31 23:00:00;1;2007;199,485;False;IPV761;1;0,0
2007-03-31 22:00:00;1;2007;198,235;False;IPV761;2;-0,6
2007-06-30 22:00:00;1;2007;200,98;False;IPV761;3;1,4
2007-09-30 22:00:00;1;2007;193,876;False;IPV761;4;-3,5
2007-12-31 23:00:00;1;2008;192,507;False;IPV761;1;-0,7
2008-03-31 22:00:00;1;2008;189,049;False;IPV761;2;-1,8
2008-06-30 22:00:00;1;2008;178,525;False;IPV761;3;-5,6
2008-09-30 22:00:00;1;2008;166,77;False;IPV761;4;-6,6
2008-12-31 23:00:00;1;2009;161,382;False;IPV761;1;-3,2
2009-03-31 22:00:00;1;2009;160,769;False;IPV761;2;-0,4
2009-06-30 22:00:00;1;2009;157,792;False;IPV761;3;-1,9
2009-09-30 22:00:00;1;2009;158,005;False;IPV761;4;0,1
2009-12-31 23:00:00;1;2010;155,401;False;IPV761;1;-1,6
2010-03-31 22:00:00;1;2010;156,452;False;IPV761;2;0,7
2010-06-30 22:00:00;1;2010;151,424;False;IPV761;3;-3,2
2010-09-30 22:00:00;1;2010;152,837;False;IPV761;4;0,9
2010-12-31 23:00:00;1;2011;141,409;False;IPV761;1;-7,5
2011-03-31 22:00:00;1;2011;142,32;False;IPV761;2;0,6
2011-06-30 22:00:00;1;2011;136,584;False;IPV761;3;-4,0
2011-09-30 22:00:00;1;2011;130,222;False;IPV761;4;-4,7
2011-12-31 23:00:00;1;2012;119,443;False;IPV761;1;-8,3
2012-03-31 22:00:00;1;2012;119,438;False;IPV761;2;0,0
2012-06-30 22:00:00;1;2012;113,989;False;IPV761;3;-4,6
2012-09-30 22:00:00;1;2012;112,333;False;IPV761;4;-1,5
2012-12-31 23:00:00;1;2013;103,415;False;IPV761;1;-7,9
2013-03-31 22:00:00;1;2013;103,311;False;IPV761;2;-0,1
2013-06-30 22:00:00;1;2013;101,291;False;IPV761;3;-2,0
2013-09-30 22:00:00;1;2013;99,533;False;IPV761;4;-1,7
2013-12-31 23:00:00;1;2014;98,483;False;IPV761;1;-1,1
2014-03-31 22:00:00;1;2014;99,575;False;IPV761;2;1,1
2014-06-30 22:00:00;1;2014;99,436;False;IPV761;3;-0,1
2014-09-30 22:00:00;1;2014;99,831;False;IPV761;4;0,4
2014-12-31 23:00:00;1;2015;98,084;False;IPV761;1;-1,7
2015-03-31 22:00:00;1;2015;100,996;False;IPV761;2;3,0
2015-06-30 22:00:00;1;2015;100,876;False;IPV761;3;-0,1
2015-09-30 22:00:00;1;2015;100,044;False;IPV761;4;-0,8
2015-12-31 23:00:00;1;2016;100,403;False;IPV761;1;0,4
2016-03-31 22:00:00;1;2016;101,731;False;IPV761;2;1,3
2016-06-30 22:00:00;1;2016;101,517;False;IPV761;3;-0,2
2016-09-30 22:00:00;1;2016;102,113;False;IPV761;4;0,6
2016-12-31 23:00:00;1;2017;103,563;False;IPV761;1;1,4
2017-03-31 22:00:00;1;2017;103,521;False;IPV761;2;0,0
2017-06-30 22:00:00;1;2017;104,552;False;IPV761;3;1,0
2017-09-30 22:00:00;1;2017;105,523;False;IPV761;4;0,9
2017-12-31 23:00:00;1;2018;107,318;False;IPV761;1;1,7
2018-03-31 22:00:00;1;2018;109,117;False;IPV761;2;1,7
2018-06-30 22:00:00;1;2018;110,663;False;IPV761;3;1,4
2018-09-30 22:00:00;1;2018;111,735;False;IPV761;4;1,0
2018-12-31 23:00:00;1;2019;113,638;False;IPV761;1;1,7
2019-03-31 22:00:00;1;2019;115,566;False;IPV761;2;1,7
2019-06-30 22:00:00;1;2019;117,221;False;IPV761;3;1,4
2019-09-30 22:00:00;1;2019;117,994;False;IPV761;4;0,7
2019-12-31 23:00:00;1;2020;117,456;False;IPV761;1;-0,5
2020-03-31 22:00:00;1;2020;119,541;False;IPV761;2;1,8
2020-06-30 22:00:00;1;2020;118,673;False;IPV761;3;-0,7
2020-09-30 22:00:00;1;2020;118,595;False;IPV761;4;-0,1
2020-12-31 23:00:00;1;2021;120,421;False;IPV761;1;1,5
2021-03-31 22:00:00;1;2021;122,725;False;IPV761;2;1,9
2021-06-30 22:00:00;1;2021;124,307;False;IPV761;3;1,3
2021-09-30 22:00:00;1;2021;125,611;False;IPV761;4;1,0
2021-12-31 23:00:00;1;2022;128,499;False;IPV761;1;2,3
2022-03-31 22:00:00;1;2022;131,268;False;IPV761;2;2,2
2022-06-30 22:00:00;1;2022;132,253;False;IPV761;3;0,8
2022-09-30 22:00:00;1;2022;130,717;False;IPV761;4;-1,2
2022-12-31 23:00:00;1;2023;131,202;False;IPV761;1;0,4
2023-03-31 22:00:00;1;2023;133,444;False;IPV761;2;1,7
2023-06-30 22:00:00;1;2023;135,909;False;IPV761;3;1,8
2023-09-30 22:00:00;1;2023;135,001;False;IPV761;4;-0,7
2023-12-31 23:00:00;1;2024;138,811;False;IPV761;1;2,8
2024-03-31 22:00:00;1;2024;145,385;False;IPV761;2;4,7
2024-06-30 22:00:00;1;2024;149,665;False;IPV761;3;2,9
2024-09-30 22:00:00;1;2024;152,748;False;IPV761;4;2,1
2024-12-31 23:00:00;1;2025;158,524;False;IPV761;1;3,8
2025-03-31 22:00:00;1;2025;166,844;False;IPV761;2;5,2
2025-06-30 22:00:00;1;2025;173,041;False;IPV761;3;3,7
2025-09-30 22:00:00;1;2025;176,142;False;IPV761;4;1,8
2006-12-31 23:00:00;1;2007;152,923;False;IPV762;1;0,0
2007-03-31 22:00:00;1;2007;155,77;False;IPV762;2;1,9
2007-06-30 22:00:00;1;2007;156,728;False;IPV762;3;0,6
2007-09-30 22:00:00;1;2007;159,186;False;IPV762;4;1,6
2007-12-31 23:00:00;1;2008;159,141;False;IPV762;1;0,0
2008-03-31 22:00:00;1;2008;162,869;False;IPV762;2;2,3
2008-06-30 22:00:00;1;2008;159,306;False;IPV762;3;-2,2
2008-09-30 22:00:00;1;2008;160,288;False;IPV762;4;0,6
2008-12-31 23:00:00;1;2009;154,126;False;IPV762;1;-3,8
2009-03-31 22:00:00;1;2009;154,374;False;IPV762;2;0,2
2009-06-30 22:00:00;1;2009;150,489;False;IPV762;3;-2,5
2009-09-30 22:00:00;1;2009;147,64;False;IPV762;4;-1,9
2009-12-31 23:00:00;1;2010;141,768;False;IPV762;1;-4,0
2010-03-31 22:00:00;1;2010;143,469;False;IPV762;2;1,2
2010-06-30 22:00:00;1;2010;139,584;False;IPV762;3;-2,7
2010-09-30 22:00:00;1;2010;140,121;False;IPV762;4;0,4
2010-12-31 23:00:00;1;2011;136,796;False;IPV762;1;-2,4
2011-03-31 22:00:00;1;2011;134,926;False;IPV762;2;-1,4
2011-06-30 22:00:00;1;2011;134,707;False;IPV762;3;-0,2
2011-09-30 22:00:00;1;2011;125,785;False;IPV762;4;-6,6
2011-12-31 23:00:00;1;2012;117,681;False;IPV762;1;-6,4
2012-03-31 22:00:00;1;2012;117,708;False;IPV762;2;0,0
2012-06-30 22:00:00;1;2012;113,85;False;IPV762;3;-3,3
2012-09-30 22:00:00;1;2012;114,155;False;IPV762;4;0,3
2012-12-31 23:00:00;1;2013;102,22;False;IPV762;1;-10,5
2013-03-31 22:00:00;1;2013;99,888;False;IPV762;2;-2,3
2013-06-30 22:00:00;1;2013;100,896;False;IPV762;3;1,0
2013-09-30 22:00:00;1;2013;97,993;False;IPV762;4;-2,9
2013-12-31 23:00:00;1;2014;97,05;False;IPV762;1;-1,0
2014-03-31 22:00:00;1;2014;100,654;False;IPV762;2;3,7
2014-06-30 22:00:00;1;2014;98,907;False;IPV762;3;-1,7
2014-09-30 22:00:00;1;2014;97,405;False;IPV762;4;-1,5
2014-12-31 23:00:00;1;2015;100,311;False;IPV762;1;3,0
2015-03-31 22:00:00;1;2015;101,932;False;IPV762;2;1,6
2015-06-30 22:00:00;1;2015;98,356;False;IPV762;3;-3,5
2015-09-30 22:00:00;1;2015;99,401;False;IPV762;4;1,1
2015-12-31 23:00:00;1;2016;101,325;False;IPV762;1;1,9
2016-03-31 22:00:00;1;2016;106,473;False;IPV762;2;5,1
2016-06-30 22:00:00;1;2016;105,724;False;IPV762;3;-0,7
2016-09-30 22:00:00;1;2016;102,896;False;IPV762;4;-2,7
2016-12-31 23:00:00;1;2017;108,157;False;IPV762;1;5,1
2017-03-31 22:00:00;1;2017;108,107;False;IPV762;2;0,0
2017-06-30 22:00:00;1;2017;108,509;False;IPV762;3;0,4
2017-09-30 22:00:00;1;2017;105,046;False;IPV762;4;-3,2
2017-12-31 23:00:00;1;2018;108,278;False;IPV762;1;3,1
2018-03-31 22:00:00;1;2018;108,304;False;IPV762;2;0,0
2018-06-30 22:00:00;1;2018;112,076;False;IPV762;3;3,5
2018-09-30 22:00:00;1;2018;112,875;False;IPV762;4;0,7
2018-12-31 23:00:00;1;2019;117,297;False;IPV762;1;3,9
2019-03-31 22:00:00;1;2019;118,718;False;IPV762;2;1,2
2019-06-30 22:00:00;1;2019;117,825;False;IPV762;3;-0,8
2019-09-30 22:00:00;1;2019;118,626;False;IPV762;4;0,7
2019-12-31 23:00:00;1;2020;122,569;False;IPV762;1;3,3
2020-03-31 22:00:00;1;2020;120,55;False;IPV762;2;-1,6
2020-06-30 22:00:00;1;2020;125,993;False;IPV762;3;4,5
2020-09-30 22:00:00;1;2020;122,344;False;IPV762;4;-2,9
2020-12-31 23:00:00;1;2021;122,415;False;IPV762;1;0,1
2021-03-31 22:00:00;1;2021;122,963;False;IPV762;2;0,4
2021-06-30 22:00:00;1;2021;130,261;False;IPV762;3;5,9
2021-09-30 22:00:00;1;2021;131,674;False;IPV762;4;1,1
2021-12-31 23:00:00;1;2022;135,751;False;IPV762;1;3,1
2022-03-31 22:00:00;1;2022;134,404;False;IPV762;2;-1,0
2022-06-30 22:00:00;1;2022;137,409;False;IPV762;3;2,2
2022-09-30 22:00:00;1;2022;138,293;False;IPV762;4;0,6
2022-12-31 23:00:00;1;2023;145,894;False;IPV762;1;5,5
2023-03-31 22:00:00;1;2023;147,908;False;IPV762;2;1,4
2023-06-30 22:00:00;1;2023;154,393;False;IPV762;3;4,4
2023-09-30 22:00:00;1;2023;149,775;False;IPV762;4;-3,0
2023-12-31 23:00:00;1;2024;163,112;False;IPV762;1;8,9
2024-03-31 22:00:00;1;2024;167,734;False;IPV762;2;2,8
2024-06-30 22:00:00;1;2024;171,532;False;IPV762;3;2,3
2024-09-30 22:00:00;1;2024;170,95;False;IPV762;4;-0,3
2024-12-31 23:00:00;1;2025;179,226;False;IPV762;1;4,8
2025-03-31 22:00:00;1;2025;183,466;False;IPV762;2;2,4
2025-06-30 22:00:00;1;2025;188,999;False;IPV762;3;3,0
2025-09-30 22:00:00;1;2025;187,936;False;IPV762;4;-0,6
2006-12-31 23:00:00;1;2007;175,582;False;IPV763;1;0,0
2007-03-31 22:00:00;1;2007;176,576;False;IPV763;2;0,6
2007-06-30 22:00:00;1;2007;178,362;False;IPV763;3;1,0
2007-09-30 22:00:00;1;2007;176,458;False;IPV763;4;-1,1
2007-12-31 23:00:00;1;2008;175,804;False;IPV763;1;-0,4
2008-03-31 22:00:00;1;2008;176,271;False;IPV763;2;0,3
2008-06-30 22:00:00;1;2008;169,486;False;IPV763;3;-3,8
2008-09-30 22:00:00;1;2008;164,638;False;IPV763;4;-2,9
2008-12-31 23:00:00;1;2009;158,726;False;IPV763;1;-3,6
2009-03-31 22:00:00;1;2009;158,625;False;IPV763;2;-0,1
2009-06-30 22:00:00;1;2009;155,071;False;IPV763;3;-2,2
2009-09-30 22:00:00;1;2009;153,443;False;IPV763;4;-1,0
2009-12-31 23:00:00;1;2010;148,846;False;IPV763;1;-3,0
2010-03-31 22:00:00;1;2010;150,299;False;IPV763;2;1,0
2010-06-30 22:00:00;1;2010;145,905;False;IPV763;3;-2,9
2010-09-30 22:00:00;1;2010;146,806;False;IPV763;4;0,6
2010-12-31 23:00:00;1;2011;139,6;False;IPV763;1;-4,9
2011-03-31 22:00:00;1;2011;139,049;False;IPV763;2;-0,4
2011-06-30 22:00:00;1;2011;136,197;False;IPV763;3;-2,1
2011-09-30 22:00:00;1;2011;128,457;False;IPV763;4;-5,7
2011-12-31 23:00:00;1;2012;118,835;False;IPV763;1;-7,5
2012-03-31 22:00:00;1;2012;118,843;False;IPV763;2;0,0
2012-06-30 22:00:00;1;2012;114,084;False;IPV763;3;-4,0
2012-09-30 22:00:00;1;2012;113,285;False;IPV763;4;-0,7
2012-12-31 23:00:00;1;2013;103,193;False;IPV763;1;-8,9
2013-03-31 22:00:00;1;2013;102,236;False;IPV763;2;-0,9
2013-06-30 22:00:00;1;2013;101,37;False;IPV763;3;-0,8
2013-09-30 22:00:00;1;2013;99,17;False;IPV763;4;-2,2
2013-12-31 23:00:00;1;2014;98,148;False;IPV763;1;-1,0
2014-03-31 22:00:00;1;2014;99,906;False;IPV763;2;1,8
2014-06-30 22:00:00;1;2014;99,341;False;IPV763;3;-0,6
2014-09-30 22:00:00;1;2014;99,233;False;IPV763;4;-0,1
2014-12-31 23:00:00;1;2015;98,632;False;IPV763;1;-0,6
2015-03-31 22:00:00;1;2015;101,227;False;IPV763;2;2,6
2015-06-30 22:00:00;1;2015;100,255;False;IPV763;3;-1,0
2015-09-30 22:00:00;1;2015;99,886;False;IPV763;4;-0,4
2015-12-31 23:00:00;1;2016;100,535;False;IPV763;1;0,6
2016-03-31 22:00:00;1;2016;102,571;False;IPV763;2;2,0
2016-06-30 22:00:00;1;2016;102,258;False;IPV763;3;-0,3
2016-09-30 22:00:00;1;2016;102,218;False;IPV763;4;0,0
2016-12-31 23:00:00;1;2017;104,298;False;IPV763;1;2,0
2017-03-31 22:00:00;1;2017;104,254;False;IPV763;2;0,0
2017-06-30 22:00:00;1;2017;105,181;False;IPV763;3;0,9
2017-09-30 22:00:00;1;2017;105,419;False;IPV763;4;0,2
2017-12-31 23:00:00;1;2018;107,505;False;IPV763;1;2,0
2018-03-31 22:00:00;1;2018;108,946;False;IPV763;2;1,3
2018-06-30 22:00:00;1;2018;110,941;False;IPV763;3;1,8
2018-09-30 22:00:00;1;2018;111,958;False;IPV763;4;0,9
2018-12-31 23:00:00;1;2019;114,4;False;IPV763;1;2,2
2019-03-31 22:00:00;1;2019;116,219;False;IPV763;2;1,6
2019-06-30 22:00:00;1;2019;117,328;False;IPV763;3;1,0
2019-09-30 22:00:00;1;2019;118,107;False;IPV763;4;0,7
2019-12-31 23:00:00;1;2020;118,557;False;IPV763;1;0,4
2020-03-31 22:00:00;1;2020;119,737;False;IPV763;2;1,0
2020-06-30 22:00:00;1;2020;120,261;False;IPV763;3;0,4
2020-09-30 22:00:00;1;2020;119,395;False;IPV763;4;-0,7
2020-12-31 23:00:00;1;2021;120,807;False;IPV763;1;1,2
2021-03-31 22:00:00;1;2021;122,696;False;IPV763;2;1,6
2021-06-30 22:00:00;1;2021;125,622;False;IPV763;3;2,4
2021-09-30 22:00:00;1;2021;126,951;False;IPV763;4;1,1
2021-12-31 23:00:00;1;2022;130,106;False;IPV763;1;2,5
2022-03-31 22:00:00;1;2022;131,95;False;IPV763;2;1,4
2022-06-30 22:00:00;1;2022;133,388;False;IPV763;3;1,1
2022-09-30 22:00:00;1;2022;132,396;False;IPV763;4;-0,7
2022-12-31 23:00:00;1;2023;134,247;False;IPV763;1;1,4
2023-03-31 22:00:00;1;2023;136,449;False;IPV763;2;1,6
2023-06-30 22:00:00;1;2023;139,69;False;IPV763;3;2,4
2023-09-30 22:00:00;1;2023;138,068;False;IPV763;4;-1,2
2023-12-31 23:00:00;1;2024;143,668;False;IPV763;1;4,1
2024-03-31 22:00:00;1;2024;149,893;False;IPV763;2;4,3
2024-06-30 22:00:00;1;2024;154,092;False;IPV763;3;2,8
2024-09-30 22:00:00;1;2024;156,497;False;IPV763;4;1,6
2024-12-31 23:00:00;1;2025;162,696;False;IPV763;1;4,0
2025-03-31 22:00:00;1;2025;170,432;False;IPV763;2;4,8
2025-06-30 22:00:00;1;2025;176,563;False;IPV763;3;3,6
2025-09-30 22:00:00;1;2025;179,035;False;IPV763;4;1,4
2006-12-31 23:00:00;1;2007;144,341;False;IPV764;1;0,0
2007-03-31 22:00:00;1;2007;148,886;False;IPV764;2;3,1
2007-06-30 22:00:00;1;2007;151,053;False;IPV764;3;1,5
2007-09-30 22:00:00;1;2007;150,191;False;IPV764;4;-0,6
2007-12-31 23:00:00;1;2008;149,799;False;IPV764;1;-0,3
2008-03-31 22:00:00;1;2008;147,412;False;IPV764;2;-1,6
2008-06-30 22:00:00;1;2008;144,405;False;IPV764;3;-2,0
2008-09-30 22:00:00;1;2008;138,605;False;IPV764;4;-4,0
2008-12-31 23:00:00;1;2009;135,086;False;IPV764;1;-2,5
2009-03-31 22:00:00;1;2009;136,685;False;IPV764;2;1,2
2009-06-30 22:00:00;1;2009;135,816;False;IPV764;3;-0,6
2009-09-30 22:00:00;1;2009;136,203;False;IPV764;4;0,3
2009-12-31 23:00:00;1;2010;134,734;False;IPV764;1;-1,1
2010-03-31 22:00:00;1;2010;135,448;False;IPV764;2;0,5
2010-06-30 22:00:00;1;2010;133,191;False;IPV764;3;-1,7
2010-09-30 22:00:00;1;2010;133,72;False;IPV764;4;0,4
2010-12-31 23:00:00;1;2011;126,266;False;IPV764;1;-5,6
2011-03-31 22:00:00;1;2011;126,55;False;IPV764;2;0,2
2011-06-30 22:00:00;1;2011;122,747;False;IPV764;3;-3,0
2011-09-30 22:00:00;1;2011;117,954;False;IPV764;4;-3,9
2011-12-31 23:00:00;1;2012;111,673;False;IPV764;1;-5,3
2012-03-31 22:00:00;1;2012;107,454;False;IPV764;2;-3,8
2012-06-30 22:00:00;1;2012;104,792;False;IPV764;3;-2,5
2012-09-30 22:00:00;1;2012;103,576;False;IPV764;4;-1,2
2012-12-31 23:00:00;1;2013;97,692;False;IPV764;1;-5,7
2013-03-31 22:00:00;1;2013;97,458;False;IPV764;2;-0,2
2013-06-30 22:00:00;1;2013;98,18;False;IPV764;3;0,7
2013-09-30 22:00:00;1;2013;96,853;False;IPV764;4;-1,4
2013-12-31 23:00:00;1;2014;95,786;False;IPV764;1;-1,1
2014-03-31 22:00:00;1;2014;97,608;False;IPV764;2;1,9
2014-06-30 22:00:00;1;2014;97,78;False;IPV764;3;0,2
2014-09-30 22:00:00;1;2014;98,428;False;IPV764;4;0,7
2014-12-31 23:00:00;1;2015;96,531;False;IPV764;1;-1,9
2015-03-31 22:00:00;1;2015;100,619;False;IPV764;2;4,2
2015-06-30 22:00:00;1;2015;101,962;False;IPV764;3;1,3
2015-09-30 22:00:00;1;2015;100,888;False;IPV764;4;-1,1
2015-12-31 23:00:00;1;2016;101,51;False;IPV764;1;0,6
2016-03-31 22:00:00;1;2016;102,405;False;IPV764;2;0,9
2016-06-30 22:00:00;1;2016;102,498;False;IPV764;3;0,1
2016-09-30 22:00:00;1;2016;102,65;False;IPV764;4;0,1
2016-12-31 23:00:00;1;2017;103,411;False;IPV764;1;0,7
2017-03-31 22:00:00;1;2017;104,984;False;IPV764;2;1,5
2017-06-30 22:00:00;1;2017;106,209;False;IPV764;3;1,2
2017-09-30 22:00:00;1;2017;107,119;False;IPV764;4;0,9
2017-12-31 23:00:00;1;2018;107,59;False;IPV764;1;0,4
2018-03-31 22:00:00;1;2018;110,011;False;IPV764;2;2,3
2018-06-30 22:00:00;1;2018;111,808;False;IPV764;3;1,6
2018-09-30 22:00:00;1;2018;113,01;False;IPV764;4;1,1
2018-12-31 23:00:00;1;2019;113,854;False;IPV764;1;0,7
2019-03-31 22:00:00;1;2019;115,883;False;IPV764;2;1,8
2019-06-30 22:00:00;1;2019;117,968;False;IPV764;3;1,8
2019-09-30 22:00:00;1;2019;117,395;False;IPV764;4;-0,5
2019-12-31 23:00:00;1;2020;118,103;False;IPV764;1;0,6
2020-03-31 22:00:00;1;2020;117,948;False;IPV764;2;-0,1
2020-06-30 22:00:00;1;2020;118,623;False;IPV764;3;0,6
2020-09-30 22:00:00;1;2020;118,06;False;IPV764;4;-0,5
2020-12-31 23:00:00;1;2021;117,998;False;IPV764;1;-0,1
2021-03-31 22:00:00;1;2021;121,954;False;IPV764;2;3,4
2021-06-30 22:00:00;1;2021;125,653;False;IPV764;3;3,0
2021-09-30 22:00:00;1;2021;127,633;False;IPV764;4;1,6
2021-12-31 23:00:00;1;2022;130,414;False;IPV764;1;2,2
2022-03-31 22:00:00;1;2022;134,193;False;IPV764;2;2,9
2022-06-30 22:00:00;1;2022;136,586;False;IPV764;3;1,8
2022-09-30 22:00:00;1;2022;135,208;False;IPV764;4;-1,0
2022-12-31 23:00:00;1;2023;135,389;False;IPV764;1;0,1
2023-03-31 22:00:00;1;2023;139,691;False;IPV764;2;3,2
2023-06-30 22:00:00;1;2023;142,718;False;IPV764;3;2,2
2023-09-30 22:00:00;1;2023;142,358;False;IPV764;4;-0,3
2023-12-31 23:00:00;1;2024;145,362;False;IPV764;1;2,1
2024-03-31 22:00:00;1;2024;152,082;False;IPV764;2;4,6
2024-06-30 22:00:00;1;2024;157,143;False;IPV764;3;3,3
2024-09-30 22:00:00;1;2024;160,495;False;IPV764;4;2,1
2024-12-31 23:00:00;1;2025;165,385;False;IPV764;1;3,0
2025-03-31 22:00:00;1;2025;172,192;False;IPV764;2;4,1
2025-06-30 22:00:00;1;2025;177,324;False;IPV764;3;3,0
2025-09-30 22:00:00;1;2025;180,614;False;IPV764;4;1,9
2006-12-31 23:00:00;1;2007;108,32;False;IPV765;1;0,0
2007-03-31 22:00:00;1;2007;111,404;False;IPV765;2;2,8
2007-06-30 22:00:00;1;2007;115,067;False;IPV765;3;3,3
2007-09-30 22:00:00;1;2007;119,087;False;IPV765;4;3,5
2007-12-31 23:00:00;1;2008;119,352;False;IPV765;1;0,2
2008-03-31 22:00:00;1;2008;120,303;False;IPV765;2;0,8
2008-06-30 22:00:00;1;2008;123,127;False;IPV765;3;2,3
2008-09-30 22:00:00;1;2008;121,632;False;IPV765;4;-1,2
2008-12-31 23:00:00;1;2009;121,762;False;IPV765;1;0,1
2009-03-31 22:00:00;1;2009;121,007;False;IPV765;2;-0,6
2009-06-30 22:00:00;1;2009;120,369;False;IPV765;3;-0,5
2009-09-30 22:00:00;1;2009;119,491;False;IPV765;4;-0,7
2009-12-31 23:00:00;1;2010;118,545;False;IPV765;1;-0,8
2010-03-31 22:00:00;1;2010;120,843;False;IPV765;2;1,9
2010-06-30 22:00:00;1;2010;117,549;False;IPV765;3;-2,7
2010-09-30 22:00:00;1;2010;116,809;False;IPV765;4;-0,6
2010-12-31 23:00:00;1;2011;115,718;False;IPV765;1;-0,9
2011-03-31 22:00:00;1;2011;115,418;False;IPV765;2;-0,3
2011-06-30 22:00:00;1;2011;113,331;False;IPV765;3;-1,8
2011-09-30 22:00:00;1;2011;110,674;False;IPV765;4;-2,3
2011-12-31 23:00:00;1;2012;106,656;False;IPV765;1;-3,6
2012-03-31 22:00:00;1;2012;102,727;False;IPV765;2;-3,7
2012-06-30 22:00:00;1;2012;101,471;False;IPV765;3;-1,2
2012-09-30 22:00:00;1;2012;99,005;False;IPV765;4;-2,4
2012-12-31 23:00:00;1;2013;94,444;False;IPV765;1;-4,6
2013-03-31 22:00:00;1;2013;92,34;False;IPV765;2;-2,2
2013-06-30 22:00:00;1;2013;93,591;False;IPV765;3;1,4
2013-09-30 22:00:00;1;2013;93,33;False;IPV765;4;-0,3
2013-12-31 23:00:00;1;2014;93,643;False;IPV765;1;0,3
2014-03-31 22:00:00;1;2014;94,562;False;IPV765;2;1,0
2014-06-30 22:00:00;1;2014;95,366;False;IPV765;3;0,9
2014-09-30 22:00:00;1;2014;95,789;False;IPV765;4;0,4
2014-12-31 23:00:00;1;2015;97,371;False;IPV765;1;1,7
2015-03-31 22:00:00;1;2015;100,469;False;IPV765;2;3,2
2015-06-30 22:00:00;1;2015;100,156;False;IPV765;3;-0,3
2015-09-30 22:00:00;1;2015;102,005;False;IPV765;4;1,8
2015-12-31 23:00:00;1;2016;104,833;False;IPV765;1;2,8
2016-03-31 22:00:00;1;2016;109,103;False;IPV765;2;4,1
2016-06-30 22:00:00;1;2016;107,653;False;IPV765;3;-1,3
2016-09-30 22:00:00;1;2016;106,75;False;IPV765;4;-0,8
2016-12-31 23:00:00;1;2017;109,118;False;IPV765;1;2,2
2017-03-31 22:00:00;1;2017;111,232;False;IPV765;2;1,9
2017-06-30 22:00:00;1;2017;112,577;False;IPV765;3;1,2
2017-09-30 22:00:00;1;2017;112,82;False;IPV765;4;0,2
2017-12-31 23:00:00;1;2018;113,862;False;IPV765;1;0,9
2018-03-31 22:00:00;1;2018;116,144;False;IPV765;2;2,0
2018-06-30 22:00:00;1;2018;120,063;False;IPV765;3;3,4
2018-09-30 22:00:00;1;2018;120,724;False;IPV765;4;0,6
2018-12-31 23:00:00;1;2019;121,873;False;IPV765;1;1,0
2019-03-31 22:00:00;1;2019;125,02;False;IPV765;2;2,6
2019-06-30 22:00:00;1;2019;131,319;False;IPV765;3;5,0
2019-09-30 22:00:00;1;2019;128,593;False;IPV765;4;-2,1
2019-12-31 23:00:00;1;2020;130,88;False;IPV765;1;1,8
2020-03-31 22:00:00;1;2020;133,607;False;IPV765;2;2,1
2020-06-30 22:00:00;1;2020;138,942;False;IPV765;3;4,0
2020-09-30 22:00:00;1;2020;140,672;False;IPV765;4;1,2
2020-12-31 23:00:00;1;2021;138,982;False;IPV765;1;-1,2
2021-03-31 22:00:00;1;2021;141,129;False;IPV765;2;1,5
2021-06-30 22:00:00;1;2021;148,697;False;IPV765;3;5,4
2021-09-30 22:00:00;1;2021;151,316;False;IPV765;4;1,8
2021-12-31 23:00:00;1;2022;156,363;False;IPV765;1;3,3
2022-03-31 22:00:00;1;2022;156,989;False;IPV765;2;0,4
2022-06-30 22:00:00;1;2022;158,385;False;IPV765;3;0,9
2022-09-30 22:00:00;1;2022;164,477;False;IPV765;4;3,8
2022-12-31 23:00:00;1;2023;165,549;False;IPV765;1;0,7
2023-03-31 22:00:00;1;2023;166,201;False;IPV765;2;0,4
2023-06-30 22:00:00;1;2023;177,265;False;IPV765;3;6,7
2023-09-30 22:00:00;1;2023;173,254;False;IPV765;4;-2,3
2023-12-31 23:00:00;1;2024;184,535;False;IPV765;1;6,5
2024-03-31 22:00:00;1;2024;188,391;False;IPV765;2;2,1
2024-06-30 22:00:00;1;2024;201,651;False;IPV765;3;7,0
2024-09-30 22:00:00;1;2024;203,521;False;IPV765;4;0,9
2024-12-31 23:00:00;1;2025;212,796;False;IPV765;1;4,6
2025-03-31 22:00:00;1;2025;218,247;False;IPV765;2;2,6
2025-06-30 22:00:00;1;2025;221,148;False;IPV765;3;1,3
2025-09-30 22:00:00;1;2025;226,633;False;IPV765;4;2,5
2006-12-31 23:00:00;1;2007;127,081;False;IPV766;1;0,0
2007-03-31 22:00:00;1;2007;130,901;False;IPV766;2;3,0
2007-06-30 22:00:00;1;2007;133,943;False;IPV766;3;2,3
2007-09-30 22:00:00;1;2007;135,785;False;IPV766;4;1,4
2007-12-31 23:00:00;1;2008;135,751;False;IPV766;1;0,0
2008-03-31 22:00:00;1;2008;135,178;False;IPV766;2;-0,4
2008-06-30 22:00:00;1;2008;135,361;False;IPV766;3;0,1
2008-09-30 22:00:00;1;2008;131,847;False;IPV766;4;-2,6
2008-12-31 23:00:00;1;2009;130,5;False;IPV766;1;-1,0
2009-03-31 22:00:00;1;2009;130,679;False;IPV766;2;0,1
2009-06-30 22:00:00;1;2009;129,93;False;IPV766;3;-0,6
2009-09-30 22:00:00;1;2009;129,541;False;IPV766;4;-0,3
2009-12-31 23:00:00;1;2010;128,36;False;IPV766;1;-0,9
2010-03-31 22:00:00;1;2010;130,094;False;IPV766;2;1,4
2010-06-30 22:00:00;1;2010;127,118;False;IPV766;3;-2,3
2010-09-30 22:00:00;1;2010;126,862;False;IPV766;4;-0,2
2010-12-31 23:00:00;1;2011;122,879;False;IPV766;1;-3,1
2011-03-31 22:00:00;1;2011;122,836;False;IPV766;2;0,0
2011-06-30 22:00:00;1;2011;119,932;False;IPV766;3;-2,4
2011-09-30 22:00:00;1;2011;116,257;False;IPV766;4;-3,1
2011-12-31 23:00:00;1;2012;110,865;False;IPV766;1;-4,6
2012-03-31 22:00:00;1;2012;106,719;False;IPV766;2;-3,7
2012-06-30 22:00:00;1;2012;104,624;False;IPV766;3;-2,0
2012-09-30 22:00:00;1;2012;102,861;False;IPV766;4;-1,7
2012-12-31 23:00:00;1;2013;97,307;False;IPV766;1;-5,4
2013-03-31 22:00:00;1;2013;96,563;False;IPV766;2;-0,8
2013-06-30 22:00:00;1;2013;97,433;False;IPV766;3;0,9
2013-09-30 22:00:00;1;2013;96,389;False;IPV766;4;-1,1
2013-12-31 23:00:00;1;2014;95,522;False;IPV766;1;-0,9
2014-03-31 22:00:00;1;2014;97,214;False;IPV766;2;1,8
2014-06-30 22:00:00;1;2014;97,478;False;IPV766;3;0,3
2014-09-30 22:00:00;1;2014;98,094;False;IPV766;4;0,6
2014-12-31 23:00:00;1;2015;96,637;False;IPV766;1;-1,5
2015-03-31 22:00:00;1;2015;100,6;False;IPV766;2;4,1
2015-06-30 22:00:00;1;2015;101,734;False;IPV766;3;1,1
2015-09-30 22:00:00;1;2015;101,029;False;IPV766;4;-0,7
2015-12-31 23:00:00;1;2016;101,91;False;IPV766;1;0,9
2016-03-31 22:00:00;1;2016;103,201;False;IPV766;2;1,3
2016-06-30 22:00:00;1;2016;103,113;False;IPV766;3;-0,1
2016-09-30 22:00:00;1;2016;103,142;False;IPV766;4;0,0
2016-12-31 23:00:00;1;2017;104,051;False;IPV766;1;0,9
2017-03-31 22:00:00;1;2017;105,676;False;IPV766;2;1,6
2017-06-30 22:00:00;1;2017;106,913;False;IPV766;3;1,2
2017-09-30 22:00:00;1;2017;107,763;False;IPV766;4;0,8
2017-12-31 23:00:00;1;2018;108,283;False;IPV766;1;0,5
2018-03-31 22:00:00;1;2018;110,695;False;IPV766;2;2,2
2018-06-30 22:00:00;1;2018;112,673;False;IPV766;3;1,8
2018-09-30 22:00:00;1;2018;113,831;False;IPV766;4;1,0
2018-12-31 23:00:00;1;2019;114,705;False;IPV766;1;0,8
2019-03-31 22:00:00;1;2019;116,842;False;IPV766;2;1,9
2019-06-30 22:00:00;1;2019;119,331;False;IPV766;3;2,1
2019-09-30 22:00:00;1;2019;118,553;False;IPV766;4;-0,7
2019-12-31 23:00:00;1;2020;119,44;False;IPV766;1;0,7
2020-03-31 22:00:00;1;2020;119,613;False;IPV766;2;0,1
2020-06-30 22:00:00;1;2020;120,819;False;IPV766;3;1,0
2020-09-30 22:00:00;1;2020;120,518;False;IPV766;4;-0,2
2020-12-31 23:00:00;1;2021;120,217;False;IPV766;1;-0,2
2021-03-31 22:00:00;1;2021;123,878;False;IPV766;2;3,0
2021-06-30 22:00:00;1;2021;128,119;False;IPV766;3;3,4
2021-09-30 22:00:00;1;2021;130,178;False;IPV766;4;1,6
2021-12-31 23:00:00;1;2022;133,3;False;IPV766;1;2,4
2022-03-31 22:00:00;1;2022;136,525;False;IPV766;2;2,4
2022-06-30 22:00:00;1;2022;138,73;False;IPV766;3;1,6
2022-09-30 22:00:00;1;2022;138,587;False;IPV766;4;-0,1
2022-12-31 23:00:00;1;2023;138,89;False;IPV766;1;0,2
2023-03-31 22:00:00;1;2023;142,672;False;IPV766;2;2,7
2023-06-30 22:00:00;1;2023;146,784;False;IPV766;3;2,9
2023-09-30 22:00:00;1;2023;145,927;False;IPV766;4;-0,6
2023-12-31 23:00:00;1;2024;149,88;False;IPV766;1;2,7
2024-03-31 22:00:00;1;2024;156,273;False;IPV766;2;4,3
2024-06-30 22:00:00;1;2024;162,275;False;IPV766;3;3,8
2024-09-30 22:00:00;1;2024;165,457;False;IPV766;4;2,0
2024-12-31 23:00:00;1;2025;170,858;False;IPV766;1;3,3
2025-03-31 22:00:00;1;2025;177,504;False;IPV766;2;3,9
2025-06-30 22:00:00;1;2025;182,372;False;IPV766;3;2,7
2025-09-30 22:00:00;1;2025;185,917;False;IPV766;4;1,9
2006-12-31 23:00:00;1;2007;164,358;False;IPV767;1;0,0
2007-03-31 22:00:00;1;2007;168,847;False;IPV767;2;2,7
2007-06-30 22:00:00;1;2007;169,259;False;IPV767;3;0,2
2007-09-30 22:00:00;1;2007;164,973;False;IPV767;4;-2,5
2007-12-31 23:00:00;1;2008;163,288;False;IPV767;1;-1,0
2008-03-31 22:00:00;1;2008;160,557;False;IPV767;2;-1,7
2008-06-30 22:00:00;1;2008;154,722;False;IPV767;3;-3,6
2008-09-30 22:00:00;1;2008;147,259;False;IPV767;4;-4,8
2008-12-31 23:00:00;1;2009;142,815;False;IPV767;1;-3,0
2009-03-31 22:00:00;1;2009;142,616;False;IPV767;2;-0,1
2009-06-30 22:00:00;1;2009;141,958;False;IPV767;3;-0,5
2009-09-30 22:00:00;1;2009;142,127;False;IPV767;4;0,1
2009-12-31 23:00:00;1;2010;140,838;False;IPV767;1;-0,9
2010-03-31 22:00:00;1;2010;142,599;False;IPV767;2;1,3
2010-06-30 22:00:00;1;2010;139,455;False;IPV767;3;-2,2
2010-09-30 22:00:00;1;2010;139,816;False;IPV767;4;0,3
2010-12-31 23:00:00;1;2011;132,007;False;IPV767;1;-5,6
2011-03-31 22:00:00;1;2011;130,805;False;IPV767;2;-0,9
2011-06-30 22:00:00;1;2011;126,055;False;IPV767;3;-3,6
2011-09-30 22:00:00;1;2011;120,666;False;IPV767;4;-4,3
2011-12-31 23:00:00;1;2012;114,514;False;IPV767;1;-5,1
2012-03-31 22:00:00;1;2012;110,242;False;IPV767;2;-3,7
2012-06-30 22:00:00;1;2012;105,43;False;IPV767;3;-4,4
2012-09-30 22:00:00;1;2012;103,724;False;IPV767;4;-1,6
2012-12-31 23:00:00;1;2013;96,996;False;IPV767;1;-6,5
2013-03-31 22:00:00;1;2013;96,893;False;IPV767;2;-0,1
2013-06-30 22:00:00;1;2013;96,992;False;IPV767;3;0,1
2013-09-30 22:00:00;1;2013;95,713;False;IPV767;4;-1,3
2013-12-31 23:00:00;1;2014;95,321;False;IPV767;1;-0,4
2014-03-31 22:00:00;1;2014;97,119;False;IPV767;2;1,9
2014-06-30 22:00:00;1;2014;97,131;False;IPV767;3;0,0
2014-09-30 22:00:00;1;2014;97,379;False;IPV767;4;0,3
2014-12-31 23:00:00;1;2015;96,373;False;IPV767;1;-1,0
2015-03-31 22:00:00;1;2015;100,852;False;IPV767;2;4,6
2015-06-30 22:00:00;1;2015;101,534;False;IPV767;3;0,7
2015-09-30 22:00:00;1;2015;101,241;False;IPV767;4;-0,3
2015-12-31 23:00:00;1;2016;102,533;False;IPV767;1;1,3
2016-03-31 22:00:00;1;2016;104,045;False;IPV767;2;1,5
2016-06-30 22:00:00;1;2016;105,084;False;IPV767;3;1,0
2016-09-30 22:00:00;1;2016;105,803;False;IPV767;4;0,7
2016-12-31 23:00:00;1;2017;107,983;False;IPV767;1;2,1
2017-03-31 22:00:00;1;2017;110,064;False;IPV767;2;1,9
2017-06-30 22:00:00;1;2017;112,131;False;IPV767;3;1,9
2017-09-30 22:00:00;1;2017;113,384;False;IPV767;4;1,1
2017-12-31 23:00:00;1;2018;114,81;False;IPV767;1;1,3
2018-03-31 22:00:00;1;2018;117,752;False;IPV767;2;2,6
2018-06-30 22:00:00;1;2018;120,321;False;IPV767;3;2,2
2018-09-30 22:00:00;1;2018;120,656;False;IPV767;4;0,3
2018-12-31 23:00:00;1;2019;121,97;False;IPV767;1;1,1
2019-03-31 22:00:00;1;2019;123,659;False;IPV767;2;1,4
2019-06-30 22:00:00;1;2019;125,623;False;IPV767;3;1,6
2019-09-30 22:00:00;1;2019;124,72;False;IPV767;4;-0,7
2019-12-31 23:00:00;1;2020;125,28;False;IPV767;1;0,4
2020-03-31 22:00:00;1;2020;125,875;False;IPV767;2;0,5
2020-06-30 22:00:00;1;2020;126,58;False;IPV767;3;0,6
2020-09-30 22:00:00;1;2020;125,222;False;IPV767;4;-1,1
2020-12-31 23:00:00;1;2021;126,153;False;IPV767;1;0,7
2021-03-31 22:00:00;1;2021;129,522;False;IPV767;2;2,7
2021-06-30 22:00:00;1;2021;132,009;False;IPV767;3;1,9
2021-09-30 22:00:00;1;2021;133,292;False;IPV767;4;1,0
2021-12-31 23:00:00;1;2022;136,511;False;IPV767;1;2,4
2022-03-31 22:00:00;1;2022;139,707;False;IPV767;2;2,3
2022-06-30 22:00:00;1;2022;142,339;False;IPV767;3;1,9
2022-09-30 22:00:00;1;2022;140,353;False;IPV767;4;-1,4
2022-12-31 23:00:00;1;2023;140,665;False;IPV767;1;0,2
2023-03-31 22:00:00;1;2023;143,71;False;IPV767;2;2,2
2023-06-30 22:00:00;1;2023;146,922;False;IPV767;3;2,2
2023-09-30 22:00:00;1;2023;145,467;False;IPV767;4;-1,0
2023-12-31 23:00:00;1;2024;148,616;False;IPV767;1;2,2
2024-03-31 22:00:00;1;2024;154,152;False;IPV767;2;3,7
2024-06-30 22:00:00;1;2024;158,49;False;IPV767;3;2,8
2024-09-30 22:00:00;1;2024;161,605;False;IPV767;4;2,0
2024-12-31 23:00:00;1;2025;166,839;False;IPV767;1;3,2
2025-03-31 22:00:00;1;2025;173,924;False;IPV767;2;4,2
2025-06-30 22:00:00;1;2025;179,657;False;IPV767;3;3,3
2025-09-30 22:00:00;1;2025;182,853;False;IPV767;4;1,8
2006-12-31 23:00:00;1;2007;125,956;False;IPV768;1;0,0
2007-03-31 22:00:00;1;2007;129,748;False;IPV768;2;3,0
2007-06-30 22:00:00;1;2007;132,475;False;IPV768;3;2,1
2007-09-30 22:00:00;1;2007;134,449;False;IPV768;4;1,5
2007-12-31 23:00:00;1;2008;134,966;False;IPV768;1;0,4
2008-03-31 22:00:00;1;2008;136,652;False;IPV768;2;1,2
2008-06-30 22:00:00;1;2008;137,382;False;IPV768;3;0,5
2008-09-30 22:00:00;1;2008;135,526;False;IPV768;4;-1,4
2008-12-31 23:00:00;1;2009;132,281;False;IPV768;1;-2,4
2009-03-31 22:00:00;1;2009;131,365;False;IPV768;2;-0,7
2009-06-30 22:00:00;1;2009;129,71;False;IPV768;3;-1,3
2009-09-30 22:00:00;1;2009;128,647;False;IPV768;4;-0,8
2009-12-31 23:00:00;1;2010;126,703;False;IPV768;1;-1,5
2010-03-31 22:00:00;1;2010;129,118;False;IPV768;2;1,9
2010-06-30 22:00:00;1;2010;126,395;False;IPV768;3;-2,1
2010-09-30 22:00:00;1;2010;125,903;False;IPV768;4;-0,4
2010-12-31 23:00:00;1;2011;124,259;False;IPV768;1;-1,3
2011-03-31 22:00:00;1;2011;122,445;False;IPV768;2;-1,5
2011-06-30 22:00:00;1;2011;120,016;False;IPV768;3;-2,0
2011-09-30 22:00:00;1;2011;115,139;False;IPV768;4;-4,1
2011-12-31 23:00:00;1;2012;109,595;False;IPV768;1;-4,8
2012-03-31 22:00:00;1;2012;106,796;False;IPV768;2;-2,6
2012-06-30 22:00:00;1;2012;103,702;False;IPV768;3;-2,9
2012-09-30 22:00:00;1;2012;102,554;False;IPV768;4;-1,1
2012-12-31 23:00:00;1;2013;95,538;False;IPV768;1;-6,8
2013-03-31 22:00:00;1;2013;93,275;False;IPV768;2;-2,4
2013-06-30 22:00:00;1;2013;95,459;False;IPV768;3;2,3
2013-09-30 22:00:00;1;2013;94,356;False;IPV768;4;-1,2
2013-12-31 23:00:00;1;2014;94,496;False;IPV768;1;0,1
2014-03-31 22:00:00;1;2014;95,083;False;IPV768;2;0,6
2014-06-30 22:00:00;1;2014;96,21;False;IPV768;3;1,2
2014-09-30 22:00:00;1;2014;96,12;False;IPV768;4;-0,1
2014-12-31 23:00:00;1;2015;98,268;False;IPV768;1;2,2
2015-03-31 22:00:00;1;2015;99,726;False;IPV768;2;1,5
2015-06-30 22:00:00;1;2015;100,328;False;IPV768;3;0,6
2015-09-30 22:00:00;1;2015;101,678;False;IPV768;4;1,3
2015-12-31 23:00:00;1;2016;104,284;False;IPV768;1;2,6
2016-03-31 22:00:00;1;2016;108,105;False;IPV768;2;3,7
2016-06-30 22:00:00;1;2016;107,605;False;IPV768;3;-0,5
2016-09-30 22:00:00;1;2016;106,098;False;IPV768;4;-1,4
2016-12-31 23:00:00;1;2017;110,016;False;IPV768;1;3,7
2017-03-31 22:00:00;1;2017;112,835;False;IPV768;2;2,6
2017-06-30 22:00:00;1;2017;114,619;False;IPV768;3;1,6
2017-09-30 22:00:00;1;2017;113,902;False;IPV768;4;-0,6
2017-12-31 23:00:00;1;2018;116,249;False;IPV768;1;2,1
2018-03-31 22:00:00;1;2018;119,235;False;IPV768;2;2,6
2018-06-30 22:00:00;1;2018;121,645;False;IPV768;3;2,0
2018-09-30 22:00:00;1;2018;123,044;False;IPV768;4;1,2
2018-12-31 23:00:00;1;2019;128,285;False;IPV768;1;4,3
2019-03-31 22:00:00;1;2019;127,787;False;IPV768;2;-0,4
2019-06-30 22:00:00;1;2019;129,72;False;IPV768;3;1,5
2019-09-30 22:00:00;1;2019;129,523;False;IPV768;4;-0,2
2019-12-31 23:00:00;1;2020;136,156;False;IPV768;1;5,1
2020-03-31 22:00:00;1;2020;133,093;False;IPV768;2;-2,2
2020-06-30 22:00:00;1;2020;139,4;False;IPV768;3;4,7
2020-09-30 22:00:00;1;2020;140,144;False;IPV768;4;0,5
2020-12-31 23:00:00;1;2021;139,321;False;IPV768;1;-0,6
2021-03-31 22:00:00;1;2021;141,088;False;IPV768;2;1,3
2021-06-30 22:00:00;1;2021;145,073;False;IPV768;3;2,8
2021-09-30 22:00:00;1;2021;148,64;False;IPV768;4;2,5
2021-12-31 23:00:00;1;2022;153,365;False;IPV768;1;3,2
2022-03-31 22:00:00;1;2022;153,51;False;IPV768;2;0,1
2022-06-30 22:00:00;1;2022;154,931;False;IPV768;3;0,9
2022-09-30 22:00:00;1;2022;157,801;False;IPV768;4;1,9
2022-12-31 23:00:00;1;2023;162,514;False;IPV768;1;3,0
2023-03-31 22:00:00;1;2023;165,263;False;IPV768;2;1,7
2023-06-30 22:00:00;1;2023;171,973;False;IPV768;3;4,1
2023-09-30 22:00:00;1;2023;169,581;False;IPV768;4;-1,4
2023-12-31 23:00:00;1;2024;178,899;False;IPV768;1;5,5
2024-03-31 22:00:00;1;2024;183,813;False;IPV768;2;2,7
2024-06-30 22:00:00;1;2024;188,899;False;IPV768;3;2,8
2024-09-30 22:00:00;1;2024;190,368;False;IPV768;4;0,8
2024-12-31 23:00:00;1;2025;200,792;False;IPV768;1;5,5
2025-03-31 22:00:00;1;2025;206,055;False;IPV768;2;2,6
2025-06-30 22:00:00;1;2025;207,214;False;IPV768;3;0,6
2025-09-30 22:00:00;1;2025;211,73;False;IPV768;4;2,2
2006-12-31 23:00:00;1;2007;145,935;False;IPV769;1;0,0
2007-03-31 22:00:00;1;2007;150,103;False;IPV769;2;2,9
2007-06-30 22:00:00;1;2007;151,719;False;IPV769;3;1,1
2007-09-30 22:00:00;1;2007;150,64;False;IPV769;4;-0,7
2007-12-31 23:00:00;1;2008;150,082;False;IPV769;1;-0,4
2008-03-31 22:00:00;1;2008;149,618;False;IPV769;2;-0,3
2008-06-30 22:00:00;1;2008;147,134;False;IPV769;3;-1,7
2008-09-30 22:00:00;1;2008;142,511;False;IPV769;4;-3,1
2008-12-31 23:00:00;1;2009;138,693;False;IPV769;1;-2,7
2009-03-31 22:00:00;1;2009;138,082;False;IPV769;2;-0,4
2009-06-30 22:00:00;1;2009;136,845;False;IPV769;3;-0,9
2009-09-30 22:00:00;1;2009;136,313;False;IPV769;4;-0,4
2009-12-31 23:00:00;1;2010;134,626;False;IPV769;1;-1,2
2010-03-31 22:00:00;1;2010;136,79;False;IPV769;2;1,6
2010-06-30 22:00:00;1;2010;133,846;False;IPV769;3;-2,2
2010-09-30 22:00:00;1;2010;133,718;False;IPV769;4;-0,1
2010-12-31 23:00:00;1;2011;129,059;False;IPV769;1;-3,5
2011-03-31 22:00:00;1;2011;127,528;False;IPV769;2;-1,2
2011-06-30 22:00:00;1;2011;123,948;False;IPV769;3;-2,8
2011-09-30 22:00:00;1;2011;118,782;False;IPV769;4;-4,2
2011-12-31 23:00:00;1;2012;112,861;False;IPV769;1;-5,0
2012-03-31 22:00:00;1;2012;109,187;False;IPV769;2;-3,3
2012-06-30 22:00:00;1;2012;105,073;False;IPV769;3;-3,8
2012-09-30 22:00:00;1;2012;103,593;False;IPV769;4;-1,4
2012-12-31 23:00:00;1;2013;96,768;False;IPV769;1;-6,6
2013-03-31 22:00:00;1;2013;96,041;False;IPV769;2;-0,8
2013-06-30 22:00:00;1;2013;96,742;False;IPV769;3;0,7
2013-09-30 22:00:00;1;2013;95,512;False;IPV769;4;-1,3
2013-12-31 23:00:00;1;2014;95,208;False;IPV769;1;-0,3
2014-03-31 22:00:00;1;2014;96,805;False;IPV769;2;1,7
2014-06-30 22:00:00;1;2014;97,002;False;IPV769;3;0,2
2014-09-30 22:00:00;1;2014;97,194;False;IPV769;4;0,2
2014-12-31 23:00:00;1;2015;96,651;False;IPV769;1;-0,6
2015-03-31 22:00:00;1;2015;100,687;False;IPV769;2;4,2
2015-06-30 22:00:00;1;2015;101,358;False;IPV769;3;0,7
2015-09-30 22:00:00;1;2015;101,305;False;IPV769;4;-0,1
2015-12-31 23:00:00;1;2016;102,775;False;IPV769;1;1,5
2016-03-31 22:00:00;1;2016;104,601;False;IPV769;2;1,8
2016-06-30 22:00:00;1;2016;105,431;False;IPV769;3;0,8
2016-09-30 22:00:00;1;2016;105,848;False;IPV769;4;0,4
2016-12-31 23:00:00;1;2017;108,239;False;IPV769;1;2,3
2017-03-31 22:00:00;1;2017;110,41;False;IPV769;2;2,0
2017-06-30 22:00:00;1;2017;112,442;False;IPV769;3;1,8
2017-09-30 22:00:00;1;2017;113,457;False;IPV769;4;0,9
2017-12-31 23:00:00;1;2018;114,994;False;IPV769;1;1,4
2018-03-31 22:00:00;1;2018;117,941;False;IPV769;2;2,6
2018-06-30 22:00:00;1;2018;120,491;False;IPV769;3;2,2
2018-09-30 22:00:00;1;2018;120,954;False;IPV769;4;0,4
2018-12-31 23:00:00;1;2019;122,758;False;IPV769;1;1,5
2019-03-31 22:00:00;1;2019;124,175;False;IPV769;2;1,2
2019-06-30 22:00:00;1;2019;126,135;False;IPV769;3;1,6
2019-09-30 22:00:00;1;2019;125,32;False;IPV769;4;-0,6
2019-12-31 23:00:00;1;2020;126,695;False;IPV769;1;1,1
2020-03-31 22:00:00;1;2020;126,799;False;IPV769;2;0,1
2020-06-30 22:00:00;1;2020;128,255;False;IPV769;3;1,1
2020-09-30 22:00:00;1;2020;127,179;False;IPV769;4;-0,8
2020-12-31 23:00:00;1;2021;127,831;False;IPV769;1;0,5
2021-03-31 22:00:00;1;2021;130,937;False;IPV769;2;2,4
2021-06-30 22:00:00;1;2021;133,652;False;IPV769;3;2,1
2021-09-30 22:00:00;1;2021;135,291;False;IPV769;4;1,2
2021-12-31 23:00:00;1;2022;138,742;False;IPV769;1;2,6
2022-03-31 22:00:00;1;2022;141,433;False;IPV769;2;1,9
2022-06-30 22:00:00;1;2022;143,86;False;IPV769;3;1,7
2022-09-30 22:00:00;1;2022;142,666;False;IPV769;4;-0,8
2022-12-31 23:00:00;1;2023;143,58;False;IPV769;1;0,6
2023-03-31 22:00:00;1;2023;146,583;False;IPV769;2;2,1
2023-06-30 22:00:00;1;2023;150,273;False;IPV769;3;2,5
2023-09-30 22:00:00;1;2023;148,69;False;IPV769;4;-1,1
2023-12-31 23:00:00;1;2024;152,618;False;IPV769;1;2,6
2024-03-31 22:00:00;1;2024;158,083;False;IPV769;2;3,6
2024-06-30 22:00:00;1;2024;162,521;False;IPV769;3;2,8
2024-09-30 22:00:00;1;2024;165,433;False;IPV769;4;1,8
2024-12-31 23:00:00;1;2025;171,296;False;IPV769;1;3,5
2025-03-31 22:00:00;1;2025;178,184;False;IPV769;2;4,0
2025-06-30 22:00:00;1;2025;183,389;False;IPV769;3;2,9
2025-09-30 22:00:00;1;2025;186,75;False;IPV769;4;1,8
2006-12-31 23:00:00;1;2007;6,3;False;IPV776;1;0,0
2007-03-31 22:00:00;1;2007;9,6;False;IPV776;2;52,4
2007-06-30 22:00:00;1;2007;12,6;False;IPV776;3;31,2
2007-09-30 22:00:00;1;2007;14,5;False;IPV776;4;15,1
2007-12-31 23:00:00;1;2008;0,9;False;IPV776;1;-93,8
2008-03-31 22:00:00;1;2008;-1,0;False;IPV776;2;-211,1
2008-06-30 22:00:00;1;2008;-0,7;False;IPV776;3;-30,0
2008-09-30 22:00:00;1;2008;-0,2;False;IPV776;4;-71,4
2008-12-31 23:00:00;1;2009;0,9;False;IPV776;1;-550,0
2009-03-31 22:00:00;1;2009;1,2;False;IPV776;2;33,3
2009-06-30 22:00:00;1;2009;3,3;False;IPV776;3;175,0
2009-09-30 22:00:00;1;2009;3,0;False;IPV776;4;-9,1
2009-12-31 23:00:00;1;2010;-1,1;False;IPV776;1;-136,7
2010-03-31 22:00:00;1;2010;0,9;False;IPV776;2;-181,8
2010-06-30 22:00:00;1;2010;-0,3;False;IPV776;3;-133,3
2010-09-30 22:00:00;1;2010;-1,1;False;IPV776;4;266,7
2010-12-31 23:00:00;1;2011;-5,4;False;IPV776;1;390,9
2011-03-31 22:00:00;1;2011;-6,0;False;IPV776;2;11,1
2011-06-30 22:00:00;1;2011;-9,0;False;IPV776;3;50,0
2011-09-30 22:00:00;1;2011;-14,2;False;IPV776;4;57,8
2011-12-31 23:00:00;1;2012;-3,3;False;IPV776;1;-76,8
2012-03-31 22:00:00;1;2012;-5,3;False;IPV776;2;60,6
2012-06-30 22:00:00;1;2012;-6,6;False;IPV776;3;24,5
2012-09-30 22:00:00;1;2012;-9,3;False;IPV776;4;40,9
2012-12-31 23:00:00;1;2013;-8,8;False;IPV776;1;-5,4
2013-03-31 22:00:00;1;2013;-9,5;False;IPV776;2;8,0
2013-06-30 22:00:00;1;2013;-9,6;False;IPV776;3;1,1
2013-09-30 22:00:00;1;2013;-10,2;False;IPV776;4;6,2
2013-12-31 23:00:00;1;2014;-0,1;False;IPV776;1;-99,0
2014-03-31 22:00:00;1;2014;1,7;False;IPV776;2;-1800,0
2014-06-30 22:00:00;1;2014;2,1;False;IPV776;3;23,5
2014-09-30 22:00:00;1;2014;1,3;False;IPV776;4;-38,1
2014-12-31 23:00:00;1;2015;-1,1;False;IPV776;1;-184,6
2015-03-31 22:00:00;1;2015;3,9;False;IPV776;2;-454,5
2015-06-30 22:00:00;1;2015;5,3;False;IPV776;3;35,9
2015-09-30 22:00:00;1;2015;5,7;False;IPV776;4;7,5
2015-12-31 23:00:00;1;2016;1,5;False;IPV776;1;-73,7
2016-03-31 22:00:00;1;2016;4,1;False;IPV776;2;173,3
2016-06-30 22:00:00;1;2016;3,5;False;IPV776;3;-14,6
2016-09-30 22:00:00;1;2016;3,2;False;IPV776;4;-8,6
2016-12-31 23:00:00;1;2017;3,0;False;IPV776;1;-6,2
2017-03-31 22:00:00;1;2017;4,7;False;IPV776;2;56,7
2017-06-30 22:00:00;1;2017;4,9;False;IPV776;3;4,3
2017-09-30 22:00:00;1;2017;7,7;False;IPV776;4;57,1
2017-12-31 23:00:00;1;2018;1,7;False;IPV776;1;-77,9
2018-03-31 22:00:00;1;2018;5,0;False;IPV776;2;194,1
2018-06-30 22:00:00;1;2018;6,5;False;IPV776;3;30,0
2018-09-30 22:00:00;1;2018;7,5;False;IPV776;4;15,4
2018-12-31 23:00:00;1;2019;2,5;False;IPV776;1;-66,7
2019-03-31 22:00:00;1;2019;1,6;False;IPV776;2;-36,0
2019-06-30 22:00:00;1;2019;4,3;False;IPV776;3;168,7
2019-09-30 22:00:00;1;2019;3,3;False;IPV776;4;-23,3
2019-12-31 23:00:00;1;2020;2,0;False;IPV776;1;-39,4
2020-03-31 22:00:00;1;2020;3,2;False;IPV776;2;60,0
2020-06-30 22:00:00;1;2020;5,9;False;IPV776;3;84,4
2020-09-30 22:00:00;1;2020;5,4;False;IPV776;4;-8,5
2020-12-31 23:00:00;1;2021;1,4;False;IPV776;1;-74,1
2021-03-31 22:00:00;1;2021;4,5;False;IPV776;2;221,4
2021-06-30 22:00:00;1;2021;7,1;False;IPV776;3;57,8
2021-09-30 22:00:00;1;2021;7,1;False;IPV776;4;0,0
2021-12-31 23:00:00;1;2022;3,6;False;IPV776;1;-49,3
2022-03-31 22:00:00;1;2022;6,0;False;IPV776;2;66,7
2022-06-30 22:00:00;1;2022;7,3;False;IPV776;3;21,7
2022-09-30 22:00:00;1;2022;8,0;False;IPV776;4;9,6
2022-12-31 23:00:00;1;2023;1,9;False;IPV776;1;-76,2
2023-03-31 22:00:00;1;2023;4,2;False;IPV776;2;121,1
2023-06-30 22:00:00;1;2023;5,2;False;IPV776;3;23,8
2023-09-30 22:00:00;1;2023;3,2;False;IPV776;4;-38,5
2023-12-31 23:00:00;1;2024;3,4;False;IPV776;1;6,2
2024-03-31 22:00:00;1;2024;8,2;False;IPV776;2;141,2
2024-06-30 22:00:00;1;2024;10,0;False;IPV776;3;22,0
2024-09-30 22:00:00;1;2024;12,2;False;IPV776;4;22,0
2024-12-31 23:00:00;1;2025;5,1;False;IPV776;1;-58,2
2025-03-31 22:00:00;1;2025;9,3;False;IPV776;2;82,4
2025-06-30 22:00:00;1;2025;12,2;False;IPV776;3;31,2
2025-09-30 22:00:00;1;2025;12,8;False;IPV776;4;4,9
2006-12-31 23:00:00;1;2007;16,1;False;IPV777;1;0,0
2007-03-31 22:00:00;1;2007;15,9;False;IPV777;2;-1,2
2007-06-30 22:00:00;1;2007;15,6;False;IPV777;3;-1,9
2007-09-30 22:00:00;1;2007;14,5;False;IPV777;4;-7,1
2007-12-31 23:00:00;1;2008;8,7;False;IPV777;1;-40,0
2008-03-31 22:00:00;1;2008;3,5;False;IPV777;2;-59,8
2008-06-30 22:00:00;1;2008;1,0;False;IPV777;3;-71,4
2008-09-30 22:00:00;1;2008;-0,2;False;IPV777;4;-120,0
2008-12-31 23:00:00;1;2009;-0,2;False;IPV777;1;0,0
2009-03-31 22:00:00;1;2009;1,9;False;IPV777;2;-1050,0
2009-06-30 22:00:00;1;2009;3,8;False;IPV777;3;100,0
2009-09-30 22:00:00;1;2009;3,0;False;IPV777;4;-21,1
2009-12-31 23:00:00;1;2010;0,9;False;IPV777;1;-70,0
2010-03-31 22:00:00;1;2010;2,7;False;IPV777;2;200,0
2010-06-30 22:00:00;1;2010;-0,5;False;IPV777;3;-118,5
2010-09-30 22:00:00;1;2010;-1,1;False;IPV777;4;120,0
2010-12-31 23:00:00;1;2011;-5,4;False;IPV777;1;390,9
2011-03-31 22:00:00;1;2011;-7,9;False;IPV777;2;46,3
2011-06-30 22:00:00;1;2011;-9,8;False;IPV777;3;24,1
2011-09-30 22:00:00;1;2011;-14,2;False;IPV777;4;44,9
2011-12-31 23:00:00;1;2012;-12,3;False;IPV777;1;-13,4
2012-03-31 22:00:00;1;2012;-13,6;False;IPV777;2;10,6
2012-06-30 22:00:00;1;2012;-11,9;False;IPV777;3;-12,5
2012-09-30 22:00:00;1;2012;-9,3;False;IPV777;4;-21,8
2012-12-31 23:00:00;1;2013;-14,5;False;IPV777;1;55,9
2013-03-31 22:00:00;1;2013;-13,3;False;IPV777;2;-8,3
2013-06-30 22:00:00;1;2013;-12,3;False;IPV777;3;-7,5
2013-09-30 22:00:00;1;2013;-10,2;False;IPV777;4;-17,1
2013-12-31 23:00:00;1;2014;-1,7;False;IPV777;1;-83,3
2014-03-31 22:00:00;1;2014;0,8;False;IPV777;2;-147,1
2014-06-30 22:00:00;1;2014;1,4;False;IPV777;3;75,0
2014-09-30 22:00:00;1;2014;1,3;False;IPV777;4;-7,1
2014-12-31 23:00:00;1;2015;0,3;False;IPV777;1;-76,9
2015-03-31 22:00:00;1;2015;3,6;False;IPV777;2;1100,0
2015-06-30 22:00:00;1;2015;4,5;False;IPV777;3;25,0
2015-09-30 22:00:00;1;2015;5,7;False;IPV777;4;26,7
2015-12-31 23:00:00;1;2016;8,6;False;IPV777;1;50,9
2016-03-31 22:00:00;1;2016;5,9;False;IPV777;2;-31,4
2016-06-30 22:00:00;1;2016;3,9;False;IPV777;3;-33,9
2016-09-30 22:00:00;1;2016;3,2;False;IPV777;4;-17,9
2016-12-31 23:00:00;1;2017;4,8;False;IPV777;1;50,0
2017-03-31 22:00:00;1;2017;3,9;False;IPV777;2;-18,8
2017-06-30 22:00:00;1;2017;4,7;False;IPV777;3;20,5
2017-09-30 22:00:00;1;2017;7,7;False;IPV777;4;63,8
2017-12-31 23:00:00;1;2018;6,3;False;IPV777;1;-18,2
2018-03-31 22:00:00;1;2018;8,0;False;IPV777;2;27,0
2018-06-30 22:00:00;1;2018;9,3;False;IPV777;3;16,3
2018-09-30 22:00:00;1;2018;7,5;False;IPV777;4;-19,4
2018-12-31 23:00:00;1;2019;8,5;False;IPV777;1;13,3
2019-03-31 22:00:00;1;2019;4,0;False;IPV777;2;-52,9
2019-06-30 22:00:00;1;2019;5,4;False;IPV777;3;35,0
2019-09-30 22:00:00;1;2019;3,3;False;IPV777;4;-38,9
2019-12-31 23:00:00;1;2020;2,8;False;IPV777;1;-15,2
2020-03-31 22:00:00;1;2020;4,9;False;IPV777;2;75,0
2020-06-30 22:00:00;1;2020;4,9;False;IPV777;3;0,0
2020-09-30 22:00:00;1;2020;5,4;False;IPV777;4;10,2
2020-12-31 23:00:00;1;2021;4,8;False;IPV777;1;-11,1
2021-03-31 22:00:00;1;2021;6,7;False;IPV777;2;39,6
2021-06-30 22:00:00;1;2021;6,7;False;IPV777;3;0,0
2021-09-30 22:00:00;1;2021;7,1;False;IPV777;4;6,0
2021-12-31 23:00:00;1;2022;9,5;False;IPV777;1;33,8
2022-03-31 22:00:00;1;2022;8,7;False;IPV777;2;-8,4
2022-06-30 22:00:00;1;2022;7,3;False;IPV777;3;-16,1
2022-09-30 22:00:00;1;2022;8,0;False;IPV777;4;9,6
2022-12-31 23:00:00;1;2023;6,2;False;IPV777;1;-22,5
2023-03-31 22:00:00;1;2023;6,1;False;IPV777;2;-1,6
2023-06-30 22:00:00;1;2023;5,9;False;IPV777;3;-3,3
2023-09-30 22:00:00;1;2023;3,2;False;IPV777;4;-45,8
2023-12-31 23:00:00;1;2024;4,7;False;IPV777;1;46,9
2024-03-31 22:00:00;1;2024;7,2;False;IPV777;2;53,2
2024-06-30 22:00:00;1;2024;7,9;False;IPV777;3;9,7
2024-09-30 22:00:00;1;2024;12,2;False;IPV777;4;54,4
2024-12-31 23:00:00;1;2025;14,0;False;IPV777;1;14,8
2025-03-31 22:00:00;1;2025;13,4;False;IPV777;2;-4,3
2025-06-30 22:00:00;1;2025;14,5;False;IPV777;3;8,2
2025-09-30 22:00:00;1;2025;12,8;False;IPV777;4;-11,7
2006-12-31 23:00:00;1;2007;6,3;False;IPV778;1;0,0
2007-03-31 22:00:00;1;2007;3,1;False;IPV778;2;-50,8
2007-06-30 22:00:00;1;2007;2,7;False;IPV778;3;-12,9
2007-09-30 22:00:00;1;2007;1,7;False;IPV778;4;-37,0
2007-12-31 23:00:00;1;2008;0,9;False;IPV778;1;-47,1
2008-03-31 22:00:00;1;2008;-1,9;False;IPV778;2;-311,1
2008-06-30 22:00:00;1;2008;0,2;False;IPV778;3;-110,5
2008-09-30 22:00:00;1;2008;0,5;False;IPV778;4;150,0
2008-12-31 23:00:00;1;2009;0,9;False;IPV778;1;80,0
2009-03-31 22:00:00;1;2009;0,3;False;IPV778;2;-66,7
2009-06-30 22:00:00;1;2009;2,0;False;IPV778;3;566,7
2009-09-30 22:00:00;1;2009;-0,3;False;IPV778;4;-115,0
2009-12-31 23:00:00;1;2010;-1,1;False;IPV778;1;266,7
2010-03-31 22:00:00;1;2010;2,0;False;IPV778;2;-281,8
2010-06-30 22:00:00;1;2010;-1,2;False;IPV778;3;-160,0
2010-09-30 22:00:00;1;2010;-0,8;False;IPV778;4;-33,3
2010-12-31 23:00:00;1;2011;-5,4;False;IPV778;1;575,0
2011-03-31 22:00:00;1;2011;-0,6;False;IPV778;2;-88,9
2011-06-30 22:00:00;1;2011;-3,2;False;IPV778;3;433,3
2011-09-30 22:00:00;1;2011;-5,7;False;IPV778;4;78,1
2011-12-31 23:00:00;1;2012;-3,3;False;IPV778;1;-42,1
2012-03-31 22:00:00;1;2012;-2,1;False;IPV778;2;-36,4
2012-06-30 22:00:00;1;2012;-1,4;False;IPV778;3;-33,3
2012-09-30 22:00:00;1;2012;-2,9;False;IPV778;4;107,1
2012-12-31 23:00:00;1;2013;-8,8;False;IPV778;1;203,4
2013-03-31 22:00:00;1;2013;-0,7;False;IPV778;2;-92,0
2013-06-30 22:00:00;1;2013;-0,2;False;IPV778;3;-71,4
2013-09-30 22:00:00;1;2013;-0,6;False;IPV778;4;200,0
2013-12-31 23:00:00;1;2014;-0,1;False;IPV778;1;-83,3
2014-03-31 22:00:00;1;2014;1,8;False;IPV778;2;-1900,0
2014-06-30 22:00:00;1;2014;0,4;False;IPV778;3;-77,8
2014-09-30 22:00:00;1;2014;-0,8;False;IPV778;4;-300,0
2014-12-31 23:00:00;1;2015;-1,1;False;IPV778;1;37,5
2015-03-31 22:00:00;1;2015;5,1;False;IPV778;2;-563,6
2015-06-30 22:00:00;1;2015;1,3;False;IPV778;3;-74,5
2015-09-30 22:00:00;1;2015;0,4;False;IPV778;4;-69,2
2015-12-31 23:00:00;1;2016;1,5;False;IPV778;1;275,0
2016-03-31 22:00:00;1;2016;2,5;False;IPV778;2;66,7
2016-06-30 22:00:00;1;2016;-0,6;False;IPV778;3;-124,0
2016-09-30 22:00:00;1;2016;-0,2;False;IPV778;4;-66,7
2016-12-31 23:00:00;1;2017;3,0;False;IPV778;1;-1600,0
2017-03-31 22:00:00;1;2017;1,6;False;IPV778;2;-46,7
2017-06-30 22:00:00;1;2017;0,2;False;IPV778;3;-87,5
2017-09-30 22:00:00;1;2017;2,7;False;IPV778;4;1250,0
2017-12-31 23:00:00;1;2018;1,7;False;IPV778;1;-37,0
2018-03-31 22:00:00;1;2018;3,3;False;IPV778;2;94,1
2018-06-30 22:00:00;1;2018;1,4;False;IPV778;3;-57,6
2018-09-30 22:00:00;1;2018;1,0;False;IPV778;4;-28,6
2018-12-31 23:00:00;1;2019;2,5;False;IPV778;1;150,0
2019-03-31 22:00:00;1;2019;-0,9;False;IPV778;2;-136,0
2019-06-30 22:00:00;1;2019;2,7;False;IPV778;3;-400,0
2019-09-30 22:00:00;1;2019;-1,0;False;IPV778;4;-137,0
2019-12-31 23:00:00;1;2020;2,0;False;IPV778;1;-300,0
2020-03-31 22:00:00;1;2020;1,2;False;IPV778;2;-40,0
2020-06-30 22:00:00;1;2020;2,6;False;IPV778;3;116,7
2020-09-30 22:00:00;1;2020;-0,4;False;IPV778;4;-115,4
2020-12-31 23:00:00;1;2021;1,4;False;IPV778;1;-450,0
2021-03-31 22:00:00;1;2021;3,0;False;IPV778;2;114,3
2021-06-30 22:00:00;1;2021;2,6;False;IPV778;3;-13,3
2021-09-30 22:00:00;1;2021;0,0;False;IPV778;4;-100,0
2021-12-31 23:00:00;1;2022;3,6;False;IPV778;1;inf
2022-03-31 22:00:00;1;2022;2,3;False;IPV778;2;-36,1
2022-06-30 22:00:00;1;2022;1,2;False;IPV778;3;-47,8
2022-09-30 22:00:00;1;2022;0,7;False;IPV778;4;-41,7
2022-12-31 23:00:00;1;2023;1,9;False;IPV778;1;171,4
2023-03-31 22:00:00;1;2023;2,2;False;IPV778;2;15,8
2023-06-30 22:00:00;1;2023;1,0;False;IPV778;3;-54,5
2023-09-30 22:00:00;1;2023;-1,9;False;IPV778;4;-290,0
2023-12-31 23:00:00;1;2024;3,4;False;IPV778;1;-278,9
2024-03-31 22:00:00;1;2024;4,6;False;IPV778;2;35,3
2024-06-30 22:00:00;1;2024;1,7;False;IPV778;3;-63,0
2024-09-30 22:00:00;1;2024;2,0;False;IPV778;4;17,6
2024-12-31 23:00:00;1;2025;5,1;False;IPV778;1;155,0
2025-03-31 22:00:00;1;2025;4,0;False;IPV778;2;-21,6
2025-06-30 22:00:00;1;2025;2,6;False;IPV778;3;-35,0
2025-09-30 22:00:00;1;2025;0,5;False;IPV778;4;-80,8
2006-12-31 23:00:00;1;2007;5,5;False;IPV785;1;0,0
2007-03-31 22:00:00;1;2007;7,4;False;IPV785;2;34,5
2007-06-30 22:00:00;1;2007;8,9;False;IPV785;3;20,3
2007-09-30 22:00:00;1;2007;11,7;False;IPV785;4;31,5
2007-12-31 23:00:00;1;2008;1,4;False;IPV785;1;-88,0
2008-03-31 22:00:00;1;2008;-0,1;False;IPV785;2;-107,1
2008-06-30 22:00:00;1;2008;-3,2;False;IPV785;3;3100,0
2008-09-30 22:00:00;1;2008;-5,7;False;IPV785;4;78,1
2008-12-31 23:00:00;1;2009;1,3;False;IPV785;1;-122,8
2009-03-31 22:00:00;1;2009;0,9;False;IPV785;2;-30,8
2009-06-30 22:00:00;1;2009;-2,4;False;IPV785;3;-366,7
2009-09-30 22:00:00;1;2009;-1,7;False;IPV785;4;-29,2
2009-12-31 23:00:00;1;2010;-1,2;False;IPV785;1;-29,4
2010-03-31 22:00:00;1;2010;-1,6;False;IPV785;2;33,3
2010-06-30 22:00:00;1;2010;-4,9;False;IPV785;3;206,2
2010-09-30 22:00:00;1;2010;-2,6;False;IPV785;4;-46,9
2010-12-31 23:00:00;1;2011;-5,3;False;IPV785;1;103,8
2011-03-31 22:00:00;1;2011;-6,5;False;IPV785;2;22,6
2011-06-30 22:00:00;1;2011;-9,7;False;IPV785;3;49,2
2011-09-30 22:00:00;1;2011;-12,9;False;IPV785;4;33,0
2011-12-31 23:00:00;1;2012;-6,5;False;IPV785;1;-49,6
2012-03-31 22:00:00;1;2012;-5,9;False;IPV785;2;-9,2
2012-06-30 22:00:00;1;2012;-10,5;False;IPV785;3;78,0
2012-09-30 22:00:00;1;2012;-9,1;False;IPV785;4;-13,3
2012-12-31 23:00:00;1;2013;-5,6;False;IPV785;1;-38,5
2013-03-31 22:00:00;1;2013;-4,3;False;IPV785;2;-23,2
2013-06-30 22:00:00;1;2013;-5,4;False;IPV785;3;25,6
2013-09-30 22:00:00;1;2013;-5,9;False;IPV785;4;9,3
2013-12-31 23:00:00;1;2014;-0,5;False;IPV785;1;-91,5
2014-03-31 22:00:00;1;2014;1,3;False;IPV785;2;-360,0
2014-06-30 22:00:00;1;2014;2,0;False;IPV785;3;53,8
2014-09-30 22:00:00;1;2014;1,0;False;IPV785;4;-50,0
2014-12-31 23:00:00;1;2015;0,6;False;IPV785;1;-40,0
2015-03-31 22:00:00;1;2015;6,4;False;IPV785;2;966,7
2015-06-30 22:00:00;1;2015;7,0;False;IPV785;3;9,4
2015-09-30 22:00:00;1;2015;6,3;False;IPV785;4;-10,0
2015-12-31 23:00:00;1;2016;1,7;False;IPV785;1;-73,0
2016-03-31 22:00:00;1;2016;4,2;False;IPV785;2;147,1
2016-06-30 22:00:00;1;2016;4,5;False;IPV785;3;7,1
2016-09-30 22:00:00;1;2016;5,1;False;IPV785;4;13,3
2016-12-31 23:00:00;1;2017;3,2;False;IPV785;1;-37,3
2017-03-31 22:00:00;1;2017;4,8;False;IPV785;2;50,0
2017-06-30 22:00:00;1;2017;6,2;False;IPV785;3;29,2
2017-09-30 22:00:00;1;2017;8,0;False;IPV785;4;29,0
2017-12-31 23:00:00;1;2018;2,6;False;IPV785;1;-67,5
2018-03-31 22:00:00;1;2018;5,4;False;IPV785;2;107,7
2018-06-30 22:00:00;1;2018;7,1;False;IPV785;3;31,5
2018-09-30 22:00:00;1;2018;9,1;False;IPV785;4;28,2
2018-12-31 23:00:00;1;2019;2,6;False;IPV785;1;-71,4
2019-03-31 22:00:00;1;2019;4,2;False;IPV785;2;61,5
2019-06-30 22:00:00;1;2019;6,6;False;IPV785;3;57,1
2019-09-30 22:00:00;1;2019;5,2;False;IPV785;4;-21,2
2019-12-31 23:00:00;1;2020;2,2;False;IPV785;1;-57,7
2020-03-31 22:00:00;1;2020;2,5;False;IPV785;2;13,6
2020-06-30 22:00:00;1;2020;5,8;False;IPV785;3;132,0
2020-09-30 22:00:00;1;2020;4,9;False;IPV785;4;-15,5
2020-12-31 23:00:00;1;2021;0,0;False;IPV785;1;-100,0
2021-03-31 22:00:00;1;2021;0,5;False;IPV785;2;inf
2021-06-30 22:00:00;1;2021;4,3;False;IPV785;3;760,0
2021-09-30 22:00:00;1;2021;6,0;False;IPV785;4;39,5
2021-12-31 23:00:00;1;2022;2,8;False;IPV785;1;-53,3
2022-03-31 22:00:00;1;2022;3,8;False;IPV785;2;35,7
2022-06-30 22:00:00;1;2022;6,1;False;IPV785;3;60,5
2022-09-30 22:00:00;1;2022;8,0;False;IPV785;4;31,1
2022-12-31 23:00:00;1;2023;0,4;False;IPV785;1;-95,0
2023-03-31 22:00:00;1;2023;2,1;False;IPV785;2;425,0
2023-06-30 22:00:00;1;2023;3,9;False;IPV785;3;85,7
2023-09-30 22:00:00;1;2023;4,6;False;IPV785;4;17,9
2023-12-31 23:00:00;1;2024;2,7;False;IPV785;1;-41,3
2024-03-31 22:00:00;1;2024;6,8;False;IPV785;2;151,9
2024-06-30 22:00:00;1;2024;7,8;False;IPV785;3;14,7
2024-09-30 22:00:00;1;2024;11,4;False;IPV785;4;46,2
2024-12-31 23:00:00;1;2025;4,2;False;IPV785;1;-63,2
2025-03-31 22:00:00;1;2025;8,0;False;IPV785;2;90,5
2025-06-30 22:00:00;1;2025;10,9;False;IPV785;3;36,3
2025-09-30 22:00:00;1;2025;13,3;False;IPV785;4;22,0
2006-12-31 23:00:00;1;2007;15,7;False;IPV786;1;0,0
2007-03-31 22:00:00;1;2007;16,2;False;IPV786;2;3,2
2007-06-30 22:00:00;1;2007;14,7;False;IPV786;3;-9,3
2007-09-30 22:00:00;1;2007;11,7;False;IPV786;4;-20,4
2007-12-31 23:00:00;1;2008;7,3;False;IPV786;1;-37,6
2008-03-31 22:00:00;1;2008;3,8;False;IPV786;2;-47,9
2008-06-30 22:00:00;1;2008;-0,8;False;IPV786;3;-121,1
2008-09-30 22:00:00;1;2008;-5,7;False;IPV786;4;612,5
2008-12-31 23:00:00;1;2009;-5,7;False;IPV786;1;0,0
2009-03-31 22:00:00;1;2009;-4,7;False;IPV786;2;-17,5
2009-06-30 22:00:00;1;2009;-4,9;False;IPV786;3;4,3
2009-09-30 22:00:00;1;2009;-1,7;False;IPV786;4;-65,3
2009-12-31 23:00:00;1;2010;-4,2;False;IPV786;1;147,1
2010-03-31 22:00:00;1;2010;-4,1;False;IPV786;2;-2,4
2010-06-30 22:00:00;1;2010;-4,2;False;IPV786;3;2,4
2010-09-30 22:00:00;1;2010;-2,6;False;IPV786;4;-38,1
2010-12-31 23:00:00;1;2011;-6,6;False;IPV786;1;153,8
2011-03-31 22:00:00;1;2011;-7,6;False;IPV786;2;15,2
2011-06-30 22:00:00;1;2011;-7,6;False;IPV786;3;0,0
2011-09-30 22:00:00;1;2011;-12,9;False;IPV786;4;69,7
2011-12-31 23:00:00;1;2012;-14,0;False;IPV786;1;8,5
2012-03-31 22:00:00;1;2012;-12,3;False;IPV786;2;-12,1
2012-06-30 22:00:00;1;2012;-13,7;False;IPV786;3;11,4
2012-09-30 22:00:00;1;2012;-9,1;False;IPV786;4;-33,6
2012-12-31 23:00:00;1;2013;-8,2;False;IPV786;1;-9,9
2013-03-31 22:00:00;1;2013;-7,6;False;IPV786;2;-7,3
2013-06-30 22:00:00;1;2013;-3,8;False;IPV786;3;-50,0
2013-09-30 22:00:00;1;2013;-5,9;False;IPV786;4;55,3
2013-12-31 23:00:00;1;2014;-0,8;False;IPV786;1;-86,4
2014-03-31 22:00:00;1;2014;-0,3;False;IPV786;2;-62,5
2014-06-30 22:00:00;1;2014;1,4;False;IPV786;3;-566,7
2014-09-30 22:00:00;1;2014;1,0;False;IPV786;4;-28,6
2014-12-31 23:00:00;1;2015;2,1;False;IPV786;1;110,0
2015-03-31 22:00:00;1;2015;6,1;False;IPV786;2;190,5
2015-06-30 22:00:00;1;2015;5,9;False;IPV786;3;-3,3
2015-09-30 22:00:00;1;2015;6,3;False;IPV786;4;6,8
2015-12-31 23:00:00;1;2016;7,5;False;IPV786;1;19,0
2016-03-31 22:00:00;1;2016;4,2;False;IPV786;2;-44,0
2016-06-30 22:00:00;1;2016;3,9;False;IPV786;3;-7,1
2016-09-30 22:00:00;1;2016;5,1;False;IPV786;4;30,8
2016-12-31 23:00:00;1;2017;6,6;False;IPV786;1;29,4
2017-03-31 22:00:00;1;2017;5,6;False;IPV786;2;-15,2
2017-06-30 22:00:00;1;2017;6,7;False;IPV786;3;19,6
2017-09-30 22:00:00;1;2017;8,0;False;IPV786;4;19,4
2017-12-31 23:00:00;1;2018;7,3;False;IPV786;1;-8,8
2018-03-31 22:00:00;1;2018;8,6;False;IPV786;2;17,8
2018-06-30 22:00:00;1;2018;8,9;False;IPV786;3;3,5
2018-09-30 22:00:00;1;2018;9,1;False;IPV786;4;2,2
2018-12-31 23:00:00;1;2019;9,1;False;IPV786;1;0,0
2019-03-31 22:00:00;1;2019;7,9;False;IPV786;2;-13,2
2019-06-30 22:00:00;1;2019;8,7;False;IPV786;3;10,1
2019-09-30 22:00:00;1;2019;5,2;False;IPV786;4;-40,2
2019-12-31 23:00:00;1;2020;4,9;False;IPV786;1;-5,8
2020-03-31 22:00:00;1;2020;3,5;False;IPV786;2;-28,6
2020-06-30 22:00:00;1;2020;4,4;False;IPV786;3;25,7
2020-09-30 22:00:00;1;2020;4,9;False;IPV786;4;11,4
2020-12-31 23:00:00;1;2021;2,5;False;IPV786;1;-49,0
2021-03-31 22:00:00;1;2021;2,8;False;IPV786;2;12,0
2021-06-30 22:00:00;1;2021;3,4;False;IPV786;3;21,4
2021-09-30 22:00:00;1;2021;6,0;False;IPV786;4;76,5
2021-12-31 23:00:00;1;2022;9,0;False;IPV786;1;50,0
2022-03-31 22:00:00;1;2022;9,5;False;IPV786;2;5,6
2022-06-30 22:00:00;1;2022;7,9;False;IPV786;3;-16,8
2022-09-30 22:00:00;1;2022;8,0;False;IPV786;4;1,3
2022-12-31 23:00:00;1;2023;5,5;False;IPV786;1;-31,2
2023-03-31 22:00:00;1;2023;6,2;False;IPV786;2;12,7
2023-06-30 22:00:00;1;2023;5,8;False;IPV786;3;-6,5
2023-09-30 22:00:00;1;2023;4,6;False;IPV786;4;-20,7
2023-12-31 23:00:00;1;2024;6,9;False;IPV786;1;50,0
2024-03-31 22:00:00;1;2024;9,5;False;IPV786;2;37,7
2024-06-30 22:00:00;1;2024;8,5;False;IPV786;3;-10,5
2024-09-30 22:00:00;1;2024;11,4;False;IPV786;4;34,1
2024-12-31 23:00:00;1;2025;13,1;False;IPV786;1;14,9
2025-03-31 22:00:00;1;2025;12,7;False;IPV786;2;-3,1
2025-06-30 22:00:00;1;2025;14,5;False;IPV786;3;14,2
2025-09-30 22:00:00;1;2025;13,3;False;IPV786;4;-8,3
2006-12-31 23:00:00;1;2007;5,5;False;IPV787;1;0,0
2007-03-31 22:00:00;1;2007;1,8;False;IPV787;2;-67,3
2007-06-30 22:00:00;1;2007;1,4;False;IPV787;3;-22,2
2007-09-30 22:00:00;1;2007;2,5;False;IPV787;4;78,6
2007-12-31 23:00:00;1;2008;1,4;False;IPV787;1;-44,0
2008-03-31 22:00:00;1;2008;-1,5;False;IPV787;2;-207,1
2008-06-30 22:00:00;1;2008;-3,1;False;IPV787;3;106,7
2008-09-30 22:00:00;1;2008;-2,5;False;IPV787;4;-19,4
2008-12-31 23:00:00;1;2009;1,3;False;IPV787;1;-152,0
2009-03-31 22:00:00;1;2009;-0,4;False;IPV787;2;-130,8
2009-06-30 22:00:00;1;2009;-3,3;False;IPV787;3;725,0
2009-09-30 22:00:00;1;2009;0,7;False;IPV787;4;-121,2
2009-12-31 23:00:00;1;2010;-1,2;False;IPV787;1;-271,4
2010-03-31 22:00:00;1;2010;-0,3;False;IPV787;2;-75,0
2010-06-30 22:00:00;1;2010;-3,3;False;IPV787;3;1000,0
2010-09-30 22:00:00;1;2010;2,3;False;IPV787;4;-169,7
2010-12-31 23:00:00;1;2011;-5,3;False;IPV787;1;-330,4
2011-03-31 22:00:00;1;2011;-1,3;False;IPV787;2;-75,5
2011-06-30 22:00:00;1;2011;-3,4;False;IPV787;3;161,5
2011-09-30 22:00:00;1;2011;-3,5;False;IPV787;4;2,9
2011-12-31 23:00:00;1;2012;-6,5;False;IPV787;1;85,7
2012-03-31 22:00:00;1;2012;0,6;False;IPV787;2;-109,2
2012-06-30 22:00:00;1;2012;-4,9;False;IPV787;3;-916,7
2012-09-30 22:00:00;1;2012;1,6;False;IPV787;4;-132,7
2012-12-31 23:00:00;1;2013;-5,6;False;IPV787;1;-450,0
2013-03-31 22:00:00;1;2013;1,3;False;IPV787;2;-123,2
2013-06-30 22:00:00;1;2013;-1,1;False;IPV787;3;-184,6
2013-09-30 22:00:00;1;2013;-0,6;False;IPV787;4;-45,5
2013-12-31 23:00:00;1;2014;-0,5;False;IPV787;1;-16,7
2014-03-31 22:00:00;1;2014;1,8;False;IPV787;2;-460,0
2014-06-30 22:00:00;1;2014;0,7;False;IPV787;3;-61,1
2014-09-30 22:00:00;1;2014;-1,0;False;IPV787;4;-242,9
2014-12-31 23:00:00;1;2015;0,6;False;IPV787;1;-160,0
2015-03-31 22:00:00;1;2015;5,8;False;IPV787;2;866,7
2015-06-30 22:00:00;1;2015;0,5;False;IPV787;3;-91,4
2015-09-30 22:00:00;1;2015;-0,6;False;IPV787;4;-220,0
2015-12-31 23:00:00;1;2016;1,7;False;IPV787;1;-383,3
2016-03-31 22:00:00;1;2016;2,5;False;IPV787;2;47,1
2016-06-30 22:00:00;1;2016;0,3;False;IPV787;3;-88,0
2016-09-30 22:00:00;1;2016;0,5;False;IPV787;4;66,7
2016-12-31 23:00:00;1;2017;3,2;False;IPV787;1;540,0
2017-03-31 22:00:00;1;2017;1,5;False;IPV787;2;-53,1
2017-06-30 22:00:00;1;2017;1,3;False;IPV787;3;-13,3
2017-09-30 22:00:00;1;2017;1,7;False;IPV787;4;30,8
2017-12-31 23:00:00;1;2018;2,6;False;IPV787;1;52,9
2018-03-31 22:00:00;1;2018;2,7;False;IPV787;2;3,8
2018-06-30 22:00:00;1;2018;1,6;False;IPV787;3;-40,7
2018-09-30 22:00:00;1;2018;1,9;False;IPV787;4;18,7
2018-12-31 23:00:00;1;2019;2,6;False;IPV787;1;36,8
2019-03-31 22:00:00;1;2019;1,6;False;IPV787;2;-38,5
2019-06-30 22:00:00;1;2019;2,3;False;IPV787;3;43,7
2019-09-30 22:00:00;1;2019;-1,3;False;IPV787;4;-156,5
2019-12-31 23:00:00;1;2020;2,2;False;IPV787;1;-269,2
2020-03-31 22:00:00;1;2020;0,3;False;IPV787;2;-86,4
2020-06-30 22:00:00;1;2020;3,2;False;IPV787;3;966,7
2020-09-30 22:00:00;1;2020;-0,9;False;IPV787;4;-128,1
2020-12-31 23:00:00;1;2021;0,0;False;IPV787;1;-100,0
2021-03-31 22:00:00;1;2021;0,6;False;IPV787;2;inf
2021-06-30 22:00:00;1;2021;3,7;False;IPV787;3;516,7
2021-09-30 22:00:00;1;2021;1,7;False;IPV787;4;-54,1
2021-12-31 23:00:00;1;2022;2,8;False;IPV787;1;64,7
2022-03-31 22:00:00;1;2022;1,0;False;IPV787;2;-64,3
2022-06-30 22:00:00;1;2022;2,2;False;IPV787;3;120,0
2022-09-30 22:00:00;1;2022;1,8;False;IPV787;4;-18,2
2022-12-31 23:00:00;1;2023;0,4;False;IPV787;1;-77,8
2023-03-31 22:00:00;1;2023;1,6;False;IPV787;2;300,0
2023-06-30 22:00:00;1;2023;1,8;False;IPV787;3;12,5
2023-09-30 22:00:00;1;2023;0,6;False;IPV787;4;-66,7
2023-12-31 23:00:00;1;2024;2,7;False;IPV787;1;350,0
2024-03-31 22:00:00;1;2024;4,0;False;IPV787;2;48,1
2024-06-30 22:00:00;1;2024;0,9;False;IPV787;3;-77,5
2024-09-30 22:00:00;1;2024;3,3;False;IPV787;4;266,7
2024-12-31 23:00:00;1;2025;4,2;False;IPV787;1;27,3
2025-03-31 22:00:00;1;2025;3,7;False;IPV787;2;-11,9
2025-06-30 22:00:00;1;2025;2,6;False;IPV787;3;-29,7
2025-09-30 22:00:00;1;2025;2,2;False;IPV787;4;-15,4
2006-12-31 23:00:00;1;2007;-0,5;False;IPV788;1;0,0
2007-03-31 22:00:00;1;2007;3,2;False;IPV788;2;-740,0
2007-06-30 22:00:00;1;2007;3,7;False;IPV788;3;15,6
2007-09-30 22:00:00;1;2007;3,3;False;IPV788;4;-10,8
2007-12-31 23:00:00;1;2008;-0,1;False;IPV788;1;-103,0
2008-03-31 22:00:00;1;2008;-4,1;False;IPV788;2;4000,0
2008-06-30 22:00:00;1;2008;-7,8;False;IPV788;3;90,2
2008-09-30 22:00:00;1;2008;-9,4;False;IPV788;4;20,5
2008-12-31 23:00:00;1;2009;-3,8;False;IPV788;1;-59,6
2009-03-31 22:00:00;1;2009;-3,3;False;IPV788;2;-13,2
2009-06-30 22:00:00;1;2009;-2,4;False;IPV788;3;-27,3
2009-09-30 22:00:00;1;2009;-0,9;False;IPV788;4;-62,5
2009-12-31 23:00:00;1;2010;-1,3;False;IPV788;1;44,4
2010-03-31 22:00:00;1;2010;0,4;False;IPV788;2;-130,8
2010-06-30 22:00:00;1;2010;-3,4;False;IPV788;3;-950,0
2010-09-30 22:00:00;1;2010;-2,7;False;IPV788;4;-20,6
2010-12-31 23:00:00;1;2011;-7,7;False;IPV788;1;185,2
2011-03-31 22:00:00;1;2011;-8,7;False;IPV788;2;13,0
2011-06-30 22:00:00;1;2011;-12,8;False;IPV788;3;47,1
2011-09-30 22:00:00;1;2011;-16,6;False;IPV788;4;29,7
2011-12-31 23:00:00;1;2012;-4,8;False;IPV788;1;-71,1
2012-03-31 22:00:00;1;2012;-9,7;False;IPV788;2;102,1
2012-06-30 22:00:00;1;2012;-13,5;False;IPV788;3;39,2
2012-09-30 22:00:00;1;2012;-15,1;False;IPV788;4;11,9
2012-12-31 23:00:00;1;2013;-8,6;False;IPV788;1;-43,0
2013-03-31 22:00:00;1;2013;-9,7;False;IPV788;2;12,8
2013-06-30 22:00:00;1;2013;-8,8;False;IPV788;3;-9,3
2013-09-30 22:00:00;1;2013;-10,1;False;IPV788;4;14,8
2013-12-31 23:00:00;1;2014;-1,0;False;IPV788;1;-90,1
2014-03-31 22:00:00;1;2014;0,3;False;IPV788;2;-130,0
2014-06-30 22:00:00;1;2014;0,1;False;IPV788;3;-66,7
2014-09-30 22:00:00;1;2014;0,3;False;IPV788;4;200,0
2014-12-31 23:00:00;1;2015;-2,8;False;IPV788;1;-1033,3
2015-03-31 22:00:00;1;2015;1,3;False;IPV788;2;-146,4
2015-06-30 22:00:00;1;2015;0,3;False;IPV788;3;-76,9
2015-09-30 22:00:00;1;2015;1,2;False;IPV788;4;300,0
2015-12-31 23:00:00;1;2016;-0,4;False;IPV788;1;-133,3
2016-03-31 22:00:00;1;2016;0,2;False;IPV788;2;-150,0
2016-06-30 22:00:00;1;2016;0,3;False;IPV788;3;50,0
2016-09-30 22:00:00;1;2016;-0,4;False;IPV788;4;-233,3
2016-12-31 23:00:00;1;2017;1,6;False;IPV788;1;-500,0
2017-03-31 22:00:00;1;2017;2,3;False;IPV788;2;43,7
2017-06-30 22:00:00;1;2017;2,0;False;IPV788;3;-13,0
2017-09-30 22:00:00;1;2017;3,6;False;IPV788;4;80,0
2017-12-31 23:00:00;1;2018;0,9;False;IPV788;1;-75,0
2018-03-31 22:00:00;1;2018;2,8;False;IPV788;2;211,1
2018-06-30 22:00:00;1;2018;4,8;False;IPV788;3;71,4
2018-09-30 22:00:00;1;2018;5,3;False;IPV788;4;10,4
2018-12-31 23:00:00;1;2019;1,6;False;IPV788;1;-69,8
2019-03-31 22:00:00;1;2019;3,4;False;IPV788;2;112,5
2019-06-30 22:00:00;1;2019;3,8;False;IPV788;3;11,8
2019-09-30 22:00:00;1;2019;4,2;False;IPV788;4;10,5
2019-12-31 23:00:00;1;2020;0,5;False;IPV788;1;-88,1
2020-03-31 22:00:00;1;2020;1,1;False;IPV788;2;120,0
2020-06-30 22:00:00;1;2020;0,0;False;IPV788;3;-100,0
2020-09-30 22:00:00;1;2020;0,5;False;IPV788;4;inf
2020-12-31 23:00:00;1;2021;1,0;False;IPV788;1;100,0
2021-03-31 22:00:00;1;2021;2,7;False;IPV788;2;170,0
2021-06-30 22:00:00;1;2021;4,7;False;IPV788;3;74,1
2021-09-30 22:00:00;1;2021;5,2;False;IPV788;4;10,6
2021-12-31 23:00:00;1;2022;3,0;False;IPV788;1;-42,3
2022-03-31 22:00:00;1;2022;5,3;False;IPV788;2;76,7
2022-06-30 22:00:00;1;2022;7,8;False;IPV788;3;47,2
2022-09-30 22:00:00;1;2022;5,1;False;IPV788;4;-34,6
2022-12-31 23:00:00;1;2023;0,1;False;IPV788;1;-98,0
2023-03-31 22:00:00;1;2023;2,3;False;IPV788;2;2200,0
2023-06-30 22:00:00;1;2023;4,1;False;IPV788;3;78,3
2023-09-30 22:00:00;1;2023;3,8;False;IPV788;4;-7,3
2023-12-31 23:00:00;1;2024;2,5;False;IPV788;1;-34,2
2024-03-31 22:00:00;1;2024;7,0;False;IPV788;2;180,0
2024-06-30 22:00:00;1;2024;9,6;False;IPV788;3;37,1
2024-09-30 22:00:00;1;2024;11,9;False;IPV788;4;24,0
2024-12-31 23:00:00;1;2025;4,7;False;IPV788;1;-60,5
2025-03-31 22:00:00;1;2025;9,4;False;IPV788;2;100,0
2025-06-30 22:00:00;1;2025;12,5;False;IPV788;3;33,0
2025-09-30 22:00:00;1;2025;14,9;False;IPV788;4;19,2
2006-12-31 23:00:00;1;2007;9,9;False;IPV789;1;0,0
2007-03-31 22:00:00;1;2007;10,5;False;IPV789;2;6,1
2007-06-30 22:00:00;1;2007;7,2;False;IPV789;3;-31,4
2007-09-30 22:00:00;1;2007;3,3;False;IPV789;4;-54,2
2007-12-31 23:00:00;1;2008;3,7;False;IPV789;1;12,1
2008-03-31 22:00:00;1;2008;-4,0;False;IPV789;2;-208,1
2008-06-30 22:00:00;1;2008;-8,1;False;IPV789;3;102,5
2008-09-30 22:00:00;1;2008;-9,4;False;IPV789;4;16,0
2008-12-31 23:00:00;1;2009;-12,7;False;IPV789;1;35,1
2009-03-31 22:00:00;1;2009;-8,7;False;IPV789;2;-31,5
2009-06-30 22:00:00;1;2009;-4,1;False;IPV789;3;-52,9
2009-09-30 22:00:00;1;2009;-0,9;False;IPV789;4;-78,0
2009-12-31 23:00:00;1;2010;1,7;False;IPV789;1;-288,9
2010-03-31 22:00:00;1;2010;3,0;False;IPV789;2;76,5
2010-06-30 22:00:00;1;2010;-1,9;False;IPV789;3;-163,3
2010-09-30 22:00:00;1;2010;-2,7;False;IPV789;4;42,1
2010-12-31 23:00:00;1;2011;-9,0;False;IPV789;1;233,3
2011-03-31 22:00:00;1;2011;-11,6;False;IPV789;2;28,9
2011-06-30 22:00:00;1;2011;-12,2;False;IPV789;3;5,2
2011-09-30 22:00:00;1;2011;-16,6;False;IPV789;4;36,1
2011-12-31 23:00:00;1;2012;-14,0;False;IPV789;1;-15,7
2012-03-31 22:00:00;1;2012;-17,5;False;IPV789;2;25,0
2012-06-30 22:00:00;1;2012;-17,3;False;IPV789;3;-1,1
2012-09-30 22:00:00;1;2012;-15,1;False;IPV789;4;-12,7
2012-12-31 23:00:00;1;2013;-18,4;False;IPV789;1;21,9
2013-03-31 22:00:00;1;2013;-15,2;False;IPV789;2;-17,4
2013-06-30 22:00:00;1;2013;-10,5;False;IPV789;3;-30,9
2013-09-30 22:00:00;1;2013;-10,1;False;IPV789;4;-3,8
2013-12-31 23:00:00;1;2014;-2,7;False;IPV789;1;-73,3
2014-03-31 22:00:00;1;2014;-0,1;False;IPV789;2;-96,3
2014-06-30 22:00:00;1;2014;-1,3;False;IPV789;3;1200,0
2014-09-30 22:00:00;1;2014;0,3;False;IPV789;4;-123,1
2014-12-31 23:00:00;1;2015;-1,5;False;IPV789;1;-600,0
2015-03-31 22:00:00;1;2015;1,3;False;IPV789;2;-186,7
2015-06-30 22:00:00;1;2015;0,5;False;IPV789;3;-61,5
2015-09-30 22:00:00;1;2015;1,2;False;IPV789;4;140,0
2015-12-31 23:00:00;1;2016;3,7;False;IPV789;1;208,3
2016-03-31 22:00:00;1;2016;0,1;False;IPV789;2;-97,3
2016-06-30 22:00:00;1;2016;1,2;False;IPV789;3;1100,0
2016-09-30 22:00:00;1;2016;-0,4;False;IPV789;4;-133,3
2016-12-31 23:00:00;1;2017;1,6;False;IPV789;1;-500,0
2017-03-31 22:00:00;1;2017;1,8;False;IPV789;2;12,5
2017-06-30 22:00:00;1;2017;1,3;False;IPV789;3;-27,8
2017-09-30 22:00:00;1;2017;3,6;False;IPV789;4;176,9
2017-12-31 23:00:00;1;2018;2,9;False;IPV789;1;-19,4
2018-03-31 22:00:00;1;2018;4,1;False;IPV789;2;41,4
2018-06-30 22:00:00;1;2018;6,5;False;IPV789;3;58,5
2018-09-30 22:00:00;1;2018;5,3;False;IPV789;4;-18,5
2018-12-31 23:00:00;1;2019;6,1;False;IPV789;1;15,1
2019-03-31 22:00:00;1;2019;5,9;False;IPV789;2;-3,3
2019-06-30 22:00:00;1;2019;4,3;False;IPV789;3;-27,1
2019-09-30 22:00:00;1;2019;4,2;False;IPV789;4;-2,3
2019-12-31 23:00:00;1;2020;3,1;False;IPV789;1;-26,2
2020-03-31 22:00:00;1;2020;1,9;False;IPV789;2;-38,7
2020-06-30 22:00:00;1;2020;0,5;False;IPV789;3;-73,7
2020-09-30 22:00:00;1;2020;0,5;False;IPV789;4;0,0
2020-12-31 23:00:00;1;2021;1,0;False;IPV789;1;100,0
2021-03-31 22:00:00;1;2021;2,0;False;IPV789;2;100,0
2021-06-30 22:00:00;1;2021;5,1;False;IPV789;3;155,0
2021-09-30 22:00:00;1;2021;5,2;False;IPV789;4;2,0
2021-12-31 23:00:00;1;2022;7,3;False;IPV789;1;40,4
2022-03-31 22:00:00;1;2022;7,9;False;IPV789;2;8,2
2022-06-30 22:00:00;1;2022;8,4;False;IPV789;3;6,3
2022-09-30 22:00:00;1;2022;5,1;False;IPV789;4;-39,3
2022-12-31 23:00:00;1;2023;2,2;False;IPV789;1;-56,9
2023-03-31 22:00:00;1;2023;2,2;False;IPV789;2;0,0
2023-06-30 22:00:00;1;2023;1,5;False;IPV789;3;-31,8
2023-09-30 22:00:00;1;2023;3,8;False;IPV789;4;153,3
2023-12-31 23:00:00;1;2024;6,2;False;IPV789;1;63,2
2024-03-31 22:00:00;1;2024;8,5;False;IPV789;2;37,1
2024-06-30 22:00:00;1;2024;9,3;False;IPV789;3;9,4
2024-09-30 22:00:00;1;2024;11,9;False;IPV789;4;28,0
2024-12-31 23:00:00;1;2025;14,3;False;IPV789;1;20,2
2025-03-31 22:00:00;1;2025;14,3;False;IPV789;2;0,0
2025-06-30 22:00:00;1;2025;14,9;False;IPV789;3;4,2
2025-09-30 22:00:00;1;2025;14,9;False;IPV789;4;0,0
2006-12-31 23:00:00;1;2007;-0,5;False;IPV790;1;0,0
2007-03-31 22:00:00;1;2007;3,7;False;IPV790;2;-840,0
2007-06-30 22:00:00;1;2007;0,5;False;IPV790;3;-86,5
2007-09-30 22:00:00;1;2007;-0,4;False;IPV790;4;-180,0
2007-12-31 23:00:00;1;2008;-0,1;False;IPV790;1;-75,0
2008-03-31 22:00:00;1;2008;-4,0;False;IPV790;2;3900,0
2008-06-30 22:00:00;1;2008;-3,8;False;IPV790;3;-5,0
2008-09-30 22:00:00;1;2008;-1,7;False;IPV790;4;-55,3
2008-12-31 23:00:00;1;2009;-3,8;False;IPV790;1;123,5
2009-03-31 22:00:00;1;2009;0,4;False;IPV790;2;-110,5
2009-06-30 22:00:00;1;2009;1,0;False;IPV790;3;150,0
2009-09-30 22:00:00;1;2009;1,6;False;IPV790;4;60,0
2009-12-31 23:00:00;1;2010;-1,3;False;IPV790;1;-181,2
2010-03-31 22:00:00;1;2010;1,7;False;IPV790;2;-230,8
2010-06-30 22:00:00;1;2010;-3,8;False;IPV790;3;-323,5
2010-09-30 22:00:00;1;2010;0,6;False;IPV790;4;-115,8
2010-12-31 23:00:00;1;2011;-7,7;False;IPV790;1;-1383,3
2011-03-31 22:00:00;1;2011;-1,1;False;IPV790;2;-85,7
2011-06-30 22:00:00;1;2011;-4,4;False;IPV790;3;300,0
2011-09-30 22:00:00;1;2011;-4,4;False;IPV790;4;0,0
2011-12-31 23:00:00;1;2012;-4,8;False;IPV790;1;9,1
2012-03-31 22:00:00;1;2012;-5,1;False;IPV790;2;6,2
2012-06-30 22:00:00;1;2012;-4,2;False;IPV790;3;-17,6
2012-09-30 22:00:00;1;2012;-1,9;False;IPV790;4;-54,8
2012-12-31 23:00:00;1;2013;-8,6;False;IPV790;1;352,6
2013-03-31 22:00:00;1;2013;-1,3;False;IPV790;2;-84,9
2013-06-30 22:00:00;1;2013;1,0;False;IPV790;3;-176,9
2013-09-30 22:00:00;1;2013;-1,4;False;IPV790;4;-240,0
2013-12-31 23:00:00;1;2014;-1,0;False;IPV790;1;-28,6
2014-03-31 22:00:00;1;2014;1,4;False;IPV790;2;-240,0
2014-06-30 22:00:00;1;2014;-0,2;False;IPV790;3;-114,3
2014-09-30 22:00:00;1;2014;0,2;False;IPV790;4;-200,0
2014-12-31 23:00:00;1;2015;-2,8;False;IPV790;1;-1500,0
2015-03-31 22:00:00;1;2015;4,2;False;IPV790;2;-250,0
2015-06-30 22:00:00;1;2015;-1,0;False;IPV790;3;-123,8
2015-09-30 22:00:00;1;2015;0,9;False;IPV790;4;-190,0
2015-12-31 23:00:00;1;2016;-0,4;False;IPV790;1;-144,4
2016-03-31 22:00:00;1;2016;0,5;False;IPV790;2;-225,0
2016-06-30 22:00:00;1;2016;0,1;False;IPV790;3;-80,0
2016-09-30 22:00:00;1;2016;-0,6;False;IPV790;4;-700,0
2016-12-31 23:00:00;1;2017;1,6;False;IPV790;1;-366,7
2017-03-31 22:00:00;1;2017;0,8;False;IPV790;2;-50,0
2017-06-30 22:00:00;1;2017;-0,3;False;IPV790;3;-137,5
2017-09-30 22:00:00;1;2017;1,6;False;IPV790;4;-633,3
2017-12-31 23:00:00;1;2018;0,9;False;IPV790;1;-43,8
2018-03-31 22:00:00;1;2018;1,9;False;IPV790;2;111,1
2018-06-30 22:00:00;1;2018;2,0;False;IPV790;3;5,3
2018-09-30 22:00:00;1;2018;0,5;False;IPV790;4;-75,0
2018-12-31 23:00:00;1;2019;1,6;False;IPV790;1;220,0
2019-03-31 22:00:00;1;2019;1,7;False;IPV790;2;6,2
2019-06-30 22:00:00;1;2019;0,4;False;IPV790;3;-76,5
2019-09-30 22:00:00;1;2019;0,4;False;IPV790;4;0,0
2019-12-31 23:00:00;1;2020;0,5;False;IPV790;1;25,0
2020-03-31 22:00:00;1;2020;0,6;False;IPV790;2;20,0
2020-06-30 22:00:00;1;2020;-1,1;False;IPV790;3;-283,3
2020-09-30 22:00:00;1;2020;0,4;False;IPV790;4;-136,4
2020-12-31 23:00:00;1;2021;1,0;False;IPV790;1;150,0
2021-03-31 22:00:00;1;2021;1,6;False;IPV790;2;60,0
2021-06-30 22:00:00;1;2021;1,9;False;IPV790;3;18,7
2021-09-30 22:00:00;1;2021;0,5;False;IPV790;4;-73,7
2021-12-31 23:00:00;1;2022;3,0;False;IPV790;1;500,0
2022-03-31 22:00:00;1;2022;2,2;False;IPV790;2;-26,7
2022-06-30 22:00:00;1;2022;2,4;False;IPV790;3;9,1
2022-09-30 22:00:00;1;2022;-2,4;False;IPV790;4;-200,0
2022-12-31 23:00:00;1;2023;0,1;False;IPV790;1;-104,2
2023-03-31 22:00:00;1;2023;2,2;False;IPV790;2;2100,0
2023-06-30 22:00:00;1;2023;1,7;False;IPV790;3;-22,7
2023-09-30 22:00:00;1;2023;-0,3;False;IPV790;4;-117,6
2023-12-31 23:00:00;1;2024;2,5;False;IPV790;1;-933,3
2024-03-31 22:00:00;1;2024;4,4;False;IPV790;2;76,0
2024-06-30 22:00:00;1;2024;2,4;False;IPV790;3;-45,5
2024-09-30 22:00:00;1;2024;2,1;False;IPV790;4;-12,5
2024-12-31 23:00:00;1;2025;4,7;False;IPV790;1;123,8
2025-03-31 22:00:00;1;2025;4,5;False;IPV790;2;-4,3
2025-06-30 22:00:00;1;2025;2,9;False;IPV790;3;-35,6
2025-09-30 22:00:00;1;2025;2,1;False;IPV790;4;-27,6
2006-12-31 23:00:00;1;2007;3,9;False;IPV791;1;0,0
2007-03-31 22:00:00;1;2007;6,5;False;IPV791;2;66,7
2007-06-30 22:00:00;1;2007;8,6;False;IPV791;3;32,3
2007-09-30 22:00:00;1;2007;12,2;False;IPV791;4;41,9
2007-12-31 23:00:00;1;2008;0,3;False;IPV791;1;-97,5
2008-03-31 22:00:00;1;2008;0,6;False;IPV791;2;100,0
2008-06-30 22:00:00;1;2008;-1,0;False;IPV791;3;-266,7
2008-09-30 22:00:00;1;2008;-0,3;False;IPV791;4;-70,0
2008-12-31 23:00:00;1;2009;-4,4;False;IPV791;1;1366,7
2009-03-31 22:00:00;1;2009;-4,1;False;IPV791;2;-6,8
2009-06-30 22:00:00;1;2009;-4,7;False;IPV791;3;14,6
2009-09-30 22:00:00;1;2009;-4,0;False;IPV791;4;-14,9
2009-12-31 23:00:00;1;2010;-5,3;False;IPV791;1;32,5
2010-03-31 22:00:00;1;2010;-3,8;False;IPV791;2;-28,3
2010-06-30 22:00:00;1;2010;-5,9;False;IPV791;3;55,3
2010-09-30 22:00:00;1;2010;-7,7;False;IPV791;4;30,5
2010-12-31 23:00:00;1;2011;-4,7;False;IPV791;1;-39,0
2011-03-31 22:00:00;1;2011;-6,7;False;IPV791;2;42,6
2011-06-30 22:00:00;1;2011;-8,9;False;IPV791;3;32,8
2011-09-30 22:00:00;1;2011;-12,9;False;IPV791;4;44,9
2011-12-31 23:00:00;1;2012;-3,5;False;IPV791;1;-72,9
2012-03-31 22:00:00;1;2012;-7,6;False;IPV791;2;117,1
2012-06-30 22:00:00;1;2012;-12,0;False;IPV791;3;57,9
2012-09-30 22:00:00;1;2012;-12,8;False;IPV791;4;6,7
2012-12-31 23:00:00;1;2013;-9,0;False;IPV791;1;-29,7
2013-03-31 22:00:00;1;2013;-9,8;False;IPV791;2;8,9
2013-06-30 22:00:00;1;2013;-7,7;False;IPV791;3;-21,4
2013-09-30 22:00:00;1;2013;-13,6;False;IPV791;4;76,6
2013-12-31 23:00:00;1;2014;0,6;False;IPV791;1;-104,4
2014-03-31 22:00:00;1;2014;0,6;False;IPV791;2;0,0
2014-06-30 22:00:00;1;2014;0,3;False;IPV791;3;-50,0
2014-09-30 22:00:00;1;2014;-0,1;False;IPV791;4;-133,3
2014-12-31 23:00:00;1;2015;-0,4;False;IPV791;1;300,0
2015-03-31 22:00:00;1;2015;1,8;False;IPV791;2;-550,0
2015-06-30 22:00:00;1;2015;2,9;False;IPV791;3;61,1
2015-09-30 22:00:00;1;2015;3,0;False;IPV791;4;3,4
2015-12-31 23:00:00;1;2016;0,9;False;IPV791;1;-70,0
2016-03-31 22:00:00;1;2016;7,1;False;IPV791;2;688,9
2016-06-30 22:00:00;1;2016;7,4;False;IPV791;3;4,2
2016-09-30 22:00:00;1;2016;3,9;False;IPV791;4;-47,3
2016-12-31 23:00:00;1;2017;1,8;False;IPV791;1;-53,8
2017-03-31 22:00:00;1;2017;3,1;False;IPV791;2;72,2
2017-06-30 22:00:00;1;2017;3,4;False;IPV791;3;9,7
2017-09-30 22:00:00;1;2017;3,5;False;IPV791;4;2,9
2017-12-31 23:00:00;1;2018;4,8;False;IPV791;1;37,1
2018-03-31 22:00:00;1;2018;6,4;False;IPV791;2;33,3
2018-06-30 22:00:00;1;2018;8,8;False;IPV791;3;37,5
2018-09-30 22:00:00;1;2018;7,4;False;IPV791;4;-15,9
2018-12-31 23:00:00;1;2019;5,2;False;IPV791;1;-29,7
2019-03-31 22:00:00;1;2019;8,3;False;IPV791;2;59,6
2019-06-30 22:00:00;1;2019;7,4;False;IPV791;3;-10,8
2019-09-30 22:00:00;1;2019;9,4;False;IPV791;4;27,0
2019-12-31 23:00:00;1;2020;0,1;False;IPV791;1;-98,9
2020-03-31 22:00:00;1;2020;3,4;False;IPV791;2;3300,0
2020-06-30 22:00:00;1;2020;6,4;False;IPV791;3;88,2
2020-09-30 22:00:00;1;2020;6,3;False;IPV791;4;-1,6
2020-12-31 23:00:00;1;2021;-0,1;False;IPV791;1;-101,6
2021-03-31 22:00:00;1;2021;2,2;False;IPV791;2;-2300,0
2021-06-30 22:00:00;1;2021;5,3;False;IPV791;3;140,9
2021-09-30 22:00:00;1;2021;5,6;False;IPV791;4;5,7
2021-12-31 23:00:00;1;2022;2,0;False;IPV791;1;-64,3
2022-03-31 22:00:00;1;2022;4,0;False;IPV791;2;100,0
2022-06-30 22:00:00;1;2022;5,0;False;IPV791;3;25,0
2022-09-30 22:00:00;1;2022;7,8;False;IPV791;4;56,0
2022-12-31 23:00:00;1;2023;1,7;False;IPV791;1;-78,2
2023-03-31 22:00:00;1;2023;2,8;False;IPV791;2;64,7
2023-06-30 22:00:00;1;2023;3,2;False;IPV791;3;14,3
2023-09-30 22:00:00;1;2023;4,9;False;IPV791;4;53,1
2023-12-31 23:00:00;1;2024;7,5;False;IPV791;1;53,1
2024-03-31 22:00:00;1;2024;6,9;False;IPV791;2;-8,0
2024-06-30 22:00:00;1;2024;7,4;False;IPV791;3;7,2
2024-09-30 22:00:00;1;2024;11,9;False;IPV791;4;60,8
2024-12-31 23:00:00;1;2025;4,7;False;IPV791;1;-60,5
2025-03-31 22:00:00;1;2025;6,8;False;IPV791;2;44,7
2025-06-30 22:00:00;1;2025;7,6;False;IPV791;3;11,8
2025-09-30 22:00:00;1;2025;13,0;False;IPV791;4;71,1
2006-12-31 23:00:00;1;2007;13,6;False;IPV792;1;0,0
2007-03-31 22:00:00;1;2007;14,0;False;IPV792;2;2,9
2007-06-30 22:00:00;1;2007;12,1;False;IPV792;3;-13,6
2007-09-30 22:00:00;1;2007;12,2;False;IPV792;4;0,8
2007-12-31 23:00:00;1;2008;8,2;False;IPV792;1;-32,8
2008-03-31 22:00:00;1;2008;6,0;False;IPV792;2;-26,8
2008-06-30 22:00:00;1;2008;2,2;False;IPV792;3;-63,3
2008-09-30 22:00:00;1;2008;-0,3;False;IPV792;4;-113,6
2008-12-31 23:00:00;1;2009;-5,0;False;IPV792;1;1566,7
2009-03-31 22:00:00;1;2009;-5,1;False;IPV792;2;2,0
2009-06-30 22:00:00;1;2009;-4,0;False;IPV792;3;-21,6
2009-09-30 22:00:00;1;2009;-4,0;False;IPV792;4;0,0
2009-12-31 23:00:00;1;2010;-4,9;False;IPV792;1;22,5
2010-03-31 22:00:00;1;2010;-3,7;False;IPV792;2;-24,5
2010-06-30 22:00:00;1;2010;-5,3;False;IPV792;3;43,2
2010-09-30 22:00:00;1;2010;-7,7;False;IPV792;4;45,3
2010-12-31 23:00:00;1;2011;-7,1;False;IPV792;1;-7,8
2011-03-31 22:00:00;1;2011;-10,5;False;IPV792;2;47,9
2011-06-30 22:00:00;1;2011;-10,6;False;IPV792;3;1,0
2011-09-30 22:00:00;1;2011;-12,9;False;IPV792;4;21,7
2011-12-31 23:00:00;1;2012;-11,9;False;IPV792;1;-7,8
2012-03-31 22:00:00;1;2012;-13,7;False;IPV792;2;15,1
2012-06-30 22:00:00;1;2012;-15,9;False;IPV792;3;16,1
2012-09-30 22:00:00;1;2012;-12,8;False;IPV792;4;-19,5
2012-12-31 23:00:00;1;2013;-17,8;False;IPV792;1;39,1
2013-03-31 22:00:00;1;2013;-14,9;False;IPV792;2;-16,3
2013-06-30 22:00:00;1;2013;-8,5;False;IPV792;3;-43,0
2013-09-30 22:00:00;1;2013;-13,6;False;IPV792;4;60,0
2013-12-31 23:00:00;1;2014;-4,5;False;IPV792;1;-66,9
2014-03-31 22:00:00;1;2014;-3,7;False;IPV792;2;-17,8
2014-06-30 22:00:00;1;2014;-6,1;False;IPV792;3;64,9
2014-09-30 22:00:00;1;2014;-0,1;False;IPV792;4;-98,4
2014-12-31 23:00:00;1;2015;-1,1;False;IPV792;1;1000,0
2015-03-31 22:00:00;1;2015;1,0;False;IPV792;2;-190,9
2015-06-30 22:00:00;1;2015;2,4;False;IPV792;3;140,0
2015-09-30 22:00:00;1;2015;3,0;False;IPV792;4;25,0
2015-12-31 23:00:00;1;2016;4,3;False;IPV792;1;43,3
2016-03-31 22:00:00;1;2016;8,5;False;IPV792;2;97,7
2016-06-30 22:00:00;1;2016;7,5;False;IPV792;3;-11,8
2016-09-30 22:00:00;1;2016;3,9;False;IPV792;4;-48,0
2016-12-31 23:00:00;1;2017;4,9;False;IPV792;1;25,6
2017-03-31 22:00:00;1;2017;-0,1;False;IPV792;2;-102,0
2017-06-30 22:00:00;1;2017;0,0;False;IPV792;3;-100,0
2017-09-30 22:00:00;1;2017;3,5;False;IPV792;4;inf
2017-12-31 23:00:00;1;2018;6,5;False;IPV792;1;85,7
2018-03-31 22:00:00;1;2018;6,8;False;IPV792;2;4,6
2018-06-30 22:00:00;1;2018;8,8;False;IPV792;3;29,4
2018-09-30 22:00:00;1;2018;7,4;False;IPV792;4;-15,9
2018-12-31 23:00:00;1;2019;7,8;False;IPV792;1;5,4
2019-03-31 22:00:00;1;2019;9,4;False;IPV792;2;20,5
2019-06-30 22:00:00;1;2019;6,1;False;IPV792;3;-35,1
2019-09-30 22:00:00;1;2019;9,4;False;IPV792;4;54,1
2019-12-31 23:00:00;1;2020;4,1;False;IPV792;1;-56,4
2020-03-31 22:00:00;1;2020;4,4;False;IPV792;2;7,3
2020-06-30 22:00:00;1;2020;8,4;False;IPV792;3;90,9
2020-09-30 22:00:00;1;2020;6,3;False;IPV792;4;-25,0
2020-12-31 23:00:00;1;2021;6,1;False;IPV792;1;-3,2
2021-03-31 22:00:00;1;2021;5,1;False;IPV792;2;-16,4
2021-06-30 22:00:00;1;2021;5,2;False;IPV792;3;2,0
2021-09-30 22:00:00;1;2021;5,6;False;IPV792;4;7,7
2021-12-31 23:00:00;1;2022;7,9;False;IPV792;1;41,1
2022-03-31 22:00:00;1;2022;7,5;False;IPV792;2;-5,1
2022-06-30 22:00:00;1;2022;5,3;False;IPV792;3;-29,3
2022-09-30 22:00:00;1;2022;7,8;False;IPV792;4;47,2
2022-12-31 23:00:00;1;2023;7,5;False;IPV792;1;-3,8
2023-03-31 22:00:00;1;2023;6,5;False;IPV792;2;-13,3
2023-06-30 22:00:00;1;2023;5,9;False;IPV792;3;-9,2
2023-09-30 22:00:00;1;2023;4,9;False;IPV792;4;-16,9
2023-12-31 23:00:00;1;2024;10,8;False;IPV792;1;120,4
2024-03-31 22:00:00;1;2024;9,0;False;IPV792;2;-16,7
2024-06-30 22:00:00;1;2024;9,2;False;IPV792;3;2,2
2024-09-30 22:00:00;1;2024;11,9;False;IPV792;4;29,3
2024-12-31 23:00:00;1;2025;8,9;False;IPV792;1;-25,2
2025-03-31 22:00:00;1;2025;11,8;False;IPV792;2;32,6
2025-06-30 22:00:00;1;2025;12,0;False;IPV792;3;1,7
2025-09-30 22:00:00;1;2025;13,0;False;IPV792;4;8,3
2006-12-31 23:00:00;1;2007;3,9;False;IPV793;1;0,0
2007-03-31 22:00:00;1;2007;2,5;False;IPV793;2;-35,9
2007-06-30 22:00:00;1;2007;1,9;False;IPV793;3;-24,0
2007-09-30 22:00:00;1;2007;3,3;False;IPV793;4;73,7
2007-12-31 23:00:00;1;2008;0,3;False;IPV793;1;-90,9
2008-03-31 22:00:00;1;2008;0,3;False;IPV793;2;0,0
2008-06-30 22:00:00;1;2008;-1,7;False;IPV793;3;-666,7
2008-09-30 22:00:00;1;2008;0,7;False;IPV793;4;-141,2
2008-12-31 23:00:00;1;2009;-4,4;False;IPV793;1;-728,6
2009-03-31 22:00:00;1;2009;0,3;False;IPV793;2;-106,8
2009-06-30 22:00:00;1;2009;-0,6;False;IPV793;3;-300,0
2009-09-30 22:00:00;1;2009;0,7;False;IPV793;4;-216,7
2009-12-31 23:00:00;1;2010;-5,3;False;IPV793;1;-857,1
2010-03-31 22:00:00;1;2010;1,6;False;IPV793;2;-130,2
2010-06-30 22:00:00;1;2010;-2,2;False;IPV793;3;-237,5
2010-09-30 22:00:00;1;2010;-1,9;False;IPV793;4;-13,6
2010-12-31 23:00:00;1;2011;-4,7;False;IPV793;1;147,4
2011-03-31 22:00:00;1;2011;-2,1;False;IPV793;2;-55,3
2011-06-30 22:00:00;1;2011;-2,3;False;IPV793;3;9,5
2011-09-30 22:00:00;1;2011;-4,4;False;IPV793;4;91,3
2011-12-31 23:00:00;1;2012;-3,5;False;IPV793;1;-20,5
2012-03-31 22:00:00;1;2012;-4,2;False;IPV793;2;20,0
2012-06-30 22:00:00;1;2012;-4,8;False;IPV793;3;14,3
2012-09-30 22:00:00;1;2012;-0,9;False;IPV793;4;-81,2
2012-12-31 23:00:00;1;2013;-9,0;False;IPV793;1;900,0
2013-03-31 22:00:00;1;2013;-0,9;False;IPV793;2;-90,0
2013-06-30 22:00:00;1;2013;2,3;False;IPV793;3;-355,6
2013-09-30 22:00:00;1;2013;-6,4;False;IPV793;4;-378,3
2013-12-31 23:00:00;1;2014;0,6;False;IPV793;1;-109,4
2014-03-31 22:00:00;1;2014;0,0;False;IPV793;2;-100,0
2014-06-30 22:00:00;1;2014;-0,3;False;IPV793;3;-inf
2014-09-30 22:00:00;1;2014;-0,5;False;IPV793;4;66,7
2014-12-31 23:00:00;1;2015;-0,4;False;IPV793;1;-20,0
2015-03-31 22:00:00;1;2015;2,2;False;IPV793;2;-650,0
2015-06-30 22:00:00;1;2015;1,1;False;IPV793;3;-50,0
2015-09-30 22:00:00;1;2015;0,1;False;IPV793;4;-90,9
2015-12-31 23:00:00;1;2016;0,9;False;IPV793;1;800,0
2016-03-31 22:00:00;1;2016;6,2;False;IPV793;2;588,9
2016-06-30 22:00:00;1;2016;0,2;False;IPV793;3;-96,8
2016-09-30 22:00:00;1;2016;-3,3;False;IPV793;4;-1750,0
2016-12-31 23:00:00;1;2017;1,8;False;IPV793;1;-154,5
2017-03-31 22:00:00;1;2017;1,2;False;IPV793;2;-33,3
2017-06-30 22:00:00;1;2017;0,4;False;IPV793;3;-66,7
2017-09-30 22:00:00;1;2017;0,0;False;IPV793;4;-100,0
2017-12-31 23:00:00;1;2018;4,8;False;IPV793;1;inf
2018-03-31 22:00:00;1;2018;1,5;False;IPV793;2;-68,8
2018-06-30 22:00:00;1;2018;2,3;False;IPV793;3;53,3
2018-09-30 22:00:00;1;2018;-1,2;False;IPV793;4;-152,2
2018-12-31 23:00:00;1;2019;5,2;False;IPV793;1;-533,3
2019-03-31 22:00:00;1;2019;2,9;False;IPV793;2;-44,2
2019-06-30 22:00:00;1;2019;-0,8;False;IPV793;3;-127,6
2019-09-30 22:00:00;1;2019;1,8;False;IPV793;4;-325,0
2019-12-31 23:00:00;1;2020;0,1;False;IPV793;1;-94,4
2020-03-31 22:00:00;1;2020;3,2;False;IPV793;2;3100,0
2020-06-30 22:00:00;1;2020;3,0;False;IPV793;3;-6,2
2020-09-30 22:00:00;1;2020;-0,1;False;IPV793;4;-103,3
2020-12-31 23:00:00;1;2021;-0,1;False;IPV793;1;0,0
2021-03-31 22:00:00;1;2021;2,3;False;IPV793;2;-2400,0
2021-06-30 22:00:00;1;2021;3,1;False;IPV793;3;34,8
2021-09-30 22:00:00;1;2021;0,3;False;IPV793;4;-90,3
2021-12-31 23:00:00;1;2022;2,0;False;IPV793;1;566,7
2022-03-31 22:00:00;1;2022;2,0;False;IPV793;2;0,0
2022-06-30 22:00:00;1;2022;0,9;False;IPV793;3;-55,0
2022-09-30 22:00:00;1;2022;2,6;False;IPV793;4;188,9
2022-12-31 23:00:00;1;2023;1,7;False;IPV793;1;-34,6
2023-03-31 22:00:00;1;2023;1,1;False;IPV793;2;-35,3
2023-06-30 22:00:00;1;2023;0,4;False;IPV793;3;-63,6
2023-09-30 22:00:00;1;2023;1,7;False;IPV793;4;325,0
2023-12-31 23:00:00;1;2024;7,5;False;IPV793;1;341,2
2024-03-31 22:00:00;1;2024;-0,6;False;IPV793;2;-108,0
2024-06-30 22:00:00;1;2024;0,5;False;IPV793;3;-183,3
2024-09-30 22:00:00;1;2024;4,1;False;IPV793;4;720,0
2024-12-31 23:00:00;1;2025;4,7;False;IPV793;1;14,6
2025-03-31 22:00:00;1;2025;2,1;False;IPV793;2;-55,3
2025-06-30 22:00:00;1;2025;0,7;False;IPV793;3;-66,7
2025-09-30 22:00:00;1;2025;5,1;False;IPV793;4;628,6
2006-12-31 23:00:00;1;2007;2,1;False;IPV794;1;0,0
2007-03-31 22:00:00;1;2007;5,2;False;IPV794;2;147,6
2007-06-30 22:00:00;1;2007;6,6;False;IPV794;3;26,9
2007-09-30 22:00:00;1;2007;8,6;False;IPV794;4;30,3
2007-12-31 23:00:00;1;2008;0,1;False;IPV794;1;-98,8
2008-03-31 22:00:00;1;2008;-1,2;False;IPV794;2;-1300,0
2008-06-30 22:00:00;1;2008;-3,6;False;IPV794;3;200,0
2008-09-30 22:00:00;1;2008;-3,8;False;IPV794;4;5,6
2008-12-31 23:00:00;1;2009;-4,2;False;IPV794;1;10,5
2009-03-31 22:00:00;1;2009;-3,9;False;IPV794;2;-7,1
2009-06-30 22:00:00;1;2009;-4,0;False;IPV794;3;2,6
2009-09-30 22:00:00;1;2009;-3,1;False;IPV794;4;-22,5
2009-12-31 23:00:00;1;2010;-4,1;False;IPV794;1;32,3
2010-03-31 22:00:00;1;2010;-2,5;False;IPV794;2;-39,0
2010-06-30 22:00:00;1;2010;-5,2;False;IPV794;3;108,0
2010-09-30 22:00:00;1;2010;-6,2;False;IPV794;4;19,2
2010-12-31 23:00:00;1;2011;-5,7;False;IPV794;1;-8,1
2011-03-31 22:00:00;1;2011;-7,4;False;IPV794;2;29,8
2011-06-30 22:00:00;1;2011;-10,3;False;IPV794;3;39,2
2011-09-30 22:00:00;1;2011;-14,2;False;IPV794;4;37,9
2011-12-31 23:00:00;1;2012;-4,1;False;IPV794;1;-71,1
2012-03-31 22:00:00;1;2012;-8,5;False;IPV794;2;107,3
2012-06-30 22:00:00;1;2012;-12,7;False;IPV794;3;49,4
2012-09-30 22:00:00;1;2012;-13,8;False;IPV794;4;8,7
2012-12-31 23:00:00;1;2013;-8,8;False;IPV794;1;-36,2
2013-03-31 22:00:00;1;2013;-9,8;False;IPV794;2;11,4
2013-06-30 22:00:00;1;2013;-8,3;False;IPV794;3;-15,3
2013-09-30 22:00:00;1;2013;-11,6;False;IPV794;4;39,8
2013-12-31 23:00:00;1;2014;-0,6;False;IPV794;1;-94,8
2014-03-31 22:00:00;1;2014;0,4;False;IPV794;2;-166,7
2014-06-30 22:00:00;1;2014;0,2;False;IPV794;3;-50,0
2014-09-30 22:00:00;1;2014;0,2;False;IPV794;4;0,0
2014-12-31 23:00:00;1;2015;-2,3;False;IPV794;1;-1250,0
2015-03-31 22:00:00;1;2015;1,4;False;IPV794;2;-160,9
2015-06-30 22:00:00;1;2015;0,8;False;IPV794;3;-42,9
2015-09-30 22:00:00;1;2015;1,5;False;IPV794;4;87,5
2015-12-31 23:00:00;1;2016;-0,2;False;IPV794;1;-113,3
2016-03-31 22:00:00;1;2016;1,3;False;IPV794;2;-750,0
2016-06-30 22:00:00;1;2016;1,5;False;IPV794;3;15,4
2016-09-30 22:00:00;1;2016;0,3;False;IPV794;4;-80,0
2016-12-31 23:00:00;1;2017;1,6;False;IPV794;1;433,3
2017-03-31 22:00:00;1;2017;2,4;False;IPV794;2;50,0
2017-06-30 22:00:00;1;2017;2,1;False;IPV794;3;-12,5
2017-09-30 22:00:00;1;2017;3,6;False;IPV794;4;71,4
2017-12-31 23:00:00;1;2018;1,2;False;IPV794;1;-66,7
2018-03-31 22:00:00;1;2018;3,1;False;IPV794;2;158,3
2018-06-30 22:00:00;1;2018;5,2;False;IPV794;3;67,7
2018-09-30 22:00:00;1;2018;5,5;False;IPV794;4;5,8
2018-12-31 23:00:00;1;2019;1,9;False;IPV794;1;-65,5
2019-03-31 22:00:00;1;2019;3,8;False;IPV794;2;100,0
2019-06-30 22:00:00;1;2019;4,1;False;IPV794;3;7,9
2019-09-30 22:00:00;1;2019;4,7;False;IPV794;4;14,6
2019-12-31 23:00:00;1;2020;0,5;False;IPV794;1;-89,4
2020-03-31 22:00:00;1;2020;1,4;False;IPV794;2;180,0
2020-06-30 22:00:00;1;2020;0,6;False;IPV794;3;-57,1
2020-09-30 22:00:00;1;2020;1,0;False;IPV794;4;66,7
2020-12-31 23:00:00;1;2021;0,9;False;IPV794;1;-10,0
2021-03-31 22:00:00;1;2021;2,6;False;IPV794;2;188,9
2021-06-30 22:00:00;1;2021;4,7;False;IPV794;3;80,8
2021-09-30 22:00:00;1;2021;5,3;False;IPV794;4;12,8
2021-12-31 23:00:00;1;2022;2,9;False;IPV794;1;-45,3
2022-03-31 22:00:00;1;2022;5,2;False;IPV794;2;79,3
2022-06-30 22:00:00;1;2022;7,5;False;IPV794;3;44,2
2022-09-30 22:00:00;1;2022;5,4;False;IPV794;4;-28,0
2022-12-31 23:00:00;1;2023;0,3;False;IPV794;1;-94,4
2023-03-31 22:00:00;1;2023;2,4;False;IPV794;2;700,0
2023-06-30 22:00:00;1;2023;3,9;False;IPV794;3;62,5
2023-09-30 22:00:00;1;2023;3,9;False;IPV794;4;0,0
2023-12-31 23:00:00;1;2024;3,4;False;IPV794;1;-12,8
2024-03-31 22:00:00;1;2024;7,0;False;IPV794;2;105,9
2024-06-30 22:00:00;1;2024;9,2;False;IPV794;3;31,4
2024-09-30 22:00:00;1;2024;11,9;False;IPV794;4;29,3
2024-12-31 23:00:00;1;2025;4,7;False;IPV794;1;-60,5
2025-03-31 22:00:00;1;2025;8,8;False;IPV794;2;87,2
2025-06-30 22:00:00;1;2025;11,4;False;IPV794;3;29,5
2025-09-30 22:00:00;1;2025;14,4;False;IPV794;4;26,3
2006-12-31 23:00:00;1;2007;12,1;False;IPV795;1;0,0
2007-03-31 22:00:00;1;2007;12,6;False;IPV795;2;4,1
2007-06-30 22:00:00;1;2007;10,1;False;IPV795;3;-19,8
2007-09-30 22:00:00;1;2007;8,6;False;IPV795;4;-14,9
2007-12-31 23:00:00;1;2008;6,5;False;IPV795;1;-24,4
2008-03-31 22:00:00;1;2008;2,0;False;IPV795;2;-69,2
2008-06-30 22:00:00;1;2008;-1,9;False;IPV795;3;-195,0
2008-09-30 22:00:00;1;2008;-3,8;False;IPV795;4;100,0
2008-12-31 23:00:00;1;2009;-8,0;False;IPV795;1;110,5
2009-03-31 22:00:00;1;2009;-6,4;False;IPV795;2;-20,0
2009-06-30 22:00:00;1;2009;-4,2;False;IPV795;3;-34,4
2009-09-30 22:00:00;1;2009;-3,1;False;IPV795;4;-26,2
2009-12-31 23:00:00;1;2010;-2,9;False;IPV795;1;-6,5
2010-03-31 22:00:00;1;2010;-1,7;False;IPV795;2;-41,4
2010-06-30 22:00:00;1;2010;-4,3;False;IPV795;3;152,9
2010-09-30 22:00:00;1;2010;-6,2;False;IPV795;4;44,2
2010-12-31 23:00:00;1;2011;-7,8;False;IPV795;1;25,8
2011-03-31 22:00:00;1;2011;-10,9;False;IPV795;2;39,7
2011-06-30 22:00:00;1;2011;-11,3;False;IPV795;3;3,7
2011-09-30 22:00:00;1;2011;-14,2;False;IPV795;4;25,7
2011-12-31 23:00:00;1;2012;-12,7;False;IPV795;1;-10,6
2012-03-31 22:00:00;1;2012;-15,2;False;IPV795;2;19,7
2012-06-30 22:00:00;1;2012;-16,5;False;IPV795;3;8,6
2012-09-30 22:00:00;1;2012;-13,8;False;IPV795;4;-16,4
2012-12-31 23:00:00;1;2013;-18,0;False;IPV795;1;30,4
2013-03-31 22:00:00;1;2013;-15,0;False;IPV795;2;-16,7
2013-06-30 22:00:00;1;2013;-9,5;False;IPV795;3;-36,7
2013-09-30 22:00:00;1;2013;-11,6;False;IPV795;4;22,1
2013-12-31 23:00:00;1;2014;-3,7;False;IPV795;1;-68,1
2014-03-31 22:00:00;1;2014;-1,7;False;IPV795;2;-54,1
2014-06-30 22:00:00;1;2014;-3,5;False;IPV795;3;105,9
2014-09-30 22:00:00;1;2014;0,2;False;IPV795;4;-105,7
2014-12-31 23:00:00;1;2015;-1,5;False;IPV795;1;-850,0
2015-03-31 22:00:00;1;2015;1,2;False;IPV795;2;-180,0
2015-06-30 22:00:00;1;2015;0,9;False;IPV795;3;-25,0
2015-09-30 22:00:00;1;2015;1,5;False;IPV795;4;66,7
2015-12-31 23:00:00;1;2016;3,8;False;IPV795;1;153,3
2016-03-31 22:00:00;1;2016;1,5;False;IPV795;2;-60,5
2016-06-30 22:00:00;1;2016;2,2;False;IPV795;3;46,7
2016-09-30 22:00:00;1;2016;0,3;False;IPV795;4;-86,4
2016-12-31 23:00:00;1;2017;2,1;False;IPV795;1;600,0
2017-03-31 22:00:00;1;2017;1,4;False;IPV795;2;-33,3
2017-06-30 22:00:00;1;2017;1,0;False;IPV795;3;-28,6
2017-09-30 22:00:00;1;2017;3,6;False;IPV795;4;260,0
2017-12-31 23:00:00;1;2018;3,2;False;IPV795;1;-11,1
2018-03-31 22:00:00;1;2018;4,3;False;IPV795;2;34,4
2018-06-30 22:00:00;1;2018;6,7;False;IPV795;3;55,8
2018-09-30 22:00:00;1;2018;5,5;False;IPV795;4;-17,9
2018-12-31 23:00:00;1;2019;6,2;False;IPV795;1;12,7
2019-03-31 22:00:00;1;2019;6,2;False;IPV795;2;0,0
2019-06-30 22:00:00;1;2019;4,4;False;IPV795;3;-29,0
2019-09-30 22:00:00;1;2019;4,7;False;IPV795;4;6,8
2019-12-31 23:00:00;1;2020;3,2;False;IPV795;1;-31,9
2020-03-31 22:00:00;1;2020;2,2;False;IPV795;2;-31,2
2020-06-30 22:00:00;1;2020;1,2;False;IPV795;3;-45,5
2020-09-30 22:00:00;1;2020;1,0;False;IPV795;4;-16,7
2020-12-31 23:00:00;1;2021;1,5;False;IPV795;1;50,0
2021-03-31 22:00:00;1;2021;2,3;False;IPV795;2;53,3
2021-06-30 22:00:00;1;2021;5,1;False;IPV795;3;121,7
2021-09-30 22:00:00;1;2021;5,3;False;IPV795;4;3,9
2021-12-31 23:00:00;1;2022;7,3;False;IPV795;1;37,7
2022-03-31 22:00:00;1;2022;7,9;False;IPV795;2;8,2
2022-06-30 22:00:00;1;2022;8,1;False;IPV795;3;2,5
2022-09-30 22:00:00;1;2022;5,4;False;IPV795;4;-33,3
2022-12-31 23:00:00;1;2023;2,8;False;IPV795;1;-48,1
2023-03-31 22:00:00;1;2023;2,6;False;IPV795;2;-7,1
2023-06-30 22:00:00;1;2023;1,9;False;IPV795;3;-26,9
2023-09-30 22:00:00;1;2023;3,9;False;IPV795;4;105,3
2023-12-31 23:00:00;1;2024;7,1;False;IPV795;1;82,1
2024-03-31 22:00:00;1;2024;8,6;False;IPV795;2;21,1
2024-06-30 22:00:00;1;2024;9,2;False;IPV795;3;7,0
2024-09-30 22:00:00;1;2024;11,9;False;IPV795;4;29,3
2024-12-31 23:00:00;1;2025;13,2;False;IPV795;1;10,9
2025-03-31 22:00:00;1;2025;13,7;False;IPV795;2;3,8
2025-06-30 22:00:00;1;2025;14,1;False;IPV795;3;2,9
2025-09-30 22:00:00;1;2025;14,4;False;IPV795;4;2,1
2006-12-31 23:00:00;1;2007;2,1;False;IPV796;1;0,0
2007-03-31 22:00:00;1;2007;3,0;False;IPV796;2;42,9
2007-06-30 22:00:00;1;2007;1,4;False;IPV796;3;-53,3
2007-09-30 22:00:00;1;2007;1,9;False;IPV796;4;35,7
2007-12-31 23:00:00;1;2008;0,1;False;IPV796;1;-94,7
2008-03-31 22:00:00;1;2008;-1,3;False;IPV796;2;-1400,0
2008-06-30 22:00:00;1;2008;-2,5;False;IPV796;3;92,3
2008-09-30 22:00:00;1;2008;-0,2;False;IPV796;4;-92,0
2008-12-31 23:00:00;1;2009;-4,2;False;IPV796;1;2000,0
2009-03-31 22:00:00;1;2009;0,4;False;IPV796;2;-109,5
2009-06-30 22:00:00;1;2009;-0,1;False;IPV796;3;-125,0
2009-09-30 22:00:00;1;2009;1,0;False;IPV796;4;-1100,0
2009-12-31 23:00:00;1;2010;-4,1;False;IPV796;1;-510,0
2010-03-31 22:00:00;1;2010;1,6;False;IPV796;2;-139,0
2010-06-30 22:00:00;1;2010;-2,7;False;IPV796;3;-268,8
2010-09-30 22:00:00;1;2010;-1,1;False;IPV796;4;-59,3
2010-12-31 23:00:00;1;2011;-5,7;False;IPV796;1;418,2
2011-03-31 22:00:00;1;2011;-1,8;False;IPV796;2;-68,4
2011-06-30 22:00:00;1;2011;-3,1;False;IPV796;3;72,2
2011-09-30 22:00:00;1;2011;-4,4;False;IPV796;4;41,9
2011-12-31 23:00:00;1;2012;-4,1;False;IPV796;1;-6,8
2012-03-31 22:00:00;1;2012;-4,6;False;IPV796;2;12,2
2012-06-30 22:00:00;1;2012;-4,6;False;IPV796;3;0,0
2012-09-30 22:00:00;1;2012;-1,3;False;IPV796;4;-71,7
2012-12-31 23:00:00;1;2013;-8,8;False;IPV796;1;576,9
2013-03-31 22:00:00;1;2013;-1,1;False;IPV796;2;-87,5
2013-06-30 22:00:00;1;2013;1,6;False;IPV796;3;-245,5
2013-09-30 22:00:00;1;2013;-3,6;False;IPV796;4;-325,0
2013-12-31 23:00:00;1;2014;-0,6;False;IPV796;1;-83,3
2014-03-31 22:00:00;1;2014;1,0;False;IPV796;2;-266,7
2014-06-30 22:00:00;1;2014;-0,2;False;IPV796;3;-120,0
2014-09-30 22:00:00;1;2014;0,1;False;IPV796;4;-150,0
2014-12-31 23:00:00;1;2015;-2,3;False;IPV796;1;-2400,0
2015-03-31 22:00:00;1;2015;3,8;False;IPV796;2;-265,2
2015-06-30 22:00:00;1;2015;-0,6;False;IPV796;3;-115,8
2015-09-30 22:00:00;1;2015;0,7;False;IPV796;4;-216,7
2015-12-31 23:00:00;1;2016;-0,2;False;IPV796;1;-128,6
2016-03-31 22:00:00;1;2016;1,5;False;IPV796;2;-850,0
2016-06-30 22:00:00;1;2016;0,1;False;IPV796;3;-93,3
2016-09-30 22:00:00;1;2016;-1,1;False;IPV796;4;-1200,0
2016-12-31 23:00:00;1;2017;1,6;False;IPV796;1;-245,5
2017-03-31 22:00:00;1;2017;0,8;False;IPV796;2;-50,0
2017-06-30 22:00:00;1;2017;-0,3;False;IPV796;3;-137,5
2017-09-30 22:00:00;1;2017;1,4;False;IPV796;4;-566,7
2017-12-31 23:00:00;1;2018;1,2;False;IPV796;1;-14,3
2018-03-31 22:00:00;1;2018;1,9;False;IPV796;2;58,3
2018-06-30 22:00:00;1;2018;2,0;False;IPV796;3;5,3
2018-09-30 22:00:00;1;2018;0,3;False;IPV796;4;-85,0
2018-12-31 23:00:00;1;2019;1,9;False;IPV796;1;533,3
2019-03-31 22:00:00;1;2019;1,8;False;IPV796;2;-5,3
2019-06-30 22:00:00;1;2019;0,3;False;IPV796;3;-83,3
2019-09-30 22:00:00;1;2019;0,6;False;IPV796;4;100,0
2019-12-31 23:00:00;1;2020;0,5;False;IPV796;1;-16,7
2020-03-31 22:00:00;1;2020;0,8;False;IPV796;2;60,0
2020-06-30 22:00:00;1;2020;-0,7;False;IPV796;3;-187,5
2020-09-30 22:00:00;1;2020;0,4;False;IPV796;4;-157,1
2020-12-31 23:00:00;1;2021;0,9;False;IPV796;1;125,0
2021-03-31 22:00:00;1;2021;1,7;False;IPV796;2;88,9
2021-06-30 22:00:00;1;2021;2,0;False;IPV796;3;17,6
2021-09-30 22:00:00;1;2021;0,5;False;IPV796;4;-75,0
2021-12-31 23:00:00;1;2022;2,9;False;IPV796;1;480,0
2022-03-31 22:00:00;1;2022;2,2;False;IPV796;2;-24,1
2022-06-30 22:00:00;1;2022;2,2;False;IPV796;3;0,0
2022-09-30 22:00:00;1;2022;-1,9;False;IPV796;4;-186,4
2022-12-31 23:00:00;1;2023;0,3;False;IPV796;1;-115,8
2023-03-31 22:00:00;1;2023;2,0;False;IPV796;2;566,7
2023-06-30 22:00:00;1;2023;1,5;False;IPV796;3;-25,0
2023-09-30 22:00:00;1;2023;0,0;False;IPV796;4;-100,0
2023-12-31 23:00:00;1;2024;3,4;False;IPV796;1;inf
2024-03-31 22:00:00;1;2024;3,5;False;IPV796;2;2,9
2024-06-30 22:00:00;1;2024;2,0;False;IPV796;3;-42,9
2024-09-30 22:00:00;1;2024;2,5;False;IPV796;4;25,0
2024-12-31 23:00:00;1;2025;4,7;False;IPV796;1;88,0
2025-03-31 22:00:00;1;2025;3,9;False;IPV796;2;-17,0
2025-06-30 22:00:00;1;2025;2,4;False;IPV796;3;-38,5
2025-09-30 22:00:00;1;2025;2,7;False;IPV796;4;12,5
2006-12-31 23:00:00;1;2007;1,0;False;IPV797;1;0,0
2007-03-31 22:00:00;1;2007;3,6;False;IPV797;2;260,0
2007-06-30 22:00:00;1;2007;4,1;False;IPV797;3;13,9
2007-09-30 22:00:00;1;2007;2,5;False;IPV797;4;-39,0
2007-12-31 23:00:00;1;2008;-1,3;False;IPV797;1;-152,0
2008-03-31 22:00:00;1;2008;-3,3;False;IPV797;2;153,8
2008-06-30 22:00:00;1;2008;-8,4;False;IPV797;3;154,5
2008-09-30 22:00:00;1;2008;-12,5;False;IPV797;4;48,8
2008-12-31 23:00:00;1;2009;-5,0;False;IPV797;1;-60,0
2009-03-31 22:00:00;1;2009;-7,4;False;IPV797;2;48,0
2009-06-30 22:00:00;1;2009;-7,5;False;IPV797;3;1,4
2009-09-30 22:00:00;1;2009;-7,9;False;IPV797;4;5,3
2009-12-31 23:00:00;1;2010;1,1;False;IPV797;1;-113,9
2010-03-31 22:00:00;1;2010;3,2;False;IPV797;2;190,9
2010-06-30 22:00:00;1;2010;2,0;False;IPV797;3;-37,5
2010-09-30 22:00:00;1;2010;0,4;False;IPV797;4;-80,0
2010-12-31 23:00:00;1;2011;-5,0;False;IPV797;1;-1350,0
2011-03-31 22:00:00;1;2011;-6,2;False;IPV797;2;24,0
2011-06-30 22:00:00;1;2011;-10,3;False;IPV797;3;66,1
2011-09-30 22:00:00;1;2011;-12,5;False;IPV797;4;21,4
2011-12-31 23:00:00;1;2012;-6,5;False;IPV797;1;-48,0
2012-03-31 22:00:00;1;2012;-8,5;False;IPV797;2;30,8
2012-06-30 22:00:00;1;2012;-12,8;False;IPV797;3;50,6
2012-09-30 22:00:00;1;2012;-15,3;False;IPV797;4;19,5
2012-12-31 23:00:00;1;2013;-6,6;False;IPV797;1;-56,9
2013-03-31 22:00:00;1;2013;-6,1;False;IPV797;2;-7,6
2013-06-30 22:00:00;1;2013;-4,6;False;IPV797;3;-24,6
2013-09-30 22:00:00;1;2013;-8,8;False;IPV797;4;91,3
2013-12-31 23:00:00;1;2014;0,2;False;IPV797;1;-102,3
2014-03-31 22:00:00;1;2014;0,0;False;IPV797;2;-100,0
2014-06-30 22:00:00;1;2014;0,5;False;IPV797;3;inf
2014-09-30 22:00:00;1;2014;0,0;False;IPV797;4;-100,0
2014-12-31 23:00:00;1;2015;-1,7;False;IPV797;1;-inf
2015-03-31 22:00:00;1;2015;1,8;False;IPV797;2;-205,9
2015-06-30 22:00:00;1;2015;1,7;False;IPV797;3;-5,6
2015-09-30 22:00:00;1;2015;1,5;False;IPV797;4;-11,8
2015-12-31 23:00:00;1;2016;0,5;False;IPV797;1;-66,7
2016-03-31 22:00:00;1;2016;1,9;False;IPV797;2;280,0
2016-06-30 22:00:00;1;2016;2,5;False;IPV797;3;31,6
2016-09-30 22:00:00;1;2016;0,9;False;IPV797;4;-64,0
2016-12-31 23:00:00;1;2017;2,3;False;IPV797;1;155,6
2017-03-31 22:00:00;1;2017;4,9;False;IPV797;2;113,0
2017-06-30 22:00:00;1;2017;6,8;False;IPV797;3;38,8
2017-09-30 22:00:00;1;2017;7,1;False;IPV797;4;4,4
2017-12-31 23:00:00;1;2018;0,9;False;IPV797;1;-87,3
2018-03-31 22:00:00;1;2018;3,6;False;IPV797;2;300,0
2018-06-30 22:00:00;1;2018;4,5;False;IPV797;3;25,0
2018-09-30 22:00:00;1;2018;4,3;False;IPV797;4;-4,4
2018-12-31 23:00:00;1;2019;1,6;False;IPV797;1;-62,8
2019-03-31 22:00:00;1;2019;2,8;False;IPV797;2;75,0
2019-06-30 22:00:00;1;2019;4,3;False;IPV797;3;53,6
2019-09-30 22:00:00;1;2019;2,5;False;IPV797;4;-41,9
2019-12-31 23:00:00;1;2020;1,6;False;IPV797;1;-36,0
2020-03-31 22:00:00;1;2020;1,6;False;IPV797;2;0,0
2020-06-30 22:00:00;1;2020;2,5;False;IPV797;3;56,2
2020-09-30 22:00:00;1;2020;0,2;False;IPV797;4;-92,0
2020-12-31 23:00:00;1;2021;1,2;False;IPV797;1;500,0
2021-03-31 22:00:00;1;2021;3,0;False;IPV797;2;150,0
2021-06-30 22:00:00;1;2021;4,0;False;IPV797;3;33,3
2021-09-30 22:00:00;1;2021;4,6;False;IPV797;4;15,0
2021-12-31 23:00:00;1;2022;2,5;False;IPV797;1;-45,7
2022-03-31 22:00:00;1;2022;4,6;False;IPV797;2;84,0
2022-06-30 22:00:00;1;2022;7,3;False;IPV797;3;58,7
2022-09-30 22:00:00;1;2022;5,0;False;IPV797;4;-31,5
2022-12-31 23:00:00;1;2023;0,6;False;IPV797;1;-88,0
2023-03-31 22:00:00;1;2023;2,2;False;IPV797;2;266,7
2023-06-30 22:00:00;1;2023;5,0;False;IPV797;3;127,3
2023-09-30 22:00:00;1;2023;3,2;False;IPV797;4;-36,0
2023-12-31 23:00:00;1;2024;2,4;False;IPV797;1;-25,0
2024-03-31 22:00:00;1;2024;5,9;False;IPV797;2;145,8
2024-06-30 22:00:00;1;2024;9,0;False;IPV797;3;52,5
2024-09-30 22:00:00;1;2024;10,3;False;IPV797;4;14,4
2024-12-31 23:00:00;1;2025;4,1;False;IPV797;1;-60,2
2025-03-31 22:00:00;1;2025;8,2;False;IPV797;2;100,0
2025-06-30 22:00:00;1;2025;11,1;False;IPV797;3;35,4
2025-09-30 22:00:00;1;2025;12,7;False;IPV797;4;14,4
2006-12-31 23:00:00;1;2007;12,7;False;IPV798;1;0,0
2007-03-31 22:00:00;1;2007;8,0;False;IPV798;2;-37,0
2007-06-30 22:00:00;1;2007;7,3;False;IPV798;3;-8,8
2007-09-30 22:00:00;1;2007;2,5;False;IPV798;4;-65,8
2007-12-31 23:00:00;1;2008;0,2;False;IPV798;1;-92,0
2008-03-31 22:00:00;1;2008;-4,3;False;IPV798;2;-2250,0
2008-06-30 22:00:00;1;2008;-9,8;False;IPV798;3;127,9
2008-09-30 22:00:00;1;2008;-12,5;False;IPV798;4;27,6
2008-12-31 23:00:00;1;2009;-15,7;False;IPV798;1;25,6
2009-03-31 22:00:00;1;2009;-16,2;False;IPV798;2;3,2
2009-06-30 22:00:00;1;2009;-11,6;False;IPV798;3;-28,4
2009-09-30 22:00:00;1;2009;-7,9;False;IPV798;4;-31,9
2009-12-31 23:00:00;1;2010;-2,0;False;IPV798;1;-74,7
2010-03-31 22:00:00;1;2010;2,5;False;IPV798;2;-225,0
2010-06-30 22:00:00;1;2010;1,5;False;IPV798;3;-40,0
2010-09-30 22:00:00;1;2010;0,4;False;IPV798;4;-73,3
2010-12-31 23:00:00;1;2011;-5,7;False;IPV798;1;-1525,0
2011-03-31 22:00:00;1;2011;-8,7;False;IPV798;2;52,6
2011-06-30 22:00:00;1;2011;-11,7;False;IPV798;3;34,5
2011-09-30 22:00:00;1;2011;-12,5;False;IPV798;4;6,8
2011-12-31 23:00:00;1;2012;-13,8;False;IPV798;1;10,4
2012-03-31 22:00:00;1;2012;-14,6;False;IPV798;2;5,8
2012-06-30 22:00:00;1;2012;-15,0;False;IPV798;3;2,7
2012-09-30 22:00:00;1;2012;-15,3;False;IPV798;4;2,0
2012-12-31 23:00:00;1;2013;-15,5;False;IPV798;1;1,3
2013-03-31 22:00:00;1;2013;-13,1;False;IPV798;2;-15,5
2013-06-30 22:00:00;1;2013;-7,3;False;IPV798;3;-44,3
2013-09-30 22:00:00;1;2013;-8,8;False;IPV798;4;20,5
2013-12-31 23:00:00;1;2014;-2,1;False;IPV798;1;-76,1
2014-03-31 22:00:00;1;2014;-2,8;False;IPV798;2;33,3
2014-06-30 22:00:00;1;2014;-4,0;False;IPV798;3;42,9
2014-09-30 22:00:00;1;2014;0,0;False;IPV798;4;-100,0
2014-12-31 23:00:00;1;2015;-1,9;False;IPV798;1;-inf
2015-03-31 22:00:00;1;2015;1,7;False;IPV798;2;-189,5
2015-06-30 22:00:00;1;2015;1,2;False;IPV798;3;-29,4
2015-09-30 22:00:00;1;2015;1,5;False;IPV798;4;25,0
2015-12-31 23:00:00;1;2016;3,8;False;IPV798;1;153,3
2016-03-31 22:00:00;1;2016;1,6;False;IPV798;2;-57,9
2016-06-30 22:00:00;1;2016;2,3;False;IPV798;3;43,7
2016-09-30 22:00:00;1;2016;0,9;False;IPV798;4;-60,9
2016-12-31 23:00:00;1;2017;2,7;False;IPV798;1;200,0
2017-03-31 22:00:00;1;2017;3,9;False;IPV798;2;44,4
2017-06-30 22:00:00;1;2017;5,2;False;IPV798;3;33,3
2017-09-30 22:00:00;1;2017;7,1;False;IPV798;4;36,5
2017-12-31 23:00:00;1;2018;5,5;False;IPV798;1;-22,5
2018-03-31 22:00:00;1;2018;5,7;False;IPV798;2;3,6
2018-06-30 22:00:00;1;2018;4,8;False;IPV798;3;-15,8
2018-09-30 22:00:00;1;2018;4,3;False;IPV798;4;-10,4
2018-12-31 23:00:00;1;2019;5,1;False;IPV798;1;18,6
2019-03-31 22:00:00;1;2019;3,5;False;IPV798;2;-31,4
2019-06-30 22:00:00;1;2019;4,1;False;IPV798;3;17,1
2019-09-30 22:00:00;1;2019;2,5;False;IPV798;4;-39,0
2019-12-31 23:00:00;1;2020;2,5;False;IPV798;1;0,0
2020-03-31 22:00:00;1;2020;1,3;False;IPV798;2;-48,0
2020-06-30 22:00:00;1;2020;0,8;False;IPV798;3;-38,5
2020-09-30 22:00:00;1;2020;0,2;False;IPV798;4;-75,0
2020-12-31 23:00:00;1;2021;-0,1;False;IPV798;1;-150,0
2021-03-31 22:00:00;1;2021;1,6;False;IPV798;2;-1700,0
2021-06-30 22:00:00;1;2021;1,7;False;IPV798;3;6,2
2021-09-30 22:00:00;1;2021;4,6;False;IPV798;4;170,6
2021-12-31 23:00:00;1;2022;5,9;False;IPV798;1;28,3
2022-03-31 22:00:00;1;2022;6,2;False;IPV798;2;5,1
2022-06-30 22:00:00;1;2022;7,9;False;IPV798;3;27,4
2022-09-30 22:00:00;1;2022;5,0;False;IPV798;4;-36,7
2022-12-31 23:00:00;1;2023;3,0;False;IPV798;1;-40,0
2023-03-31 22:00:00;1;2023;2,6;False;IPV798;2;-13,3
2023-06-30 22:00:00;1;2023;2,7;False;IPV798;3;3,8
2023-09-30 22:00:00;1;2023;3,2;False;IPV798;4;18,5
2023-12-31 23:00:00;1;2024;5,1;False;IPV798;1;59,4
2024-03-31 22:00:00;1;2024;7,0;False;IPV798;2;37,3
2024-06-30 22:00:00;1;2024;7,1;False;IPV798;3;1,4
2024-09-30 22:00:00;1;2024;10,3;False;IPV798;4;45,1
2024-12-31 23:00:00;1;2025;12,1;False;IPV798;1;17,5
2025-03-31 22:00:00;1;2025;12,6;False;IPV798;2;4,1
2025-06-30 22:00:00;1;2025;12,5;False;IPV798;3;-0,8
2025-09-30 22:00:00;1;2025;12,7;False;IPV798;4;1,6
2006-12-31 23:00:00;1;2007;1,0;False;IPV799;1;0,0
2007-03-31 22:00:00;1;2007;2,6;False;IPV799;2;160,0
2007-06-30 22:00:00;1;2007;0,5;False;IPV799;3;-80,8
2007-09-30 22:00:00;1;2007;-1,5;False;IPV799;4;-400,0
2007-12-31 23:00:00;1;2008;-1,3;False;IPV799;1;-13,3
2008-03-31 22:00:00;1;2008;-1,9;False;IPV799;2;46,2
2008-06-30 22:00:00;1;2008;-5,3;False;IPV799;3;178,9
2008-09-30 22:00:00;1;2008;-4,5;False;IPV799;4;-15,1
2008-12-31 23:00:00;1;2009;-5,0;False;IPV799;1;11,1
2009-03-31 22:00:00;1;2009;-2,5;False;IPV799;2;-50,0
2009-06-30 22:00:00;1;2009;-0,2;False;IPV799;3;-92,0
2009-09-30 22:00:00;1;2009;-0,5;False;IPV799;4;150,0
2009-12-31 23:00:00;1;2010;1,1;False;IPV799;1;-320,0
2010-03-31 22:00:00;1;2010;2,0;False;IPV799;2;81,8
2010-06-30 22:00:00;1;2010;-1,2;False;IPV799;3;-160,0
2010-09-30 22:00:00;1;2010;-1,5;False;IPV799;4;25,0
2010-12-31 23:00:00;1;2011;-5,0;False;IPV799;1;233,3
2011-03-31 22:00:00;1;2011;-1,3;False;IPV799;2;-74,0
2011-06-30 22:00:00;1;2011;-4,4;False;IPV799;3;238,5
2011-09-30 22:00:00;1;2011;-2,4;False;IPV799;4;-45,5
2011-12-31 23:00:00;1;2012;-6,5;False;IPV799;1;170,8
2012-03-31 22:00:00;1;2012;-2,1;False;IPV799;2;-67,7
2012-06-30 22:00:00;1;2012;-4,8;False;IPV799;3;128,6
2012-09-30 22:00:00;1;2012;-2,8;False;IPV799;4;-41,7
2012-12-31 23:00:00;1;2013;-6,6;False;IPV799;1;135,7
2013-03-31 22:00:00;1;2013;0,5;False;IPV799;2;-107,6
2013-06-30 22:00:00;1;2013;1,7;False;IPV799;3;240,0
2013-09-30 22:00:00;1;2013;-4,4;False;IPV799;4;-358,8
2013-12-31 23:00:00;1;2014;0,2;False;IPV799;1;-104,5
2014-03-31 22:00:00;1;2014;-0,2;False;IPV799;2;-200,0
2014-06-30 22:00:00;1;2014;0,5;False;IPV799;3;-350,0
2014-09-30 22:00:00;1;2014;-0,5;False;IPV799;4;-200,0
2014-12-31 23:00:00;1;2015;-1,7;False;IPV799;1;240,0
2015-03-31 22:00:00;1;2015;3,5;False;IPV799;2;-305,9
2015-06-30 22:00:00;1;2015;-0,1;False;IPV799;3;-102,9
2015-09-30 22:00:00;1;2015;-0,2;False;IPV799;4;100,0
2015-12-31 23:00:00;1;2016;0,5;False;IPV799;1;-350,0
2016-03-31 22:00:00;1;2016;1,4;False;IPV799;2;180,0
2016-06-30 22:00:00;1;2016;0,6;False;IPV799;3;-57,1
2016-09-30 22:00:00;1;2016;-1,5;False;IPV799;4;-350,0
2016-12-31 23:00:00;1;2017;2,3;False;IPV799;1;-253,3
2017-03-31 22:00:00;1;2017;2,5;False;IPV799;2;8,7
2017-06-30 22:00:00;1;2017;1,8;False;IPV799;3;-28,0
2017-09-30 22:00:00;1;2017;0,3;False;IPV799;4;-83,3
2017-12-31 23:00:00;1;2018;0,9;False;IPV799;1;200,0
2018-03-31 22:00:00;1;2018;2,7;False;IPV799;2;200,0
2018-06-30 22:00:00;1;2018;0,8;False;IPV799;3;-70,4
2018-09-30 22:00:00;1;2018;-0,1;False;IPV799;4;-112,5
2018-12-31 23:00:00;1;2019;1,6;False;IPV799;1;-1700,0
2019-03-31 22:00:00;1;2019;1,2;False;IPV799;2;-25,0
2019-06-30 22:00:00;1;2019;1,4;False;IPV799;3;16,7
2019-09-30 22:00:00;1;2019;-1,7;False;IPV799;4;-221,4
2019-12-31 23:00:00;1;2020;1,6;False;IPV799;1;-194,1
2020-03-31 22:00:00;1;2020;0,0;False;IPV799;2;-100,0
2020-06-30 22:00:00;1;2020;1,0;False;IPV799;3;inf
2020-09-30 22:00:00;1;2020;-2,2;False;IPV799;4;-320,0
2020-12-31 23:00:00;1;2021;1,2;False;IPV799;1;-154,5
2021-03-31 22:00:00;1;2021;1,7;False;IPV799;2;41,7
2021-06-30 22:00:00;1;2021;1,0;False;IPV799;3;-41,2
2021-09-30 22:00:00;1;2021;0,5;False;IPV799;4;-50,0
2021-12-31 23:00:00;1;2022;2,5;False;IPV799;1;400,0
2022-03-31 22:00:00;1;2022;2,1;False;IPV799;2;-16,0
2022-06-30 22:00:00;1;2022;2,6;False;IPV799;3;23,8
2022-09-30 22:00:00;1;2022;-2,2;False;IPV799;4;-184,6
2022-12-31 23:00:00;1;2023;0,6;False;IPV799;1;-127,3
2023-03-31 22:00:00;1;2023;1,6;False;IPV799;2;166,7
2023-06-30 22:00:00;1;2023;2,7;False;IPV799;3;68,8
2023-09-30 22:00:00;1;2023;-1,7;False;IPV799;4;-163,0
2023-12-31 23:00:00;1;2024;2,4;False;IPV799;1;-241,2
2024-03-31 22:00:00;1;2024;3,5;False;IPV799;2;45,8
2024-06-30 22:00:00;1;2024;2,8;False;IPV799;3;-20,0
2024-09-30 22:00:00;1;2024;1,2;False;IPV799;4;-57,1
2024-12-31 23:00:00;1;2025;4,1;False;IPV799;1;241,7
2025-03-31 22:00:00;1;2025;3,9;False;IPV799;2;-4,9
2025-06-30 22:00:00;1;2025;2,7;False;IPV799;3;-30,8
2025-09-30 22:00:00;1;2025;1,4;False;IPV799;4;-48,1
2006-12-31 23:00:00;1;2007;2,3;False;IPV800;1;0,0
2007-03-31 22:00:00;1;2007;5,5;False;IPV800;2;139,1
2007-06-30 22:00:00;1;2007;7,1;False;IPV800;3;29,1
2007-09-30 22:00:00;1;2007;6,8;False;IPV800;4;-4,2
2007-12-31 23:00:00;1;2008;-0,5;False;IPV800;1;-107,4
2008-03-31 22:00:00;1;2008;2,6;False;IPV800;2;-620,0
2008-06-30 22:00:00;1;2008;-0,2;False;IPV800;3;-107,7
2008-09-30 22:00:00;1;2008;-0,5;False;IPV800;4;150,0
2008-12-31 23:00:00;1;2009;-2,8;False;IPV800;1;460,0
2009-03-31 22:00:00;1;2009;-4,2;False;IPV800;2;50,0
2009-06-30 22:00:00;1;2009;-8,2;False;IPV800;3;95,2
2009-09-30 22:00:00;1;2009;-5,9;False;IPV800;4;-28,0
2009-12-31 23:00:00;1;2010;-2,9;False;IPV800;1;-50,8
2010-03-31 22:00:00;1;2010;-2,2;False;IPV800;2;-24,1
2010-06-30 22:00:00;1;2010;-5,2;False;IPV800;3;136,4
2010-09-30 22:00:00;1;2010;-3,3;False;IPV800;4;-36,5
2010-12-31 23:00:00;1;2011;0,7;False;IPV800;1;-121,2
2011-03-31 22:00:00;1;2011;-2,9;False;IPV800;2;-514,3
2011-06-30 22:00:00;1;2011;-6,6;False;IPV800;3;127,6
2011-09-30 22:00:00;1;2011;-11,8;False;IPV800;4;78,8
2011-12-31 23:00:00;1;2012;-7,9;False;IPV800;1;-33,1
2012-03-31 22:00:00;1;2012;-8,6;False;IPV800;2;8,9
2012-06-30 22:00:00;1;2012;-10,6;False;IPV800;3;23,3
2012-09-30 22:00:00;1;2012;-9,9;False;IPV800;4;-6,6
2012-12-31 23:00:00;1;2013;-6,8;False;IPV800;1;-31,3
2013-03-31 22:00:00;1;2013;-3,1;False;IPV800;2;-54,4
2013-06-30 22:00:00;1;2013;-2,2;False;IPV800;3;-29,0
2013-09-30 22:00:00;1;2013;-0,2;False;IPV800;4;-90,9
2013-12-31 23:00:00;1;2014;-0,8;False;IPV800;1;300,0
2014-03-31 22:00:00;1;2014;-3,4;False;IPV800;2;325,0
2014-06-30 22:00:00;1;2014;-1,6;False;IPV800;3;-52,9
2014-09-30 22:00:00;1;2014;0,0;False;IPV800;4;-100,0
2014-12-31 23:00:00;1;2015;2,3;False;IPV800;1;inf
2015-03-31 22:00:00;1;2015;-1,6;False;IPV800;2;-169,6
2015-06-30 22:00:00;1;2015;-1,5;False;IPV800;3;-6,2
2015-09-30 22:00:00;1;2015;2,2;False;IPV800;4;-246,7
2015-12-31 23:00:00;1;2016;0,1;False;IPV800;1;-95,5
2016-03-31 22:00:00;1;2016;2,8;False;IPV800;2;2700,0
2016-06-30 22:00:00;1;2016;3,9;False;IPV800;3;39,3
2016-09-30 22:00:00;1;2016;2,2;False;IPV800;4;-43,6
2016-12-31 23:00:00;1;2017;3,3;False;IPV800;1;50,0
2017-03-31 22:00:00;1;2017;7,8;False;IPV800;2;136,4
2017-06-30 22:00:00;1;2017;10,3;False;IPV800;3;32,1
2017-09-30 22:00:00;1;2017;7,1;False;IPV800;4;-31,1
2017-12-31 23:00:00;1;2018;4,8;False;IPV800;1;-32,4
2018-03-31 22:00:00;1;2018;6,8;False;IPV800;2;41,7
2018-06-30 22:00:00;1;2018;8,4;False;IPV800;3;23,5
2018-09-30 22:00:00;1;2018;8,2;False;IPV800;4;-2,4
2018-12-31 23:00:00;1;2019;6,0;False;IPV800;1;-26,8
2019-03-31 22:00:00;1;2019;4,1;False;IPV800;2;-31,7
2019-06-30 22:00:00;1;2019;8,7;False;IPV800;3;112,2
2019-09-30 22:00:00;1;2019;5,2;False;IPV800;4;-40,2
2019-12-31 23:00:00;1;2020;8,1;False;IPV800;1;55,8
2020-03-31 22:00:00;1;2020;2,3;False;IPV800;2;-71,6
2020-06-30 22:00:00;1;2020;9,8;False;IPV800;3;326,1
2020-09-30 22:00:00;1;2020;10,8;False;IPV800;4;10,2
2020-12-31 23:00:00;1;2021;-0,7;False;IPV800;1;-106,5
2021-03-31 22:00:00;1;2021;-1,0;False;IPV800;2;42,9
2021-06-30 22:00:00;1;2021;-0,4;False;IPV800;3;-60,0
2021-09-30 22:00:00;1;2021;3,0;False;IPV800;4;-850,0
2021-12-31 23:00:00;1;2022;3,6;False;IPV800;1;20,0
2022-03-31 22:00:00;1;2022;3,2;False;IPV800;2;-11,1
2022-06-30 22:00:00;1;2022;3,7;False;IPV800;3;15,6
2022-09-30 22:00:00;1;2022;4,7;False;IPV800;4;27,0
2022-12-31 23:00:00;1;2023;2,6;False;IPV800;1;-44,7
2023-03-31 22:00:00;1;2023;3,5;False;IPV800;2;34,6
2023-06-30 22:00:00;1;2023;7,7;False;IPV800;3;120,0
2023-09-30 22:00:00;1;2023;7,0;False;IPV800;4;-9,1
2023-12-31 23:00:00;1;2024;7,7;False;IPV800;1;10,0
2024-03-31 22:00:00;1;2024;11,5;False;IPV800;2;49,4
2024-06-30 22:00:00;1;2024;15,0;False;IPV800;3;30,4
2024-09-30 22:00:00;1;2024;12,6;False;IPV800;4;-16,0
2024-12-31 23:00:00;1;2025;9,5;False;IPV800;1;-24,6
2025-03-31 22:00:00;1;2025;10,8;False;IPV800;2;13,7
2025-06-30 22:00:00;1;2025;10,3;False;IPV800;3;-4,6
2025-09-30 22:00:00;1;2025;10,4;False;IPV800;4;1,0
2006-12-31 23:00:00;1;2007;11,2;False;IPV801;1;0,0
2007-03-31 22:00:00;1;2007;11,1;False;IPV801;2;-0,9
2007-06-30 22:00:00;1;2007;9,1;False;IPV801;3;-18,0
2007-09-30 22:00:00;1;2007;6,8;False;IPV801;4;-25,3
2007-12-31 23:00:00;1;2008;3,8;False;IPV801;1;-44,1
2008-03-31 22:00:00;1;2008;4,0;False;IPV801;2;5,3
2008-06-30 22:00:00;1;2008;-0,4;False;IPV801;3;-110,0
2008-09-30 22:00:00;1;2008;-0,5;False;IPV801;4;25,0
2008-12-31 23:00:00;1;2009;-2,7;False;IPV801;1;440,0
2009-03-31 22:00:00;1;2009;-7,2;False;IPV801;2;166,7
2009-06-30 22:00:00;1;2009;-8,5;False;IPV801;3;18,1
2009-09-30 22:00:00;1;2009;-5,9;False;IPV801;4;-30,6
2009-12-31 23:00:00;1;2010;-6,1;False;IPV801;1;3,4
2010-03-31 22:00:00;1;2010;-3,9;False;IPV801;2;-36,1
2010-06-30 22:00:00;1;2010;-2,9;False;IPV801;3;-25,6
2010-09-30 22:00:00;1;2010;-3,3;False;IPV801;4;13,8
2010-12-31 23:00:00;1;2011;0,2;False;IPV801;1;-106,1
2011-03-31 22:00:00;1;2011;-4,1;False;IPV801;2;-2150,0
2011-06-30 22:00:00;1;2011;-4,7;False;IPV801;3;14,6
2011-09-30 22:00:00;1;2011;-11,8;False;IPV801;4;151,1
2011-12-31 23:00:00;1;2012;-19,3;False;IPV801;1;63,6
2012-03-31 22:00:00;1;2012;-16,9;False;IPV801;2;-12,4
2012-06-30 22:00:00;1;2012;-15,6;False;IPV801;3;-7,7
2012-09-30 22:00:00;1;2012;-9,9;False;IPV801;4;-36,5
2012-12-31 23:00:00;1;2013;-8,9;False;IPV801;1;-10,1
2013-03-31 22:00:00;1;2013;-4,5;False;IPV801;2;-49,4
2013-06-30 22:00:00;1;2013;-1,4;False;IPV801;3;-68,9
2013-09-30 22:00:00;1;2013;-0,2;False;IPV801;4;-85,7
2013-12-31 23:00:00;1;2014;6,3;False;IPV801;1;-3250,0
2014-03-31 22:00:00;1;2014;-0,5;False;IPV801;2;-107,9
2014-06-30 22:00:00;1;2014;0,4;False;IPV801;3;-180,0
2014-09-30 22:00:00;1;2014;0,0;False;IPV801;4;-100,0
2014-12-31 23:00:00;1;2015;3,2;False;IPV801;1;inf
2015-03-31 22:00:00;1;2015;1,9;False;IPV801;2;-40,6
2015-06-30 22:00:00;1;2015;0,2;False;IPV801;3;-89,5
2015-09-30 22:00:00;1;2015;2,2;False;IPV801;4;1000,0
2015-12-31 23:00:00;1;2016;0,0;False;IPV801;1;-100,0
2016-03-31 22:00:00;1;2016;6,7;False;IPV801;2;inf
2016-06-30 22:00:00;1;2016;7,8;False;IPV801;3;16,4
2016-09-30 22:00:00;1;2016;2,2;False;IPV801;4;-71,8
2016-12-31 23:00:00;1;2017;5,4;False;IPV801;1;145,5
2017-03-31 22:00:00;1;2017;7,1;False;IPV801;2;31,5
2017-06-30 22:00:00;1;2017;8,4;False;IPV801;3;18,3
2017-09-30 22:00:00;1;2017;7,1;False;IPV801;4;-15,5
2017-12-31 23:00:00;1;2018;8,7;False;IPV801;1;22,5
2018-03-31 22:00:00;1;2018;6,2;False;IPV801;2;-28,7
2018-06-30 22:00:00;1;2018;5,2;False;IPV801;3;-16,1
2018-09-30 22:00:00;1;2018;8,2;False;IPV801;4;57,7
2018-12-31 23:00:00;1;2019;9,4;False;IPV801;1;14,6
2019-03-31 22:00:00;1;2019;5,4;False;IPV801;2;-42,6
2019-06-30 22:00:00;1;2019;8,5;False;IPV801;3;57,4
2019-09-30 22:00:00;1;2019;5,2;False;IPV801;4;-38,8
2019-12-31 23:00:00;1;2020;7,2;False;IPV801;1;38,5
2020-03-31 22:00:00;1;2020;3,3;False;IPV801;2;-54,2
2020-06-30 22:00:00;1;2020;6,3;False;IPV801;3;90,9
2020-09-30 22:00:00;1;2020;10,8;False;IPV801;4;71,4
2020-12-31 23:00:00;1;2021;1,8;False;IPV801;1;-83,3
2021-03-31 22:00:00;1;2021;7,2;False;IPV801;2;300,0
2021-06-30 22:00:00;1;2021;0,5;False;IPV801;3;-93,1
2021-09-30 22:00:00;1;2021;3,0;False;IPV801;4;500,0
2021-12-31 23:00:00;1;2022;7,5;False;IPV801;1;150,0
2022-03-31 22:00:00;1;2022;7,4;False;IPV801;2;-1,3
2022-06-30 22:00:00;1;2022;7,3;False;IPV801;3;-1,4
2022-09-30 22:00:00;1;2022;4,7;False;IPV801;4;-35,6
2022-12-31 23:00:00;1;2023;3,8;False;IPV801;1;-19,1
2023-03-31 22:00:00;1;2023;5,1;False;IPV801;2;34,2
2023-06-30 22:00:00;1;2023;8,7;False;IPV801;3;70,6
2023-09-30 22:00:00;1;2023;7,0;False;IPV801;4;-19,5
2023-12-31 23:00:00;1;2024;12,3;False;IPV801;1;75,7
2024-03-31 22:00:00;1;2024;15,2;False;IPV801;2;23,6
2024-06-30 22:00:00;1;2024;14,3;False;IPV801;3;-5,9
2024-09-30 22:00:00;1;2024;12,6;False;IPV801;4;-11,9
2024-12-31 23:00:00;1;2025;14,4;False;IPV801;1;14,3
2025-03-31 22:00:00;1;2025;11,9;False;IPV801;2;-17,4
2025-06-30 22:00:00;1;2025;8,0;False;IPV801;3;-32,8
2025-09-30 22:00:00;1;2025;10,4;False;IPV801;4;30,0
2006-12-31 23:00:00;1;2007;2,3;False;IPV802;1;0,0
2007-03-31 22:00:00;1;2007;3,1;False;IPV802;2;34,8
2007-06-30 22:00:00;1;2007;1,5;False;IPV802;3;-51,6
2007-09-30 22:00:00;1;2007;-0,2;False;IPV802;4;-113,3
2007-12-31 23:00:00;1;2008;-0,5;False;IPV802;1;150,0
2008-03-31 22:00:00;1;2008;3,2;False;IPV802;2;-740,0
2008-06-30 22:00:00;1;2008;-2,8;False;IPV802;3;-187,5
2008-09-30 22:00:00;1;2008;-0,3;False;IPV802;4;-89,3
2008-12-31 23:00:00;1;2009;-2,8;False;IPV802;1;833,3
2009-03-31 22:00:00;1;2009;-1,5;False;IPV802;2;-46,4
2009-06-30 22:00:00;1;2009;-4,2;False;IPV802;3;180,0
2009-09-30 22:00:00;1;2009;2,5;False;IPV802;4;-159,5
2009-12-31 23:00:00;1;2010;-2,9;False;IPV802;1;-216,0
2010-03-31 22:00:00;1;2010;0,7;False;IPV802;2;-124,1
2010-06-30 22:00:00;1;2010;-3,1;False;IPV802;3;-542,9
2010-09-30 22:00:00;1;2010;2,0;False;IPV802;4;-164,5
2010-12-31 23:00:00;1;2011;0,7;False;IPV802;1;-65,0
2011-03-31 22:00:00;1;2011;-3,6;False;IPV802;2;-614,3
2011-06-30 22:00:00;1;2011;-3,8;False;IPV802;3;5,6
2011-09-30 22:00:00;1;2011;-5,5;False;IPV802;4;44,7
2011-12-31 23:00:00;1;2012;-7,9;False;IPV802;1;43,6
2012-03-31 22:00:00;1;2012;-0,8;False;IPV802;2;-89,9
2012-06-30 22:00:00;1;2012;-2,2;False;IPV802;3;175,0
2012-09-30 22:00:00;1;2012;0,8;False;IPV802;4;-136,4
2012-12-31 23:00:00;1;2013;-6,8;False;IPV802;1;-950,0
2013-03-31 22:00:00;1;2013;4,0;False;IPV802;2;-158,8
2013-06-30 22:00:00;1;2013;0,9;False;IPV802;3;-77,5
2013-09-30 22:00:00;1;2013;2,1;False;IPV802;4;133,3
2013-12-31 23:00:00;1;2014;-0,8;False;IPV802;1;-138,1
2014-03-31 22:00:00;1;2014;-2,6;False;IPV802;2;225,0
2014-06-30 22:00:00;1;2014;1,8;False;IPV802;3;-169,2
2014-09-30 22:00:00;1;2014;1,7;False;IPV802;4;-5,6
2014-12-31 23:00:00;1;2015;2,3;False;IPV802;1;35,3
2015-03-31 22:00:00;1;2015;-3,8;False;IPV802;2;-265,2
2015-06-30 22:00:00;1;2015;0,1;False;IPV802;3;-102,6
2015-09-30 22:00:00;1;2015;3,7;False;IPV802;4;3600,0
2015-12-31 23:00:00;1;2016;0,1;False;IPV802;1;-97,3
2016-03-31 22:00:00;1;2016;2,6;False;IPV802;2;2500,0
2016-06-30 22:00:00;1;2016;1,1;False;IPV802;3;-57,7
2016-09-30 22:00:00;1;2016;-1,7;False;IPV802;4;-254,5
2016-12-31 23:00:00;1;2017;3,3;False;IPV802;1;-294,1
2017-03-31 22:00:00;1;2017;4,3;False;IPV802;2;30,3
2017-06-30 22:00:00;1;2017;2,4;False;IPV802;3;-44,2
2017-09-30 22:00:00;1;2017;-2,9;False;IPV802;4;-220,8
2017-12-31 23:00:00;1;2018;4,8;False;IPV802;1;-265,5
2018-03-31 22:00:00;1;2018;1,9;False;IPV802;2;-60,4
2018-06-30 22:00:00;1;2018;1,5;False;IPV802;3;-21,1
2018-09-30 22:00:00;1;2018;-0,2;False;IPV802;4;-113,3
2018-12-31 23:00:00;1;2019;6,0;False;IPV802;1;-3100,0
2019-03-31 22:00:00;1;2019;-1,8;False;IPV802;2;-130,0
2019-06-30 22:00:00;1;2019;4,4;False;IPV802;3;-344,4
2019-09-30 22:00:00;1;2019;-3,2;False;IPV802;4;-172,7
2019-12-31 23:00:00;1;2020;8,1;False;IPV802;1;-353,1
2020-03-31 22:00:00;1;2020;-5,4;False;IPV802;2;-166,7
2020-06-30 22:00:00;1;2020;7,4;False;IPV802;3;-237,0
2020-09-30 22:00:00;1;2020;0,9;False;IPV802;4;-87,8
2020-12-31 23:00:00;1;2021;-0,7;False;IPV802;1;-177,8
2021-03-31 22:00:00;1;2021;-0,3;False;IPV802;2;-57,1
2021-06-30 22:00:00;1;2021;0,7;False;IPV802;3;-333,3
2021-09-30 22:00:00;1;2021;3,4;False;IPV802;4;385,7
2021-12-31 23:00:00;1;2022;3,6;False;IPV802;1;5,9
2022-03-31 22:00:00;1;2022;-0,4;False;IPV802;2;-111,1
2022-06-30 22:00:00;1;2022;0,6;False;IPV802;3;-250,0
2022-09-30 22:00:00;1;2022;1,0;False;IPV802;4;66,7
2022-12-31 23:00:00;1;2023;2,6;False;IPV802;1;160,0
2023-03-31 22:00:00;1;2023;0,9;False;IPV802;2;-65,4
2023-06-30 22:00:00;1;2023;4,0;False;IPV802;3;344,4
2023-09-30 22:00:00;1;2023;-0,6;False;IPV802;4;-115,0
2023-12-31 23:00:00;1;2024;7,7;False;IPV802;1;-1383,3
2024-03-31 22:00:00;1;2024;3,5;False;IPV802;2;-54,5
2024-06-30 22:00:00;1;2024;3,1;False;IPV802;3;-11,4
2024-09-30 22:00:00;1;2024;-2,1;False;IPV802;4;-167,7
2024-12-31 23:00:00;1;2025;9,5;False;IPV802;1;-552,4
2025-03-31 22:00:00;1;2025;1,2;False;IPV802;2;-87,4
2025-06-30 22:00:00;1;2025;-0,5;False;IPV802;3;-141,7
2025-09-30 22:00:00;1;2025;0,1;False;IPV802;4;-120,0
2006-12-31 23:00:00;1;2007;1,5;False;IPV803;1;0,0
2007-03-31 22:00:00;1;2007;4,3;False;IPV803;2;186,7
2007-06-30 22:00:00;1;2007;5,2;False;IPV803;3;20,9
2007-09-30 22:00:00;1;2007;4,1;False;IPV803;4;-21,2
2007-12-31 23:00:00;1;2008;-1,0;False;IPV803;1;-124,4
2008-03-31 22:00:00;1;2008;-1,1;False;IPV803;2;10,0
2008-06-30 22:00:00;1;2008;-5,4;False;IPV803;3;390,9
2008-09-30 22:00:00;1;2008;-8,0;False;IPV803;4;48,1
2008-12-31 23:00:00;1;2009;-4,0;False;IPV803;1;-50,0
2009-03-31 22:00:00;1;2009;-6,0;False;IPV803;2;50,0
2009-06-30 22:00:00;1;2009;-7,8;False;IPV803;3;30,0
2009-09-30 22:00:00;1;2009;-7,1;False;IPV803;4;-9,0
2009-12-31 23:00:00;1;2010;-0,8;False;IPV803;1;-88,7
2010-03-31 22:00:00;1;2010;0,6;False;IPV803;2;-175,0
2010-06-30 22:00:00;1;2010;-1,4;False;IPV803;3;-333,3
2010-09-30 22:00:00;1;2010;-1,4;False;IPV803;4;0,0
2010-12-31 23:00:00;1;2011;-2,6;False;IPV803;1;85,7
2011-03-31 22:00:00;1;2011;-4,8;False;IPV803;2;84,6
2011-06-30 22:00:00;1;2011;-8,7;False;IPV803;3;81,2
2011-09-30 22:00:00;1;2011;-12,2;False;IPV803;4;40,2
2011-12-31 23:00:00;1;2012;-7,0;False;IPV803;1;-42,6
2012-03-31 22:00:00;1;2012;-8,5;False;IPV803;2;21,4
2012-06-30 22:00:00;1;2012;-12,0;False;IPV803;3;41,2
2012-09-30 22:00:00;1;2012;-13,3;False;IPV803;4;10,8
2012-12-31 23:00:00;1;2013;-6,7;False;IPV803;1;-49,6
2013-03-31 22:00:00;1;2013;-4,9;False;IPV803;2;-26,9
2013-06-30 22:00:00;1;2013;-3,6;False;IPV803;3;-26,5
2013-09-30 22:00:00;1;2013;-5,3;False;IPV803;4;47,2
2013-12-31 23:00:00;1;2014;-0,1;False;IPV803;1;-98,1
2014-03-31 22:00:00;1;2014;-0,9;False;IPV803;2;800,0
2014-06-30 22:00:00;1;2014;-0,1;False;IPV803;3;-88,9
2014-09-30 22:00:00;1;2014;0,0;False;IPV803;4;-100,0
2014-12-31 23:00:00;1;2015;-0,7;False;IPV803;1;-inf
2015-03-31 22:00:00;1;2015;1,0;False;IPV803;2;-242,9
2015-06-30 22:00:00;1;2015;0,9;False;IPV803;3;-10,0
2015-09-30 22:00:00;1;2015;1,7;False;IPV803;4;88,9
2015-12-31 23:00:00;1;2016;0,4;False;IPV803;1;-76,5
2016-03-31 22:00:00;1;2016;2,1;False;IPV803;2;425,0
2016-06-30 22:00:00;1;2016;2,8;False;IPV803;3;33,3
2016-09-30 22:00:00;1;2016;1,2;False;IPV803;4;-57,1
2016-12-31 23:00:00;1;2017;2,5;False;IPV803;1;108,3
2017-03-31 22:00:00;1;2017;5,5;False;IPV803;2;120,0
2017-06-30 22:00:00;1;2017;7,5;False;IPV803;3;36,4
2017-09-30 22:00:00;1;2017;7,1;False;IPV803;4;-5,3
2017-12-31 23:00:00;1;2018;1,6;False;IPV803;1;-77,5
2018-03-31 22:00:00;1;2018;4,2;False;IPV803;2;162,5
2018-06-30 22:00:00;1;2018;5,2;False;IPV803;3;23,8
2018-09-30 22:00:00;1;2018;5,0;False;IPV803;4;-3,8
2018-12-31 23:00:00;1;2019;2,3;False;IPV803;1;-54,0
2019-03-31 22:00:00;1;2019;3,0;False;IPV803;2;30,4
2019-06-30 22:00:00;1;2019;5,0;False;IPV803;3;66,7
2019-09-30 22:00:00;1;2019;2,9;False;IPV803;4;-42,0
2019-12-31 23:00:00;1;2020;2,7;False;IPV803;1;-6,9
2020-03-31 22:00:00;1;2020;1,7;False;IPV803;2;-37,0
2020-06-30 22:00:00;1;2020;3,9;False;IPV803;3;129,4
2020-09-30 22:00:00;1;2020;2,2;False;IPV803;4;-43,6
2020-12-31 23:00:00;1;2021;0,8;False;IPV803;1;-63,6
2021-03-31 22:00:00;1;2021;2,1;False;IPV803;2;162,5
2021-06-30 22:00:00;1;2021;3,0;False;IPV803;3;42,9
2021-09-30 22:00:00;1;2021;4,2;False;IPV803;4;40,0
2021-12-31 23:00:00;1;2022;2,7;False;IPV803;1;-35,7
2022-03-31 22:00:00;1;2022;4,3;False;IPV803;2;59,3
2022-06-30 22:00:00;1;2022;6,6;False;IPV803;3;53,5
2022-09-30 22:00:00;1;2022;4,9;False;IPV803;4;-25,8
2022-12-31 23:00:00;1;2023;0,9;False;IPV803;1;-81,6
2023-03-31 22:00:00;1;2023;2,4;False;IPV803;2;166,7
2023-06-30 22:00:00;1;2023;5,4;False;IPV803;3;125,0
2023-09-30 22:00:00;1;2023;3,9;False;IPV803;4;-27,8
2023-12-31 23:00:00;1;2024;3,4;False;IPV803;1;-12,8
2024-03-31 22:00:00;1;2024;6,9;False;IPV803;2;102,9
2024-06-30 22:00:00;1;2024;10,0;False;IPV803;3;44,9
2024-09-30 22:00:00;1;2024;10,7;False;IPV803;4;7,0
2024-12-31 23:00:00;1;2025;5,0;False;IPV803;1;-53,3
2025-03-31 22:00:00;1;2025;8,6;False;IPV803;2;72,0
2025-06-30 22:00:00;1;2025;11,0;False;IPV803;3;27,9
2025-09-30 22:00:00;1;2025;12,3;False;IPV803;4;11,8
2006-12-31 23:00:00;1;2007;12,2;False;IPV804;1;0,0
2007-03-31 22:00:00;1;2007;9,1;False;IPV804;2;-25,4
2007-06-30 22:00:00;1;2007;8,0;False;IPV804;3;-12,1
2007-09-30 22:00:00;1;2007;4,1;False;IPV804;4;-48,8
2007-12-31 23:00:00;1;2008;1,5;False;IPV804;1;-63,4
2008-03-31 22:00:00;1;2008;-1,2;False;IPV804;2;-180,0
2008-06-30 22:00:00;1;2008;-6,3;False;IPV804;3;425,0
2008-09-30 22:00:00;1;2008;-8,0;False;IPV804;4;27,0
2008-12-31 23:00:00;1;2009;-10,8;False;IPV804;1;35,0
2009-03-31 22:00:00;1;2009;-12,6;False;IPV804;2;16,7
2009-06-30 22:00:00;1;2009;-10,4;False;IPV804;3;-17,5
2009-09-30 22:00:00;1;2009;-7,1;False;IPV804;4;-31,7
2009-12-31 23:00:00;1;2010;-3,9;False;IPV804;1;-45,1
2010-03-31 22:00:00;1;2010;-0,5;False;IPV804;2;-87,2
2010-06-30 22:00:00;1;2010;-0,6;False;IPV804;3;20,0
2010-09-30 22:00:00;1;2010;-1,4;False;IPV804;4;133,3
2010-12-31 23:00:00;1;2011;-3,2;False;IPV804;1;128,6
2011-03-31 22:00:00;1;2011;-6,7;False;IPV804;2;109,4
2011-06-30 22:00:00;1;2011;-8,7;False;IPV804;3;29,9
2011-09-30 22:00:00;1;2011;-12,2;False;IPV804;4;40,2
2011-12-31 23:00:00;1;2012;-16,2;False;IPV804;1;32,8
2012-03-31 22:00:00;1;2012;-15,6;False;IPV804;2;-3,7
2012-06-30 22:00:00;1;2012;-15,3;False;IPV804;3;-1,9
2012-09-30 22:00:00;1;2012;-13,3;False;IPV804;4;-13,1
2012-12-31 23:00:00;1;2013;-12,9;False;IPV804;1;-3,0
2013-03-31 22:00:00;1;2013;-9,8;False;IPV804;2;-24,0
2013-06-30 22:00:00;1;2013;-5,0;False;IPV804;3;-49,0
2013-09-30 22:00:00;1;2013;-5,3;False;IPV804;4;6,0
2013-12-31 23:00:00;1;2014;1,4;False;IPV804;1;-126,4
2014-03-31 22:00:00;1;2014;-1,4;False;IPV804;2;-200,0
2014-06-30 22:00:00;1;2014;-1,9;False;IPV804;3;35,7
2014-09-30 22:00:00;1;2014;0,0;False;IPV804;4;-100,0
2014-12-31 23:00:00;1;2015;-0,7;False;IPV804;1;-inf
2015-03-31 22:00:00;1;2015;1,9;False;IPV804;2;-371,4
2015-06-30 22:00:00;1;2015;1,0;False;IPV804;3;-47,4
2015-09-30 22:00:00;1;2015;1,7;False;IPV804;4;70,0
2015-12-31 23:00:00;1;2016;2,8;False;IPV804;1;64,7
2016-03-31 22:00:00;1;2016;2,8;False;IPV804;2;0,0
2016-06-30 22:00:00;1;2016;3,5;False;IPV804;3;25,0
2016-09-30 22:00:00;1;2016;1,2;False;IPV804;4;-65,7
2016-12-31 23:00:00;1;2017;3,3;False;IPV804;1;175,0
2017-03-31 22:00:00;1;2017;4,5;False;IPV804;2;36,4
2017-06-30 22:00:00;1;2017;5,8;False;IPV804;3;28,9
2017-09-30 22:00:00;1;2017;7,1;False;IPV804;4;22,4
2017-12-31 23:00:00;1;2018;6,1;False;IPV804;1;-14,1
2018-03-31 22:00:00;1;2018;5,8;False;IPV804;2;-4,9
2018-06-30 22:00:00;1;2018;4,8;False;IPV804;3;-17,2
2018-09-30 22:00:00;1;2018;5,0;False;IPV804;4;4,2
2018-12-31 23:00:00;1;2019;5,8;False;IPV804;1;16,0
2019-03-31 22:00:00;1;2019;3,9;False;IPV804;2;-32,8
2019-06-30 22:00:00;1;2019;4,8;False;IPV804;3;23,1
2019-09-30 22:00:00;1;2019;2,9;False;IPV804;4;-39,6
2019-12-31 23:00:00;1;2020;3,4;False;IPV804;1;17,2
2020-03-31 22:00:00;1;2020;1,6;False;IPV804;2;-52,9
2020-06-30 22:00:00;1;2020;1,9;False;IPV804;3;18,7
2020-09-30 22:00:00;1;2020;2,2;False;IPV804;4;15,8
2020-12-31 23:00:00;1;2021;0,2;False;IPV804;1;-90,9
2021-03-31 22:00:00;1;2021;2,6;False;IPV804;2;1200,0
2021-06-30 22:00:00;1;2021;1,4;False;IPV804;3;-46,2
2021-09-30 22:00:00;1;2021;4,2;False;IPV804;4;200,0
2021-12-31 23:00:00;1;2022;6,3;False;IPV804;1;50,0
2022-03-31 22:00:00;1;2022;6,5;False;IPV804;2;3,2
2022-06-30 22:00:00;1;2022;7,8;False;IPV804;3;20,0
2022-09-30 22:00:00;1;2022;4,9;False;IPV804;4;-37,2
2022-12-31 23:00:00;1;2023;3,1;False;IPV804;1;-36,7
2023-03-31 22:00:00;1;2023;3,0;False;IPV804;2;-3,2
2023-06-30 22:00:00;1;2023;3,8;False;IPV804;3;26,7
2023-09-30 22:00:00;1;2023;3,9;False;IPV804;4;2,6
2023-12-31 23:00:00;1;2024;6,4;False;IPV804;1;64,1
2024-03-31 22:00:00;1;2024;8,5;False;IPV804;2;32,8
2024-06-30 22:00:00;1;2024;8,4;False;IPV804;3;-1,2
2024-09-30 22:00:00;1;2024;10,7;False;IPV804;4;27,4
2024-12-31 23:00:00;1;2025;12,4;False;IPV804;1;15,9
2025-03-31 22:00:00;1;2025;12,4;False;IPV804;2;0,0
2025-06-30 22:00:00;1;2025;11,6;False;IPV804;3;-6,5
2025-09-30 22:00:00;1;2025;12,3;False;IPV804;4;6,0
2006-12-31 23:00:00;1;2007;1,5;False;IPV805;1;0,0
2007-03-31 22:00:00;1;2007;2,8;False;IPV805;2;86,7
2007-06-30 22:00:00;1;2007;0,9;False;IPV805;3;-67,9
2007-09-30 22:00:00;1;2007;-1,0;False;IPV805;4;-211,1
2007-12-31 23:00:00;1;2008;-1,0;False;IPV805;1;0,0
2008-03-31 22:00:00;1;2008;0,0;False;IPV805;2;-100,0
2008-06-30 22:00:00;1;2008;-4,3;False;IPV805;3;-inf
2008-09-30 22:00:00;1;2008;-2,8;False;IPV805;4;-34,9
2008-12-31 23:00:00;1;2009;-4,0;False;IPV805;1;42,9
2009-03-31 22:00:00;1;2009;-2,0;False;IPV805;2;-50,0
2009-06-30 22:00:00;1;2009;-2,0;False;IPV805;3;0,0
2009-09-30 22:00:00;1;2009;0,8;False;IPV805;4;-140,0
2009-12-31 23:00:00;1;2010;-0,8;False;IPV805;1;-200,0
2010-03-31 22:00:00;1;2010;1,4;False;IPV805;2;-275,0
2010-06-30 22:00:00;1;2010;-2,1;False;IPV805;3;-250,0
2010-09-30 22:00:00;1;2010;0,1;False;IPV805;4;-104,8
2010-12-31 23:00:00;1;2011;-2,6;False;IPV805;1;-2700,0
2011-03-31 22:00:00;1;2011;-2,3;False;IPV805;2;-11,5
2011-06-30 22:00:00;1;2011;-4,1;False;IPV805;3;78,3
2011-09-30 22:00:00;1;2011;-3,8;False;IPV805;4;-7,3
2011-12-31 23:00:00;1;2012;-7,0;False;IPV805;1;84,2
2012-03-31 22:00:00;1;2012;-1,6;False;IPV805;2;-77,1
2012-06-30 22:00:00;1;2012;-3,8;False;IPV805;3;137,5
2012-09-30 22:00:00;1;2012;-1,4;False;IPV805;4;-63,2
2012-12-31 23:00:00;1;2013;-6,7;False;IPV805;1;378,6
2013-03-31 22:00:00;1;2013;1,9;False;IPV805;2;-128,4
2013-06-30 22:00:00;1;2013;1,4;False;IPV805;3;-26,3
2013-09-30 22:00:00;1;2013;-1,8;False;IPV805;4;-228,6
2013-12-31 23:00:00;1;2014;-0,1;False;IPV805;1;-94,4
2014-03-31 22:00:00;1;2014;-0,9;False;IPV805;2;800,0
2014-06-30 22:00:00;1;2014;0,8;False;IPV805;3;-188,9
2014-09-30 22:00:00;1;2014;0,1;False;IPV805;4;-87,5
2014-12-31 23:00:00;1;2015;-0,7;False;IPV805;1;-800,0
2015-03-31 22:00:00;1;2015;1,7;False;IPV805;2;-342,9
2015-06-30 22:00:00;1;2015;0,0;False;IPV805;3;-100,0
2015-09-30 22:00:00;1;2015;0,7;False;IPV805;4;inf
2015-12-31 23:00:00;1;2016;0,4;False;IPV805;1;-42,9
2016-03-31 22:00:00;1;2016;1,6;False;IPV805;2;300,0
2016-06-30 22:00:00;1;2016;0,7;False;IPV805;3;-56,2
2016-09-30 22:00:00;1;2016;-1,6;False;IPV805;4;-328,6
2016-12-31 23:00:00;1;2017;2,5;False;IPV805;1;-256,2
2017-03-31 22:00:00;1;2017;2,9;False;IPV805;2;16,0
2017-06-30 22:00:00;1;2017;1,9;False;IPV805;3;-34,5
2017-09-30 22:00:00;1;2017;-0,3;False;IPV805;4;-115,8
2017-12-31 23:00:00;1;2018;1,6;False;IPV805;1;-633,3
2018-03-31 22:00:00;1;2018;2,6;False;IPV805;2;62,5
2018-06-30 22:00:00;1;2018;1,0;False;IPV805;3;-61,5
2018-09-30 22:00:00;1;2018;-0,1;False;IPV805;4;-110,0
2018-12-31 23:00:00;1;2019;2,3;False;IPV805;1;-2400,0
2019-03-31 22:00:00;1;2019;0,7;False;IPV805;2;-69,6
2019-06-30 22:00:00;1;2019;1,9;False;IPV805;3;171,4
2019-09-30 22:00:00;1;2019;-1,9;False;IPV805;4;-200,0
2019-12-31 23:00:00;1;2020;2,7;False;IPV805;1;-242,1
2020-03-31 22:00:00;1;2020;-1,0;False;IPV805;2;-137,0
2020-06-30 22:00:00;1;2020;2,1;False;IPV805;3;-310,0
2020-09-30 22:00:00;1;2020;-1,6;False;IPV805;4;-176,2
2020-12-31 23:00:00;1;2021;0,8;False;IPV805;1;-150,0
2021-03-31 22:00:00;1;2021;1,3;False;IPV805;2;62,5
2021-06-30 22:00:00;1;2021;0,9;False;IPV805;3;-30,8
2021-09-30 22:00:00;1;2021;1,2;False;IPV805;4;33,3
2021-12-31 23:00:00;1;2022;2,7;False;IPV805;1;125,0
2022-03-31 22:00:00;1;2022;1,5;False;IPV805;2;-44,4
2022-06-30 22:00:00;1;2022;2,2;False;IPV805;3;46,7
2022-09-30 22:00:00;1;2022;-1,6;False;IPV805;4;-172,7
2022-12-31 23:00:00;1;2023;0,9;False;IPV805;1;-156,2
2023-03-31 22:00:00;1;2023;1,5;False;IPV805;2;66,7
2023-06-30 22:00:00;1;2023;3,0;False;IPV805;3;100,0
2023-09-30 22:00:00;1;2023;-1,5;False;IPV805;4;-150,0
2023-12-31 23:00:00;1;2024;3,4;False;IPV805;1;-326,7
2024-03-31 22:00:00;1;2024;3,5;False;IPV805;2;2,9
2024-06-30 22:00:00;1;2024;2,9;False;IPV805;3;-17,1
2024-09-30 22:00:00;1;2024;0,6;False;IPV805;4;-79,3
2024-12-31 23:00:00;1;2025;5,0;False;IPV805;1;733,3
2025-03-31 22:00:00;1;2025;3,5;False;IPV805;2;-30,0
2025-06-30 22:00:00;1;2025;2,2;False;IPV805;3;-37,1
2025-09-30 22:00:00;1;2025;1,2;False;IPV805;4;-45,5
2006-12-31 23:00:00;1;2007;0,1;False;IPV806;1;0,0
2007-03-31 22:00:00;1;2007;0,4;False;IPV806;2;300,0
2007-06-30 22:00:00;1;2007;2,5;False;IPV806;3;525,0
2007-09-30 22:00:00;1;2007;-2,3;False;IPV806;4;-192,0
2007-12-31 23:00:00;1;2008;-0,5;False;IPV806;1;-78,3
2008-03-31 22:00:00;1;2008;-2,3;False;IPV806;2;360,0
2008-06-30 22:00:00;1;2008;-7,9;False;IPV806;3;243,5
2008-09-30 22:00:00;1;2008;-12,3;False;IPV806;4;55,7
2008-12-31 23:00:00;1;2009;-6,1;False;IPV806;1;-50,4
2009-03-31 22:00:00;1;2009;-6,7;False;IPV806;2;9,8
2009-06-30 22:00:00;1;2009;-8,1;False;IPV806;3;20,9
2009-09-30 22:00:00;1;2009;-7,6;False;IPV806;4;-6,2
2009-12-31 23:00:00;1;2010;-1,5;False;IPV806;1;-80,3
2010-03-31 22:00:00;1;2010;-0,5;False;IPV806;2;-66,7
2010-06-30 22:00:00;1;2010;-4,2;False;IPV806;3;740,0
2010-09-30 22:00:00;1;2010;-4,1;False;IPV806;4;-2,4
2010-12-31 23:00:00;1;2011;-6,1;False;IPV806;1;48,8
2011-03-31 22:00:00;1;2011;-5,9;False;IPV806;2;-3,3
2011-06-30 22:00:00;1;2011;-9,3;False;IPV806;3;57,6
2011-09-30 22:00:00;1;2011;-12,7;False;IPV806;4;36,6
2011-12-31 23:00:00;1;2012;-8,8;False;IPV806;1;-30,7
2012-03-31 22:00:00;1;2012;-9,3;False;IPV806;2;5,7
2012-06-30 22:00:00;1;2012;-12,6;False;IPV806;3;35,5
2012-09-30 22:00:00;1;2012;-14,4;False;IPV806;4;14,3
2012-12-31 23:00:00;1;2013;-7,5;False;IPV806;1;-47,9
2013-03-31 22:00:00;1;2013;-6,5;False;IPV806;2;-13,3
2013-06-30 22:00:00;1;2013;-9,5;False;IPV806;3;46,2
2013-09-30 22:00:00;1;2013;-11,1;False;IPV806;4;16,8
2013-12-31 23:00:00;1;2014;-3,0;False;IPV806;1;-73,0
2014-03-31 22:00:00;1;2014;-2,1;False;IPV806;2;-30,0
2014-06-30 22:00:00;1;2014;-4,9;False;IPV806;3;133,3
2014-09-30 22:00:00;1;2014;-4,1;False;IPV806;4;-16,3
2014-12-31 23:00:00;1;2015;-1,6;False;IPV806;1;-61,0
2015-03-31 22:00:00;1;2015;1,3;False;IPV806;2;-181,2
2015-06-30 22:00:00;1;2015;0,9;False;IPV806;3;-30,8
2015-09-30 22:00:00;1;2015;0,0;False;IPV806;4;-100,0
2015-12-31 23:00:00;1;2016;0,3;False;IPV806;1;inf
2016-03-31 22:00:00;1;2016;0,3;False;IPV806;2;0,0
2016-06-30 22:00:00;1;2016;1,3;False;IPV806;3;333,3
2016-09-30 22:00:00;1;2016;1,7;False;IPV806;4;30,8
2016-12-31 23:00:00;1;2017;0,6;False;IPV806;1;-64,7
2017-03-31 22:00:00;1;2017;1,6;False;IPV806;2;166,7
2017-06-30 22:00:00;1;2017;2,1;False;IPV806;3;31,2
2017-09-30 22:00:00;1;2017;2,0;False;IPV806;4;-4,8
2017-12-31 23:00:00;1;2018;0,5;False;IPV806;1;-75,0
2018-03-31 22:00:00;1;2018;3,2;False;IPV806;2;540,0
2018-06-30 22:00:00;1;2018;4,1;False;IPV806;3;28,1
2018-09-30 22:00:00;1;2018;2,4;False;IPV806;4;-41,5
2018-12-31 23:00:00;1;2019;1,0;False;IPV806;1;-58,3
2019-03-31 22:00:00;1;2019;3,5;False;IPV806;2;250,0
2019-06-30 22:00:00;1;2019;4,2;False;IPV806;3;20,0
2019-09-30 22:00:00;1;2019;3,6;False;IPV806;4;-14,3
2019-12-31 23:00:00;1;2020;-0,3;False;IPV806;1;-108,3
2020-03-31 22:00:00;1;2020;0,5;False;IPV806;2;-266,7
2020-06-30 22:00:00;1;2020;-0,7;False;IPV806;3;-240,0
2020-09-30 22:00:00;1;2020;-1,1;False;IPV806;4;57,1
2020-12-31 23:00:00;1;2021;2,1;False;IPV806;1;-290,9
2021-03-31 22:00:00;1;2021;4,4;False;IPV806;2;109,5
2021-06-30 22:00:00;1;2021;6,2;False;IPV806;3;40,9
2021-09-30 22:00:00;1;2021;6,4;False;IPV806;4;3,2
2021-12-31 23:00:00;1;2022;3,7;False;IPV806;1;-42,2
2022-03-31 22:00:00;1;2022;6,0;False;IPV806;2;62,2
2022-06-30 22:00:00;1;2022;6,6;False;IPV806;3;10,0
2022-09-30 22:00:00;1;2022;6,7;False;IPV806;4;1,5
2022-12-31 23:00:00;1;2023;1,4;False;IPV806;1;-79,1
2023-03-31 22:00:00;1;2023;2,0;False;IPV806;2;42,9
2023-06-30 22:00:00;1;2023;4,8;False;IPV806;3;140,0
2023-09-30 22:00:00;1;2023;3,0;False;IPV806;4;-37,5
2023-12-31 23:00:00;1;2024;3,4;False;IPV806;1;13,3
2024-03-31 22:00:00;1;2024;7,1;False;IPV806;2;108,8
2024-06-30 22:00:00;1;2024;10,5;False;IPV806;3;47,9
2024-09-30 22:00:00;1;2024;10,9;False;IPV806;4;3,8
2024-12-31 23:00:00;1;2025;3,2;False;IPV806;1;-70,6
2025-03-31 22:00:00;1;2025;8,5;False;IPV806;2;165,6
2025-06-30 22:00:00;1;2025;11,7;False;IPV806;3;37,6
2025-09-30 22:00:00;1;2025;13,1;False;IPV806;4;12,0
2006-12-31 23:00:00;1;2007;11,2;False;IPV807;1;0,0
2007-03-31 22:00:00;1;2007;6,0;False;IPV807;2;-46,4
2007-06-30 22:00:00;1;2007;7,1;False;IPV807;3;18,3
2007-09-30 22:00:00;1;2007;-2,3;False;IPV807;4;-132,4
2007-12-31 23:00:00;1;2008;-2,9;False;IPV807;1;26,1
2008-03-31 22:00:00;1;2008;-4,9;False;IPV807;2;69,0
2008-06-30 22:00:00;1;2008;-12,1;False;IPV807;3;146,9
2008-09-30 22:00:00;1;2008;-12,3;False;IPV807;4;1,7
2008-12-31 23:00:00;1;2009;-17,3;False;IPV807;1;40,7
2009-03-31 22:00:00;1;2009;-16,2;False;IPV807;2;-6,4
2009-06-30 22:00:00;1;2009;-12,5;False;IPV807;3;-22,8
2009-09-30 22:00:00;1;2009;-7,6;False;IPV807;4;-39,2
2009-12-31 23:00:00;1;2010;-3,0;False;IPV807;1;-60,5
2010-03-31 22:00:00;1;2010;-1,5;False;IPV807;2;-50,0
2010-06-30 22:00:00;1;2010;-3,6;False;IPV807;3;140,0
2010-09-30 22:00:00;1;2010;-4,1;False;IPV807;4;13,9
2010-12-31 23:00:00;1;2011;-8,6;False;IPV807;1;109,8
2011-03-31 22:00:00;1;2011;-9,2;False;IPV807;2;7,0
2011-06-30 22:00:00;1;2011;-9,2;False;IPV807;3;0,0
2011-09-30 22:00:00;1;2011;-12,7;False;IPV807;4;38,0
2011-12-31 23:00:00;1;2012;-15,2;False;IPV807;1;19,7
2012-03-31 22:00:00;1;2012;-15,9;False;IPV807;2;4,6
2012-06-30 22:00:00;1;2012;-15,8;False;IPV807;3;-0,6
2012-09-30 22:00:00;1;2012;-14,4;False;IPV807;4;-8,9
2012-12-31 23:00:00;1;2013;-13,2;False;IPV807;1;-8,3
2013-03-31 22:00:00;1;2013;-11,8;False;IPV807;2;-10,6
2013-06-30 22:00:00;1;2013;-11,4;False;IPV807;3;-3,4
2013-09-30 22:00:00;1;2013;-11,1;False;IPV807;4;-2,6
2013-12-31 23:00:00;1;2014;-6,8;False;IPV807;1;-38,7
2014-03-31 22:00:00;1;2014;-6,8;False;IPV807;2;0,0
2014-06-30 22:00:00;1;2014;-6,6;False;IPV807;3;-2,9
2014-09-30 22:00:00;1;2014;-4,1;False;IPV807;4;-37,9
2014-12-31 23:00:00;1;2015;-2,7;False;IPV807;1;-34,1
2015-03-31 22:00:00;1;2015;-0,8;False;IPV807;2;-70,4
2015-06-30 22:00:00;1;2015;1,8;False;IPV807;3;-325,0
2015-09-30 22:00:00;1;2015;0,0;False;IPV807;4;-100,0
2015-12-31 23:00:00;1;2016;2,0;False;IPV807;1;inf
2016-03-31 22:00:00;1;2016;-0,9;False;IPV807;2;-145,0
2016-06-30 22:00:00;1;2016;0,4;False;IPV807;3;-144,4
2016-09-30 22:00:00;1;2016;1,7;False;IPV807;4;325,0
2016-12-31 23:00:00;1;2017;2,0;False;IPV807;1;17,6
2017-03-31 22:00:00;1;2017;3,0;False;IPV807;2;50,0
2017-06-30 22:00:00;1;2017;2,5;False;IPV807;3;-16,7
2017-09-30 22:00:00;1;2017;2,0;False;IPV807;4;-20,0
2017-12-31 23:00:00;1;2018;1,8;False;IPV807;1;-10,0
2018-03-31 22:00:00;1;2018;3,5;False;IPV807;2;94,4
2018-06-30 22:00:00;1;2018;4,0;False;IPV807;3;14,3
2018-09-30 22:00:00;1;2018;2,4;False;IPV807;4;-40,0
2018-12-31 23:00:00;1;2019;3,0;False;IPV807;1;25,0
2019-03-31 22:00:00;1;2019;2,7;False;IPV807;2;-10,0
2019-06-30 22:00:00;1;2019;2,4;False;IPV807;3;-11,1
2019-09-30 22:00:00;1;2019;3,6;False;IPV807;4;50,0
2019-12-31 23:00:00;1;2020;2,3;False;IPV807;1;-36,1
2020-03-31 22:00:00;1;2020;0,7;False;IPV807;2;-69,6
2020-06-30 22:00:00;1;2020;-1,2;False;IPV807;3;-271,4
2020-09-30 22:00:00;1;2020;-1,1;False;IPV807;4;-8,3
2020-12-31 23:00:00;1;2021;1,2;False;IPV807;1;-209,1
2021-03-31 22:00:00;1;2021;2,7;False;IPV807;2;125,0
2021-06-30 22:00:00;1;2021;5,7;False;IPV807;3;111,1
2021-09-30 22:00:00;1;2021;6,4;False;IPV807;4;12,3
2021-12-31 23:00:00;1;2022;8,1;False;IPV807;1;26,6
2022-03-31 22:00:00;1;2022;8,1;False;IPV807;2;0,0
2022-06-30 22:00:00;1;2022;6,8;False;IPV807;3;-16,0
2022-09-30 22:00:00;1;2022;6,7;False;IPV807;4;-1,5
2022-12-31 23:00:00;1;2023;4,3;False;IPV807;1;-35,8
2023-03-31 22:00:00;1;2023;2,6;False;IPV807;2;-39,5
2023-06-30 22:00:00;1;2023;4,9;False;IPV807;3;88,5
2023-09-30 22:00:00;1;2023;3,0;False;IPV807;4;-38,8
2023-12-31 23:00:00;1;2024;5,0;False;IPV807;1;66,7
2024-03-31 22:00:00;1;2024;8,1;False;IPV807;2;62,0
2024-06-30 22:00:00;1;2024;8,5;False;IPV807;3;4,9
2024-09-30 22:00:00;1;2024;10,9;False;IPV807;4;28,2
2024-12-31 23:00:00;1;2025;10,6;False;IPV807;1;-2,8
2025-03-31 22:00:00;1;2025;12,3;False;IPV807;2;16,0
2025-06-30 22:00:00;1;2025;12,0;False;IPV807;3;-2,4
2025-09-30 22:00:00;1;2025;13,1;False;IPV807;4;9,2
2006-12-31 23:00:00;1;2007;0,1;False;IPV808;1;0,0
2007-03-31 22:00:00;1;2007;0,2;False;IPV808;2;100,0
2007-06-30 22:00:00;1;2007;2,1;False;IPV808;3;950,0
2007-09-30 22:00:00;1;2007;-4,6;False;IPV808;4;-319,0
2007-12-31 23:00:00;1;2008;-0,5;False;IPV808;1;-89,1
2008-03-31 22:00:00;1;2008;-1,8;False;IPV808;2;260,0
2008-06-30 22:00:00;1;2008;-5,7;False;IPV808;3;216,7
2008-09-30 22:00:00;1;2008;-4,8;False;IPV808;4;-15,8
2008-12-31 23:00:00;1;2009;-6,1;False;IPV808;1;27,1
2009-03-31 22:00:00;1;2009;-0,6;False;IPV808;2;-90,2
2009-06-30 22:00:00;1;2009;-1,5;False;IPV808;3;150,0
2009-09-30 22:00:00;1;2009;0,6;False;IPV808;4;-140,0
2009-12-31 23:00:00;1;2010;-1,5;False;IPV808;1;-350,0
2010-03-31 22:00:00;1;2010;1,0;False;IPV808;2;-166,7
2010-06-30 22:00:00;1;2010;-3,7;False;IPV808;3;-470,0
2010-09-30 22:00:00;1;2010;0,1;False;IPV808;4;-102,7
2010-12-31 23:00:00;1;2011;-6,1;False;IPV808;1;-6200,0
2011-03-31 22:00:00;1;2011;0,2;False;IPV808;2;-103,3
2011-06-30 22:00:00;1;2011;-3,7;False;IPV808;3;-1950,0
2011-09-30 22:00:00;1;2011;-3,7;False;IPV808;4;0,0
2011-12-31 23:00:00;1;2012;-8,8;False;IPV808;1;137,8
2012-03-31 22:00:00;1;2012;-0,6;False;IPV808;2;-93,2
2012-06-30 22:00:00;1;2012;-3,6;False;IPV808;3;500,0
2012-09-30 22:00:00;1;2012;-2,1;False;IPV808;4;-41,7
2012-12-31 23:00:00;1;2013;-7,5;False;IPV808;1;257,1
2013-03-31 22:00:00;1;2013;1,0;False;IPV808;2;-113,3
2013-06-30 22:00:00;1;2013;-3,2;False;IPV808;3;-420,0
2013-09-30 22:00:00;1;2013;-1,7;False;IPV808;4;-46,9
2013-12-31 23:00:00;1;2014;-3,0;False;IPV808;1;76,5
2014-03-31 22:00:00;1;2014;1,0;False;IPV808;2;-133,3
2014-06-30 22:00:00;1;2014;-2,9;False;IPV808;3;-390,0
2014-09-30 22:00:00;1;2014;0,9;False;IPV808;4;-131,0
2014-12-31 23:00:00;1;2015;-1,6;False;IPV808;1;-277,8
2015-03-31 22:00:00;1;2015;2,9;False;IPV808;2;-281,2
2015-06-30 22:00:00;1;2015;-0,3;False;IPV808;3;-110,3
2015-09-30 22:00:00;1;2015;-0,9;False;IPV808;4;200,0
2015-12-31 23:00:00;1;2016;0,3;False;IPV808;1;-133,3
2016-03-31 22:00:00;1;2016;0,0;False;IPV808;2;-100,0
2016-06-30 22:00:00;1;2016;1,0;False;IPV808;3;inf
2016-09-30 22:00:00;1;2016;0,4;False;IPV808;4;-60,0
2016-12-31 23:00:00;1;2017;0,6;False;IPV808;1;50,0
2017-03-31 22:00:00;1;2017;1,0;False;IPV808;2;66,7
2017-06-30 22:00:00;1;2017;0,5;False;IPV808;3;-50,0
2017-09-30 22:00:00;1;2017;-0,1;False;IPV808;4;-120,0
2017-12-31 23:00:00;1;2018;0,5;False;IPV808;1;-600,0
2018-03-31 22:00:00;1;2018;2,7;False;IPV808;2;440,0
2018-06-30 22:00:00;1;2018;0,9;False;IPV808;3;-66,7
2018-09-30 22:00:00;1;2018;-1,6;False;IPV808;4;-277,8
2018-12-31 23:00:00;1;2019;1,0;False;IPV808;1;-162,5
2019-03-31 22:00:00;1;2019;2,4;False;IPV808;2;140,0
2019-06-30 22:00:00;1;2019;0,7;False;IPV808;3;-70,8
2019-09-30 22:00:00;1;2019;-0,5;False;IPV808;4;-171,4
2019-12-31 23:00:00;1;2020;-0,3;False;IPV808;1;-40,0
2020-03-31 22:00:00;1;2020;0,8;False;IPV808;2;-366,7
2020-06-30 22:00:00;1;2020;-1,3;False;IPV808;3;-262,5
2020-09-30 22:00:00;1;2020;-0,4;False;IPV808;4;-69,2
2020-12-31 23:00:00;1;2021;2,1;False;IPV808;1;-625,0
2021-03-31 22:00:00;1;2021;2,3;False;IPV808;2;9,5
2021-06-30 22:00:00;1;2021;1,7;False;IPV808;3;-26,1
2021-09-30 22:00:00;1;2021;0,3;False;IPV808;4;-82,4
2021-12-31 23:00:00;1;2022;3,7;False;IPV808;1;1133,3
2022-03-31 22:00:00;1;2022;2,3;False;IPV808;2;-37,8
2022-06-30 22:00:00;1;2022;0,5;False;IPV808;3;-78,3
2022-09-30 22:00:00;1;2022;0,1;False;IPV808;4;-80,0
2022-12-31 23:00:00;1;2023;1,4;False;IPV808;1;1300,0
2023-03-31 22:00:00;1;2023;0,6;False;IPV808;2;-57,1
2023-06-30 22:00:00;1;2023;2,7;False;IPV808;3;350,0
2023-09-30 22:00:00;1;2023;-1,8;False;IPV808;4;-166,7
2023-12-31 23:00:00;1;2024;3,4;False;IPV808;1;-288,9
2024-03-31 22:00:00;1;2024;3,5;False;IPV808;2;2,9
2024-06-30 22:00:00;1;2024;3,2;False;IPV808;3;-8,6
2024-09-30 22:00:00;1;2024;0,3;False;IPV808;4;-90,6
2024-12-31 23:00:00;1;2025;3,2;False;IPV808;1;966,7
2025-03-31 22:00:00;1;2025;5,1;False;IPV808;2;59,4
2025-06-30 22:00:00;1;2025;2,9;False;IPV808;3;-43,1
2025-09-30 22:00:00;1;2025;1,3;False;IPV808;4;-55,2
2006-12-31 23:00:00;1;2007;1,2;False;IPV809;1;0,0
2007-03-31 22:00:00;1;2007;2,8;False;IPV809;2;133,3
2007-06-30 22:00:00;1;2007;4,9;False;IPV809;3;75,0
2007-09-30 22:00:00;1;2007;4,8;False;IPV809;4;-2,0
2007-12-31 23:00:00;1;2008;0,2;False;IPV809;1;-95,8
2008-03-31 22:00:00;1;2008;2,5;False;IPV809;2;1150,0
2008-06-30 22:00:00;1;2008;-0,2;False;IPV809;3;-108,0
2008-09-30 22:00:00;1;2008;-1,0;False;IPV809;4;400,0
2008-12-31 23:00:00;1;2009;-4,1;False;IPV809;1;310,0
2009-03-31 22:00:00;1;2009;-4,9;False;IPV809;2;19,5
2009-06-30 22:00:00;1;2009;-7,8;False;IPV809;3;59,2
2009-09-30 22:00:00;1;2009;-8,7;False;IPV809;4;11,5
2009-12-31 23:00:00;1;2010;-4,0;False;IPV809;1;-54,0
2010-03-31 22:00:00;1;2010;-4,8;False;IPV809;2;20,0
2010-06-30 22:00:00;1;2010;-7,1;False;IPV809;3;47,9
2010-09-30 22:00:00;1;2010;-6,8;False;IPV809;4;-4,2
2010-12-31 23:00:00;1;2011;-1,9;False;IPV809;1;-72,1
2011-03-31 22:00:00;1;2011;-4,5;False;IPV809;2;136,8
2011-06-30 22:00:00;1;2011;-3,8;False;IPV809;3;-15,6
2011-09-30 22:00:00;1;2011;-9,6;False;IPV809;4;152,6
2011-12-31 23:00:00;1;2012;-8,7;False;IPV809;1;-9,4
2012-03-31 22:00:00;1;2012;-8,5;False;IPV809;2;-2,3
2012-06-30 22:00:00;1;2012;-8,2;False;IPV809;3;-3,5
2012-09-30 22:00:00;1;2012;-8,0;False;IPV809;4;-2,4
2012-12-31 23:00:00;1;2013;-8,6;False;IPV809;1;7,5
2013-03-31 22:00:00;1;2013;-12,6;False;IPV809;2;46,5
2013-06-30 22:00:00;1;2013;-11,1;False;IPV809;3;-11,9
2013-09-30 22:00:00;1;2013;-16,3;False;IPV809;4;46,8
2013-12-31 23:00:00;1;2014;-3,3;False;IPV809;1;-79,8
2014-03-31 22:00:00;1;2014;-0,1;False;IPV809;2;-97,0
2014-06-30 22:00:00;1;2014;-0,6;False;IPV809;3;500,0
2014-09-30 22:00:00;1;2014;-4,4;False;IPV809;4;633,3
2014-12-31 23:00:00;1;2015;3,2;False;IPV809;1;-172,7
2015-03-31 22:00:00;1;2015;5,7;False;IPV809;2;78,1
2015-06-30 22:00:00;1;2015;3,4;False;IPV809;3;-40,4
2015-09-30 22:00:00;1;2015;4,6;False;IPV809;4;35,3
2015-12-31 23:00:00;1;2016;2,4;False;IPV809;1;-47,8
2016-03-31 22:00:00;1;2016;3,9;False;IPV809;2;62,5
2016-06-30 22:00:00;1;2016;4,7;False;IPV809;3;20,5
2016-09-30 22:00:00;1;2016;2,5;False;IPV809;4;-46,8
2016-12-31 23:00:00;1;2017;2,5;False;IPV809;1;0,0
2017-03-31 22:00:00;1;2017;4,0;False;IPV809;2;60,0
2017-06-30 22:00:00;1;2017;4,2;False;IPV809;3;5,0
2017-09-30 22:00:00;1;2017;2,9;False;IPV809;4;-31,0
2017-12-31 23:00:00;1;2018;2,2;False;IPV809;1;-24,1
2018-03-31 22:00:00;1;2018;3,7;False;IPV809;2;68,2
2018-06-30 22:00:00;1;2018;6,0;False;IPV809;3;62,2
2018-09-30 22:00:00;1;2018;8,4;False;IPV809;4;40,0
2018-12-31 23:00:00;1;2019;3,4;False;IPV809;1;-59,5
2019-03-31 22:00:00;1;2019;2,6;False;IPV809;2;-23,5
2019-06-30 22:00:00;1;2019;2,7;False;IPV809;3;3,8
2019-09-30 22:00:00;1;2019;2,4;False;IPV809;4;-11,1
2019-12-31 23:00:00;1;2020;6,2;False;IPV809;1;158,3
2020-03-31 22:00:00;1;2020;2,5;False;IPV809;2;-59,7
2020-06-30 22:00:00;1;2020;8,2;False;IPV809;3;228,0
2020-09-30 22:00:00;1;2020;4,1;False;IPV809;4;-50,0
2020-12-31 23:00:00;1;2021;0,1;False;IPV809;1;-97,6
2021-03-31 22:00:00;1;2021;0,5;False;IPV809;2;400,0
2021-06-30 22:00:00;1;2021;2,2;False;IPV809;3;340,0
2021-09-30 22:00:00;1;2021;2,6;False;IPV809;4;18,2
2021-12-31 23:00:00;1;2022;4,4;False;IPV809;1;69,2
2022-03-31 22:00:00;1;2022;3,3;False;IPV809;2;-25,0
2022-06-30 22:00:00;1;2022;6,3;False;IPV809;3;90,9
2022-09-30 22:00:00;1;2022;8,5;False;IPV809;4;34,9
2022-12-31 23:00:00;1;2023;4,9;False;IPV809;1;-42,4
2023-03-31 22:00:00;1;2023;7,2;False;IPV809;2;46,9
2023-06-30 22:00:00;1;2023;11,4;False;IPV809;3;58,3
2023-09-30 22:00:00;1;2023;8,4;False;IPV809;4;-26,3
2023-12-31 23:00:00;1;2024;9,0;False;IPV809;1;7,1
2024-03-31 22:00:00;1;2024;13,3;False;IPV809;2;47,8
2024-06-30 22:00:00;1;2024;17,9;False;IPV809;3;34,6
2024-09-30 22:00:00;1;2024;16,7;False;IPV809;4;-6,7
2024-12-31 23:00:00;1;2025;5,6;False;IPV809;1;-66,5
2025-03-31 22:00:00;1;2025;8,2;False;IPV809;2;46,4
2025-06-30 22:00:00;1;2025;9,8;False;IPV809;3;19,5
2025-09-30 22:00:00;1;2025;8,0;False;IPV809;4;-18,4
2006-12-31 23:00:00;1;2007;11,3;False;IPV810;1;0,0
2007-03-31 22:00:00;1;2007;11,0;False;IPV810;2;-2,7
2007-06-30 22:00:00;1;2007;10,1;False;IPV810;3;-8,2
2007-09-30 22:00:00;1;2007;4,8;False;IPV810;4;-52,5
2007-12-31 23:00:00;1;2008;3,8;False;IPV810;1;-20,8
2008-03-31 22:00:00;1;2008;4,6;False;IPV810;2;21,1
2008-06-30 22:00:00;1;2008;-0,3;False;IPV810;3;-106,5
2008-09-30 22:00:00;1;2008;-1,0;False;IPV810;4;233,3
2008-12-31 23:00:00;1;2009;-5,3;False;IPV810;1;430,0
2009-03-31 22:00:00;1;2009;-8,2;False;IPV810;2;54,7
2009-06-30 22:00:00;1;2009;-8,6;False;IPV810;3;4,9
2009-09-30 22:00:00;1;2009;-8,7;False;IPV810;4;1,2
2009-12-31 23:00:00;1;2010;-8,6;False;IPV810;1;-1,1
2010-03-31 22:00:00;1;2010;-8,6;False;IPV810;2;0,0
2010-06-30 22:00:00;1;2010;-8,0;False;IPV810;3;-7,0
2010-09-30 22:00:00;1;2010;-6,8;False;IPV810;4;-15,0
2010-12-31 23:00:00;1;2011;-4,7;False;IPV810;1;-30,9
2011-03-31 22:00:00;1;2011;-6,5;False;IPV810;2;38,3
2011-06-30 22:00:00;1;2011;-3,5;False;IPV810;3;-46,2
2011-09-30 22:00:00;1;2011;-9,6;False;IPV810;4;174,3
2011-12-31 23:00:00;1;2012;-15,9;False;IPV810;1;65,6
2012-03-31 22:00:00;1;2012;-13,3;False;IPV810;2;-16,4
2012-06-30 22:00:00;1;2012;-13,7;False;IPV810;3;3,0
2012-09-30 22:00:00;1;2012;-8,0;False;IPV810;4;-41,6
2012-12-31 23:00:00;1;2013;-7,9;False;IPV810;1;-1,2
2013-03-31 22:00:00;1;2013;-12,1;False;IPV810;2;53,2
2013-06-30 22:00:00;1;2013;-11,0;False;IPV810;3;-9,1
2013-09-30 22:00:00;1;2013;-16,3;False;IPV810;4;48,2
2013-12-31 23:00:00;1;2014;-11,5;False;IPV810;1;-29,4
2014-03-31 22:00:00;1;2014;-4,3;False;IPV810;2;-62,6
2014-06-30 22:00:00;1;2014;-6,3;False;IPV810;3;46,5
2014-09-30 22:00:00;1;2014;-4,4;False;IPV810;4;-30,2
2014-12-31 23:00:00;1;2015;2,0;False;IPV810;1;-145,5
2015-03-31 22:00:00;1;2015;1,1;False;IPV810;2;-45,0
2015-06-30 22:00:00;1;2015;-0,6;False;IPV810;3;-154,5
2015-09-30 22:00:00;1;2015;4,6;False;IPV810;4;-866,7
2015-12-31 23:00:00;1;2016;3,9;False;IPV810;1;-15,2
2016-03-31 22:00:00;1;2016;2,8;False;IPV810;2;-28,2
2016-06-30 22:00:00;1;2016;6,0;False;IPV810;3;114,3
2016-09-30 22:00:00;1;2016;2,5;False;IPV810;4;-58,3
2016-12-31 23:00:00;1;2017;2,5;False;IPV810;1;0,0
2017-03-31 22:00:00;1;2017;2,6;False;IPV810;2;4,0
2017-06-30 22:00:00;1;2017;2,0;False;IPV810;3;-23,1
2017-09-30 22:00:00;1;2017;2,9;False;IPV810;4;45,0
2017-12-31 23:00:00;1;2018;2,7;False;IPV810;1;-6,9
2018-03-31 22:00:00;1;2018;2,7;False;IPV810;2;0,0
2018-06-30 22:00:00;1;2018;4,7;False;IPV810;3;74,1
2018-09-30 22:00:00;1;2018;8,4;False;IPV810;4;78,7
2018-12-31 23:00:00;1;2019;9,6;False;IPV810;1;14,3
2019-03-31 22:00:00;1;2019;7,3;False;IPV810;2;-24,0
2019-06-30 22:00:00;1;2019;5,1;False;IPV810;3;-30,1
2019-09-30 22:00:00;1;2019;2,4;False;IPV810;4;-52,9
2019-12-31 23:00:00;1;2020;5,2;False;IPV810;1;116,7
2020-03-31 22:00:00;1;2020;2,3;False;IPV810;2;-55,8
2020-06-30 22:00:00;1;2020;7,9;False;IPV810;3;243,5
2020-09-30 22:00:00;1;2020;4,1;False;IPV810;4;-48,1
2020-12-31 23:00:00;1;2021;-1,9;False;IPV810;1;-146,3
2021-03-31 22:00:00;1;2021;2,1;False;IPV810;2;-210,5
2021-06-30 22:00:00;1;2021;-1,6;False;IPV810;3;-176,2
2021-09-30 22:00:00;1;2021;2,6;False;IPV810;4;-262,5
2021-12-31 23:00:00;1;2022;7,0;False;IPV810;1;169,2
2022-03-31 22:00:00;1;2022;5,4;False;IPV810;2;-22,9
2022-06-30 22:00:00;1;2022;6,7;False;IPV810;3;24,1
2022-09-30 22:00:00;1;2022;8,5;False;IPV810;4;26,9
2022-12-31 23:00:00;1;2023;8,9;False;IPV810;1;4,7
2023-03-31 22:00:00;1;2023;12,6;False;IPV810;2;41,6
2023-06-30 22:00:00;1;2023;13,7;False;IPV810;3;8,7
2023-09-30 22:00:00;1;2023;8,4;False;IPV810;4;-38,7
2023-12-31 23:00:00;1;2024;12,7;False;IPV810;1;51,2
2024-03-31 22:00:00;1;2024;14,6;False;IPV810;2;15,0
2024-06-30 22:00:00;1;2024;14,7;False;IPV810;3;0,7
2024-09-30 22:00:00;1;2024;16,7;False;IPV810;4;13,6
2024-12-31 23:00:00;1;2025;13,1;False;IPV810;1;-21,6
2025-03-31 22:00:00;1;2025;11,5;False;IPV810;2;-12,2
2025-06-30 22:00:00;1;2025;8,8;False;IPV810;3;-23,5
2025-09-30 22:00:00;1;2025;8,0;False;IPV810;4;-9,1
2006-12-31 23:00:00;1;2007;1,2;False;IPV811;1;0,0
2007-03-31 22:00:00;1;2007;1,5;False;IPV811;2;25,0
2007-06-30 22:00:00;1;2007;2,1;False;IPV811;3;40,0
2007-09-30 22:00:00;1;2007;-0,1;False;IPV811;4;-104,8
2007-12-31 23:00:00;1;2008;0,2;False;IPV811;1;-300,0
2008-03-31 22:00:00;1;2008;2,3;False;IPV811;2;1050,0
2008-06-30 22:00:00;1;2008;-2,6;False;IPV811;3;-213,0
2008-09-30 22:00:00;1;2008;-0,9;False;IPV811;4;-65,4
2008-12-31 23:00:00;1;2009;-4,1;False;IPV811;1;355,6
2009-03-31 22:00:00;1;2009;-0,8;False;IPV811;2;-80,5
2009-06-30 22:00:00;1;2009;-3,1;False;IPV811;3;287,5
2009-09-30 22:00:00;1;2009;-0,9;False;IPV811;4;-71,0
2009-12-31 23:00:00;1;2010;-4,0;False;IPV811;1;344,4
2010-03-31 22:00:00;1;2010;-0,8;False;IPV811;2;-80,0
2010-06-30 22:00:00;1;2010;-2,5;False;IPV811;3;212,5
2010-09-30 22:00:00;1;2010;0,3;False;IPV811;4;-112,0
2010-12-31 23:00:00;1;2011;-1,9;False;IPV811;1;-733,3
2011-03-31 22:00:00;1;2011;-2,7;False;IPV811;2;42,1
2011-06-30 22:00:00;1;2011;0,8;False;IPV811;3;-129,6
2011-09-30 22:00:00;1;2011;-6,0;False;IPV811;4;-850,0
2011-12-31 23:00:00;1;2012;-8,7;False;IPV811;1;45,0
2012-03-31 22:00:00;1;2012;0,3;False;IPV811;2;-103,4
2012-06-30 22:00:00;1;2012;0,3;False;IPV811;3;0,0
2012-09-30 22:00:00;1;2012;0,2;False;IPV811;4;-33,3
2012-12-31 23:00:00;1;2013;-8,6;False;IPV811;1;-4400,0
2013-03-31 22:00:00;1;2013;-4,3;False;IPV811;2;-50,0
2013-06-30 22:00:00;1;2013;1,6;False;IPV811;3;-137,2
2013-09-30 22:00:00;1;2013;-5,8;False;IPV811;4;-462,5
2013-12-31 23:00:00;1;2014;-3,3;False;IPV811;1;-43,1
2014-03-31 22:00:00;1;2014;3,4;False;IPV811;2;-203,0
2014-06-30 22:00:00;1;2014;-0,5;False;IPV811;3;-114,7
2014-09-30 22:00:00;1;2014;-3,8;False;IPV811;4;660,0
2014-12-31 23:00:00;1;2015;3,2;False;IPV811;1;-184,2
2015-03-31 22:00:00;1;2015;2,5;False;IPV811;2;-21,9
2015-06-30 22:00:00;1;2015;-2,2;False;IPV811;3;-188,0
2015-09-30 22:00:00;1;2015;1,2;False;IPV811;4;-154,5
2015-12-31 23:00:00;1;2016;2,4;False;IPV811;1;100,0
2016-03-31 22:00:00;1;2016;1,4;False;IPV811;2;-41,7
2016-06-30 22:00:00;1;2016;0,8;False;IPV811;3;-42,9
2016-09-30 22:00:00;1;2016;-2,1;False;IPV811;4;-362,5
2016-12-31 23:00:00;1;2017;2,5;False;IPV811;1;-219,0
2017-03-31 22:00:00;1;2017;1,4;False;IPV811;2;-44,0
2017-06-30 22:00:00;1;2017;0,2;False;IPV811;3;-85,7
2017-09-30 22:00:00;1;2017;-1,2;False;IPV811;4;-700,0
2017-12-31 23:00:00;1;2018;2,2;False;IPV811;1;-283,3
2018-03-31 22:00:00;1;2018;1,4;False;IPV811;2;-36,4
2018-06-30 22:00:00;1;2018;2,2;False;IPV811;3;57,1
2018-09-30 22:00:00;1;2018;2,3;False;IPV811;4;4,5
2018-12-31 23:00:00;1;2019;3,4;False;IPV811;1;47,8
2019-03-31 22:00:00;1;2019;-0,7;False;IPV811;2;-120,6
2019-06-30 22:00:00;1;2019;0,0;False;IPV811;3;-100,0
2019-09-30 22:00:00;1;2019;-0,3;False;IPV811;4;-inf
2019-12-31 23:00:00;1;2020;6,2;False;IPV811;1;-2166,7
2020-03-31 22:00:00;1;2020;-3,5;False;IPV811;2;-156,5
2020-06-30 22:00:00;1;2020;5,6;False;IPV811;3;-260,0
2020-09-30 22:00:00;1;2020;-3,8;False;IPV811;4;-167,9
2020-12-31 23:00:00;1;2021;0,1;False;IPV811;1;-102,6
2021-03-31 22:00:00;1;2021;0,4;False;IPV811;2;300,0
2021-06-30 22:00:00;1;2021;1,7;False;IPV811;3;325,0
2021-09-30 22:00:00;1;2021;0,4;False;IPV811;4;-76,5
2021-12-31 23:00:00;1;2022;4,4;False;IPV811;1;1000,0
2022-03-31 22:00:00;1;2022;-1,1;False;IPV811;2;-125,0
2022-06-30 22:00:00;1;2022;2,9;False;IPV811;3;-363,6
2022-09-30 22:00:00;1;2022;2,0;False;IPV811;4;-31,0
2022-12-31 23:00:00;1;2023;4,9;False;IPV811;1;145,0
2023-03-31 22:00:00;1;2023;2,2;False;IPV811;2;-55,1
2023-06-30 22:00:00;1;2023;3,9;False;IPV811;3;77,3
2023-09-30 22:00:00;1;2023;-2,7;False;IPV811;4;-169,2
2023-12-31 23:00:00;1;2024;9,0;False;IPV811;1;-433,3
2024-03-31 22:00:00;1;2024;3,9;False;IPV811;2;-56,7
2024-06-30 22:00:00;1;2024;4,0;False;IPV811;3;2,6
2024-09-30 22:00:00;1;2024;-1,0;False;IPV811;4;-125,0
2024-12-31 23:00:00;1;2025;5,6;False;IPV811;1;-660,0
2025-03-31 22:00:00;1;2025;2,4;False;IPV811;2;-57,1
2025-06-30 22:00:00;1;2025;1,5;False;IPV811;3;-37,5
2025-09-30 22:00:00;1;2025;-1,6;False;IPV811;4;-206,7
2006-12-31 23:00:00;1;2007;0,8;False;IPV812;1;0,0
2007-03-31 22:00:00;1;2007;1,8;False;IPV812;2;125,0
2007-06-30 22:00:00;1;2007;3,9;False;IPV812;3;116,7
2007-09-30 22:00:00;1;2007;1,8;False;IPV812;4;-53,8
2007-12-31 23:00:00;1;2008;-0,1;False;IPV812;1;-105,6
2008-03-31 22:00:00;1;2008;0,6;False;IPV812;2;-700,0
2008-06-30 22:00:00;1;2008;-3,3;False;IPV812;3;-650,0
2008-09-30 22:00:00;1;2008;-5,6;False;IPV812;4;69,7
2008-12-31 23:00:00;1;2009;-4,8;False;IPV812;1;-14,3
2009-03-31 22:00:00;1;2009;-5,5;False;IPV812;2;14,6
2009-06-30 22:00:00;1;2009;-7,9;False;IPV812;3;43,6
2009-09-30 22:00:00;1;2009;-8,3;False;IPV812;4;5,1
2009-12-31 23:00:00;1;2010;-3,1;False;IPV812;1;-62,7
2010-03-31 22:00:00;1;2010;-3,3;False;IPV812;2;6,5
2010-06-30 22:00:00;1;2010;-6,1;False;IPV812;3;84,8
2010-09-30 22:00:00;1;2010;-5,9;False;IPV812;4;-3,3
2010-12-31 23:00:00;1;2011;-3,7;False;IPV812;1;-37,3
2011-03-31 22:00:00;1;2011;-5,1;False;IPV812;2;37,8
2011-06-30 22:00:00;1;2011;-6,1;False;IPV812;3;19,6
2011-09-30 22:00:00;1;2011;-10,9;False;IPV812;4;78,7
2011-12-31 23:00:00;1;2012;-8,7;False;IPV812;1;-20,2
2012-03-31 22:00:00;1;2012;-8,9;False;IPV812;2;2,3
2012-06-30 22:00:00;1;2012;-10,2;False;IPV812;3;14,6
2012-09-30 22:00:00;1;2012;-11,0;False;IPV812;4;7,8
2012-12-31 23:00:00;1;2013;-7,9;False;IPV812;1;-28,2
2013-03-31 22:00:00;1;2013;-9,0;False;IPV812;2;13,9
2013-06-30 22:00:00;1;2013;-10,2;False;IPV812;3;13,3
2013-09-30 22:00:00;1;2013;-13,2;False;IPV812;4;29,4
2013-12-31 23:00:00;1;2014;-3,1;False;IPV812;1;-76,5
2014-03-31 22:00:00;1;2014;-1,5;False;IPV812;2;-51,6
2014-06-30 22:00:00;1;2014;-3,7;False;IPV812;3;146,7
2014-09-30 22:00:00;1;2014;-4,2;False;IPV812;4;13,5
2014-12-31 23:00:00;1;2015;0,2;False;IPV812;1;-104,8
2015-03-31 22:00:00;1;2015;2,9;False;IPV812;2;1350,0
2015-06-30 22:00:00;1;2015;1,8;False;IPV812;3;-37,9
2015-09-30 22:00:00;1;2015;1,8;False;IPV812;4;0,0
2015-12-31 23:00:00;1;2016;0,9;False;IPV812;1;-50,0
2016-03-31 22:00:00;1;2016;1,3;False;IPV812;2;44,4
2016-06-30 22:00:00;1;2016;2,2;False;IPV812;3;69,2
2016-09-30 22:00:00;1;2016;1,9;False;IPV812;4;-13,6
2016-12-31 23:00:00;1;2017;0,9;False;IPV812;1;-52,6
2017-03-31 22:00:00;1;2017;2,0;False;IPV812;2;122,2
2017-06-30 22:00:00;1;2017;2,5;False;IPV812;3;25,0
2017-09-30 22:00:00;1;2017;2,1;False;IPV812;4;-16,0
2017-12-31 23:00:00;1;2018;0,9;False;IPV812;1;-57,1
2018-03-31 22:00:00;1;2018;3,3;False;IPV812;2;266,7
2018-06-30 22:00:00;1;2018;4,6;False;IPV812;3;39,4
2018-09-30 22:00:00;1;2018;4,0;False;IPV812;4;-13,0
2018-12-31 23:00:00;1;2019;1,8;False;IPV812;1;-55,0
2019-03-31 22:00:00;1;2019;3,2;False;IPV812;2;77,8
2019-06-30 22:00:00;1;2019;3,7;False;IPV812;3;15,6
2019-09-30 22:00:00;1;2019;3,2;False;IPV812;4;-13,5
2019-12-31 23:00:00;1;2020;1,8;False;IPV812;1;-43,8
2020-03-31 22:00:00;1;2020;1,2;False;IPV812;2;-33,3
2020-06-30 22:00:00;1;2020;2,2;False;IPV812;3;83,3
2020-09-30 22:00:00;1;2020;0,6;False;IPV812;4;-72,7
2020-12-31 23:00:00;1;2021;1,4;False;IPV812;1;133,3
2021-03-31 22:00:00;1;2021;3,2;False;IPV812;2;128,6
2021-06-30 22:00:00;1;2021;4,9;False;IPV812;3;53,1
2021-09-30 22:00:00;1;2021;5,2;False;IPV812;4;6,1
2021-12-31 23:00:00;1;2022;3,9;False;IPV812;1;-25,0
2022-03-31 22:00:00;1;2022;5,2;False;IPV812;2;33,3
2022-06-30 22:00:00;1;2022;6,5;False;IPV812;3;25,0
2022-09-30 22:00:00;1;2022;7,2;False;IPV812;4;10,8
2022-12-31 23:00:00;1;2023;2,5;False;IPV812;1;-65,3
2023-03-31 22:00:00;1;2023;3,7;False;IPV812;2;48,0
2023-06-30 22:00:00;1;2023;6,9;False;IPV812;3;86,5
2023-09-30 22:00:00;1;2023;4,7;False;IPV812;4;-31,9
2023-12-31 23:00:00;1;2024;5,4;False;IPV812;1;14,9
2024-03-31 22:00:00;1;2024;9,2;False;IPV812;2;70,4
2024-06-30 22:00:00;1;2024;13,0;False;IPV812;3;41,3
2024-09-30 22:00:00;1;2024;12,9;False;IPV812;4;-0,8
2024-12-31 23:00:00;1;2025;4,0;False;IPV812;1;-69,0
2025-03-31 22:00:00;1;2025;8,4;False;IPV812;2;110,0
2025-06-30 22:00:00;1;2025;11,0;False;IPV812;3;31,0
2025-09-30 22:00:00;1;2025;11,4;False;IPV812;4;3,6
2006-12-31 23:00:00;1;2007;11,2;False;IPV813;1;0,0
2007-03-31 22:00:00;1;2007;8,9;False;IPV813;2;-20,5
2007-06-30 22:00:00;1;2007;8,8;False;IPV813;3;-1,1
2007-09-30 22:00:00;1;2007;1,8;False;IPV813;4;-79,5
2007-12-31 23:00:00;1;2008;0,9;False;IPV813;1;-50,0
2008-03-31 22:00:00;1;2008;0,6;False;IPV813;2;-33,3
2008-06-30 22:00:00;1;2008;-5,3;False;IPV813;3;-983,3
2008-09-30 22:00:00;1;2008;-5,6;False;IPV813;4;5,7
2008-12-31 23:00:00;1;2009;-10,1;False;IPV813;1;80,4
2009-03-31 22:00:00;1;2009;-11,3;False;IPV813;2;11,9
2009-06-30 22:00:00;1;2009;-10,1;False;IPV813;3;-10,6
2009-09-30 22:00:00;1;2009;-8,3;False;IPV813;4;-17,8
2009-12-31 23:00:00;1;2010;-6,7;False;IPV813;1;-19,3
2010-03-31 22:00:00;1;2010;-6,2;False;IPV813;2;-7,5
2010-06-30 22:00:00;1;2010;-6,5;False;IPV813;3;4,8
2010-09-30 22:00:00;1;2010;-5,9;False;IPV813;4;-9,2
2010-12-31 23:00:00;1;2011;-6,4;False;IPV813;1;8,5
2011-03-31 22:00:00;1;2011;-7,6;False;IPV813;2;18,7
2011-06-30 22:00:00;1;2011;-5,9;False;IPV813;3;-22,4
2011-09-30 22:00:00;1;2011;-10,9;False;IPV813;4;84,7
2011-12-31 23:00:00;1;2012;-15,6;False;IPV813;1;43,1
2012-03-31 22:00:00;1;2012;-14,5;False;IPV813;2;-7,1
2012-06-30 22:00:00;1;2012;-14,8;False;IPV813;3;2,1
2012-09-30 22:00:00;1;2012;-11,0;False;IPV813;4;-25,7
2012-12-31 23:00:00;1;2013;-10,2;False;IPV813;1;-7,3
2013-03-31 22:00:00;1;2013;-11,1;False;IPV813;2;8,8
2013-06-30 22:00:00;1;2013;-10,9;False;IPV813;3;-1,8
2013-09-30 22:00:00;1;2013;-13,2;False;IPV813;4;21,1
2013-12-31 23:00:00;1;2014;-8,6;False;IPV813;1;-34,8
2014-03-31 22:00:00;1;2014;-6,1;False;IPV813;2;-29,1
2014-06-30 22:00:00;1;2014;-6,9;False;IPV813;3;13,1
2014-09-30 22:00:00;1;2014;-4,2;False;IPV813;4;-39,1
2014-12-31 23:00:00;1;2015;-0,9;False;IPV813;1;-78,6
2015-03-31 22:00:00;1;2015;0,2;False;IPV813;2;-122,2
2015-06-30 22:00:00;1;2015;1,4;False;IPV813;3;600,0
2015-09-30 22:00:00;1;2015;1,8;False;IPV813;4;28,6
2015-12-31 23:00:00;1;2016;2,5;False;IPV813;1;38,9
2016-03-31 22:00:00;1;2016;0,1;False;IPV813;2;-96,0
2016-06-30 22:00:00;1;2016;2,2;False;IPV813;3;2100,0
2016-09-30 22:00:00;1;2016;1,9;False;IPV813;4;-13,6
2016-12-31 23:00:00;1;2017;2,0;False;IPV813;1;5,3
2017-03-31 22:00:00;1;2017;2,6;False;IPV813;2;30,0
2017-06-30 22:00:00;1;2017;2,1;False;IPV813;3;-19,2
2017-09-30 22:00:00;1;2017;2,1;False;IPV813;4;0,0
2017-12-31 23:00:00;1;2018;2,1;False;IPV813;1;0,0
2018-03-31 22:00:00;1;2018;3,5;False;IPV813;2;66,7
2018-06-30 22:00:00;1;2018;4,3;False;IPV813;3;22,9
2018-09-30 22:00:00;1;2018;4,0;False;IPV813;4;-7,0
2018-12-31 23:00:00;1;2019;4,9;False;IPV813;1;22,5
2019-03-31 22:00:00;1;2019;3,9;False;IPV813;2;-20,4
2019-06-30 22:00:00;1;2019;3,1;False;IPV813;3;-20,5
2019-09-30 22:00:00;1;2019;3,2;False;IPV813;4;3,2
2019-12-31 23:00:00;1;2020;3,2;False;IPV813;1;0,0
2020-03-31 22:00:00;1;2020;1,2;False;IPV813;2;-62,5
2020-06-30 22:00:00;1;2020;1,7;False;IPV813;3;41,7
2020-09-30 22:00:00;1;2020;0,6;False;IPV813;4;-64,7
2020-12-31 23:00:00;1;2021;0,2;False;IPV813;1;-66,7
2021-03-31 22:00:00;1;2021;2,6;False;IPV813;2;1200,0
2021-06-30 22:00:00;1;2021;3,3;False;IPV813;3;26,9
2021-09-30 22:00:00;1;2021;5,2;False;IPV813;4;57,6
2021-12-31 23:00:00;1;2022;7,8;False;IPV813;1;50,0
2022-03-31 22:00:00;1;2022;7,3;False;IPV813;2;-6,4
2022-06-30 22:00:00;1;2022;6,8;False;IPV813;3;-6,8
2022-09-30 22:00:00;1;2022;7,2;False;IPV813;4;5,9
2022-12-31 23:00:00;1;2023;5,8;False;IPV813;1;-19,4
2023-03-31 22:00:00;1;2023;5,6;False;IPV813;2;-3,4
2023-06-30 22:00:00;1;2023;7,6;False;IPV813;3;35,7
2023-09-30 22:00:00;1;2023;4,7;False;IPV813;4;-38,2
2023-12-31 23:00:00;1;2024;7,6;False;IPV813;1;61,7
2024-03-31 22:00:00;1;2024;10,3;False;IPV813;2;35,5
2024-06-30 22:00:00;1;2024;10,7;False;IPV813;3;3,9
2024-09-30 22:00:00;1;2024;12,9;False;IPV813;4;20,6
2024-12-31 23:00:00;1;2025;11,4;False;IPV813;1;-11,6
2025-03-31 22:00:00;1;2025;12,0;False;IPV813;2;5,3
2025-06-30 22:00:00;1;2025;10,9;False;IPV813;3;-9,2
2025-09-30 22:00:00;1;2025;11,4;False;IPV813;4;4,6
2006-12-31 23:00:00;1;2007;0,8;False;IPV814;1;0,0
2007-03-31 22:00:00;1;2007;1,0;False;IPV814;2;25,0
2007-06-30 22:00:00;1;2007;2,1;False;IPV814;3;110,0
2007-09-30 22:00:00;1;2007;-2,0;False;IPV814;4;-195,2
2007-12-31 23:00:00;1;2008;-0,1;False;IPV814;1;-95,0
2008-03-31 22:00:00;1;2008;0,7;False;IPV814;2;-800,0
2008-06-30 22:00:00;1;2008;-3,9;False;IPV814;3;-657,1
2008-09-30 22:00:00;1;2008;-2,4;False;IPV814;4;-38,5
2008-12-31 23:00:00;1;2009;-4,8;False;IPV814;1;100,0
2009-03-31 22:00:00;1;2009;-0,7;False;IPV814;2;-85,4
2009-06-30 22:00:00;1;2009;-2,6;False;IPV814;3;271,4
2009-09-30 22:00:00;1;2009;-0,4;False;IPV814;4;-84,6
2009-12-31 23:00:00;1;2010;-3,1;False;IPV814;1;675,0
2010-03-31 22:00:00;1;2010;-0,1;False;IPV814;2;-96,8
2010-06-30 22:00:00;1;2010;-2,9;False;IPV814;3;2800,0
2010-09-30 22:00:00;1;2010;0,2;False;IPV814;4;-106,9
2010-12-31 23:00:00;1;2011;-3,7;False;IPV814;1;-1950,0
2011-03-31 22:00:00;1;2011;-1,5;False;IPV814;2;-59,5
2011-06-30 22:00:00;1;2011;-1,1;False;IPV814;3;-26,7
2011-09-30 22:00:00;1;2011;-5,1;False;IPV814;4;363,6
2011-12-31 23:00:00;1;2012;-8,7;False;IPV814;1;70,6
2012-03-31 22:00:00;1;2012;-0,1;False;IPV814;2;-98,9
2012-06-30 22:00:00;1;2012;-1,5;False;IPV814;3;1400,0
2012-09-30 22:00:00;1;2012;-0,9;False;IPV814;4;-40,0
2012-12-31 23:00:00;1;2013;-7,9;False;IPV814;1;777,8
2013-03-31 22:00:00;1;2013;-1,1;False;IPV814;2;-86,1
2013-06-30 22:00:00;1;2013;-1,3;False;IPV814;3;18,2
2013-09-30 22:00:00;1;2013;-3,3;False;IPV814;4;153,8
2013-12-31 23:00:00;1;2014;-3,1;False;IPV814;1;-6,1
2014-03-31 22:00:00;1;2014;1,7;False;IPV814;2;-154,8
2014-06-30 22:00:00;1;2014;-2,3;False;IPV814;3;-235,3
2014-09-30 22:00:00;1;2014;-0,4;False;IPV814;4;-82,6
2014-12-31 23:00:00;1;2015;0,2;False;IPV814;1;-150,0
2015-03-31 22:00:00;1;2015;2,7;False;IPV814;2;1250,0
2015-06-30 22:00:00;1;2015;-1,1;False;IPV814;3;-140,7
2015-09-30 22:00:00;1;2015;-0,1;False;IPV814;4;-90,9
2015-12-31 23:00:00;1;2016;0,9;False;IPV814;1;-1000,0
2016-03-31 22:00:00;1;2016;0,4;False;IPV814;2;-55,6
2016-06-30 22:00:00;1;2016;0,9;False;IPV814;3;125,0
2016-09-30 22:00:00;1;2016;-0,3;False;IPV814;4;-133,3
2016-12-31 23:00:00;1;2017;0,9;False;IPV814;1;-400,0
2017-03-31 22:00:00;1;2017;1,1;False;IPV814;2;22,2
2017-06-30 22:00:00;1;2017;0,4;False;IPV814;3;-63,6
2017-09-30 22:00:00;1;2017;-0,3;False;IPV814;4;-175,0
2017-12-31 23:00:00;1;2018;0,9;False;IPV814;1;-400,0
2018-03-31 22:00:00;1;2018;2,4;False;IPV814;2;166,7
2018-06-30 22:00:00;1;2018;1,3;False;IPV814;3;-45,8
2018-09-30 22:00:00;1;2018;-0,6;False;IPV814;4;-146,2
2018-12-31 23:00:00;1;2019;1,8;False;IPV814;1;-400,0
2019-03-31 22:00:00;1;2019;1,4;False;IPV814;2;-22,2
2019-06-30 22:00:00;1;2019;0,5;False;IPV814;3;-64,3
2019-09-30 22:00:00;1;2019;-0,4;False;IPV814;4;-180,0
2019-12-31 23:00:00;1;2020;1,8;False;IPV814;1;-550,0
2020-03-31 22:00:00;1;2020;-0,6;False;IPV814;2;-133,3
2020-06-30 22:00:00;1;2020;1,0;False;IPV814;3;-266,7
2020-09-30 22:00:00;1;2020;-1,5;False;IPV814;4;-250,0
2020-12-31 23:00:00;1;2021;1,4;False;IPV814;1;-193,3
2021-03-31 22:00:00;1;2021;1,7;False;IPV814;2;21,4
2021-06-30 22:00:00;1;2021;1,7;False;IPV814;3;0,0
2021-09-30 22:00:00;1;2021;0,3;False;IPV814;4;-82,4
2021-12-31 23:00:00;1;2022;3,9;False;IPV814;1;1200,0
2022-03-31 22:00:00;1;2022;1,2;False;IPV814;2;-69,2
2022-06-30 22:00:00;1;2022;1,2;False;IPV814;3;0,0
2022-09-30 22:00:00;1;2022;0,7;False;IPV814;4;-41,7
2022-12-31 23:00:00;1;2023;2,5;False;IPV814;1;257,1
2023-03-31 22:00:00;1;2023;1,1;False;IPV814;2;-56,0
2023-06-30 22:00:00;1;2023;3,1;False;IPV814;3;181,8
2023-09-30 22:00:00;1;2023;-2,1;False;IPV814;4;-167,7
2023-12-31 23:00:00;1;2024;5,4;False;IPV814;1;-357,1
2024-03-31 22:00:00;1;2024;3,6;False;IPV814;2;-33,3
2024-06-30 22:00:00;1;2024;3,5;False;IPV814;3;-2,8
2024-09-30 22:00:00;1;2024;-0,1;False;IPV814;4;-102,9
2024-12-31 23:00:00;1;2025;4,0;False;IPV814;1;-4100,0
2025-03-31 22:00:00;1;2025;4,2;False;IPV814;2;5,0
2025-06-30 22:00:00;1;2025;2,5;False;IPV814;3;-40,5
2025-09-30 22:00:00;1;2025;0,3;False;IPV814;4;-88,0
2006-12-31 23:00:00;1;2007;3,3;False;IPV815;1;0,0
2007-03-31 22:00:00;1;2007;7,5;False;IPV815;2;127,3
2007-06-30 22:00:00;1;2007;9,6;False;IPV815;3;28,0
2007-09-30 22:00:00;1;2007;9,7;False;IPV815;4;1,0
2007-12-31 23:00:00;1;2008;0,1;False;IPV815;1;-99,0
2008-03-31 22:00:00;1;2008;-1,0;False;IPV815;2;-1100,0
2008-06-30 22:00:00;1;2008;-3,0;False;IPV815;3;200,0
2008-09-30 22:00:00;1;2008;-5,5;False;IPV815;4;83,3
2008-12-31 23:00:00;1;2009;-1,0;False;IPV815;1;-81,8
2009-03-31 22:00:00;1;2009;-1,0;False;IPV815;2;0,0
2009-06-30 22:00:00;1;2009;-0,7;False;IPV815;3;-30,0
2009-09-30 22:00:00;1;2009;-0,4;False;IPV815;4;-42,9
2009-12-31 23:00:00;1;2010;-0,7;False;IPV815;1;75,0
2010-03-31 22:00:00;1;2010;0,7;False;IPV815;2;-200,0
2010-06-30 22:00:00;1;2010;-1,8;False;IPV815;3;-357,1
2010-09-30 22:00:00;1;2010;-0,8;False;IPV815;4;-55,6
2010-12-31 23:00:00;1;2011;-4,2;False;IPV815;1;425,0
2011-03-31 22:00:00;1;2011;-5,8;False;IPV815;2;38,1
2011-06-30 22:00:00;1;2011;-7,6;False;IPV815;3;31,0
2011-09-30 22:00:00;1;2011;-12,0;False;IPV815;4;57,9
2011-12-31 23:00:00;1;2012;-5,5;False;IPV815;1;-54,2
2012-03-31 22:00:00;1;2012;-7,5;False;IPV815;2;36,4
2012-06-30 22:00:00;1;2012;-9,9;False;IPV815;3;32,0
2012-09-30 22:00:00;1;2012;-13,0;False;IPV815;4;31,3
2012-12-31 23:00:00;1;2013;-9,3;False;IPV815;1;-28,5
2013-03-31 22:00:00;1;2013;-10,8;False;IPV815;2;16,1
2013-06-30 22:00:00;1;2013;-11,0;False;IPV815;3;1,9
2013-09-30 22:00:00;1;2013;-12,1;False;IPV815;4;10,0
2013-12-31 23:00:00;1;2014;0,4;False;IPV815;1;-103,3
2014-03-31 22:00:00;1;2014;3,3;False;IPV815;2;725,0
2014-06-30 22:00:00;1;2014;3,7;False;IPV815;3;12,1
2014-09-30 22:00:00;1;2014;2,8;False;IPV815;4;-24,3
2014-12-31 23:00:00;1;2015;-1,4;False;IPV815;1;-150,0
2015-03-31 22:00:00;1;2015;2,0;False;IPV815;2;-242,9
2015-06-30 22:00:00;1;2015;2,3;False;IPV815;3;15,0
2015-09-30 22:00:00;1;2015;1,2;False;IPV815;4;-47,8
2015-12-31 23:00:00;1;2016;-0,2;False;IPV815;1;-116,7
2016-03-31 22:00:00;1;2016;0,8;False;IPV815;2;-500,0
2016-06-30 22:00:00;1;2016;0,8;False;IPV815;3;0,0
2016-09-30 22:00:00;1;2016;0,1;False;IPV815;4;-87,5
2016-12-31 23:00:00;1;2017;0,0;False;IPV815;1;-100,0
2017-03-31 22:00:00;1;2017;1,1;False;IPV815;2;inf
2017-06-30 22:00:00;1;2017;2,3;False;IPV815;3;109,1
2017-09-30 22:00:00;1;2017;1,7;False;IPV815;4;-26,1
2017-12-31 23:00:00;1;2018;0,9;False;IPV815;1;-47,1
2018-03-31 22:00:00;1;2018;1,8;False;IPV815;2;100,0
2018-06-30 22:00:00;1;2018;4,0;False;IPV815;3;122,2
2018-09-30 22:00:00;1;2018;4,0;False;IPV815;4;0,0
2018-12-31 23:00:00;1;2019;0,7;False;IPV815;1;-82,5
2019-03-31 22:00:00;1;2019;2,5;False;IPV815;2;257,1
2019-06-30 22:00:00;1;2019;3,4;False;IPV815;3;36,0
2019-09-30 22:00:00;1;2019;4,0;False;IPV815;4;17,6
2019-12-31 23:00:00;1;2020;-0,1;False;IPV815;1;-102,5
2020-03-31 22:00:00;1;2020;1,2;False;IPV815;2;-1300,0
2020-06-30 22:00:00;1;2020;1,5;False;IPV815;3;25,0
2020-09-30 22:00:00;1;2020;2,4;False;IPV815;4;60,0
2020-12-31 23:00:00;1;2021;0,4;False;IPV815;1;-83,3
2021-03-31 22:00:00;1;2021;2,8;False;IPV815;2;600,0
2021-06-30 22:00:00;1;2021;5,4;False;IPV815;3;92,9
2021-09-30 22:00:00;1;2021;6,5;False;IPV815;4;20,4
2021-12-31 23:00:00;1;2022;3,2;False;IPV815;1;-50,8
2022-03-31 22:00:00;1;2022;5,5;False;IPV815;2;71,9
2022-06-30 22:00:00;1;2022;6,3;False;IPV815;3;14,5
2022-09-30 22:00:00;1;2022;4,5;False;IPV815;4;-28,6
2022-12-31 23:00:00;1;2023;-0,1;False;IPV815;1;-102,2
2023-03-31 22:00:00;1;2023;1,8;False;IPV815;2;-1900,0
2023-06-30 22:00:00;1;2023;3,4;False;IPV815;3;88,9
2023-09-30 22:00:00;1;2023;3,7;False;IPV815;4;8,8
2023-12-31 23:00:00;1;2024;1,4;False;IPV815;1;-62,2
2024-03-31 22:00:00;1;2024;5,5;False;IPV815;2;292,9
2024-06-30 22:00:00;1;2024;8,9;False;IPV815;3;61,8
2024-09-30 22:00:00;1;2024;11,5;False;IPV815;4;29,2
2024-12-31 23:00:00;1;2025;3,2;False;IPV815;1;-72,2
2025-03-31 22:00:00;1;2025;8,7;False;IPV815;2;171,9
2025-06-30 22:00:00;1;2025;12,6;False;IPV815;3;44,8
2025-09-30 22:00:00;1;2025;14,7;False;IPV815;4;16,7
2006-12-31 23:00:00;1;2007;15,1;False;IPV816;1;0,0
2007-03-31 22:00:00;1;2007;14,2;False;IPV816;2;-6,0
2007-06-30 22:00:00;1;2007;13,0;False;IPV816;3;-8,5
2007-09-30 22:00:00;1;2007;9,7;False;IPV816;4;-25,4
2007-12-31 23:00:00;1;2008;6,3;False;IPV816;1;-35,1
2008-03-31 22:00:00;1;2008;0,9;False;IPV816;2;-85,7
2008-06-30 22:00:00;1;2008;-2,9;False;IPV816;3;-422,2
2008-09-30 22:00:00;1;2008;-5,5;False;IPV816;4;89,7
2008-12-31 23:00:00;1;2009;-6,6;False;IPV816;1;20,0
2009-03-31 22:00:00;1;2009;-5,5;False;IPV816;2;-16,7
2009-06-30 22:00:00;1;2009;-3,3;False;IPV816;3;-40,0
2009-09-30 22:00:00;1;2009;-0,4;False;IPV816;4;-87,9
2009-12-31 23:00:00;1;2010;0,0;False;IPV816;1;-100,0
2010-03-31 22:00:00;1;2010;1,3;False;IPV816;2;inf
2010-06-30 22:00:00;1;2010;-1,6;False;IPV816;3;-223,1
2010-09-30 22:00:00;1;2010;-0,8;False;IPV816;4;-50,0
2010-12-31 23:00:00;1;2011;-4,3;False;IPV816;1;437,5
2011-03-31 22:00:00;1;2011;-7,2;False;IPV816;2;67,4
2011-06-30 22:00:00;1;2011;-6,6;False;IPV816;3;-8,3
2011-09-30 22:00:00;1;2011;-12,0;False;IPV816;4;81,8
2011-12-31 23:00:00;1;2012;-13,1;False;IPV816;1;9,2
2012-03-31 22:00:00;1;2012;-13,5;False;IPV816;2;3,1
2012-06-30 22:00:00;1;2012;-14,2;False;IPV816;3;5,2
2012-09-30 22:00:00;1;2012;-13,0;False;IPV816;4;-8,5
2012-12-31 23:00:00;1;2013;-16,5;False;IPV816;1;26,9
2013-03-31 22:00:00;1;2013;-16,1;False;IPV816;2;-2,4
2013-06-30 22:00:00;1;2013;-14,1;False;IPV816;3;-12,4
2013-09-30 22:00:00;1;2013;-12,1;False;IPV816;4;-14,2
2013-12-31 23:00:00;1;2014;-2,7;False;IPV816;1;-77,7
2014-03-31 22:00:00;1;2014;1,9;False;IPV816;2;-170,4
2014-06-30 22:00:00;1;2014;2,5;False;IPV816;3;31,6
2014-09-30 22:00:00;1;2014;2,8;False;IPV816;4;12,0
2014-12-31 23:00:00;1;2015;1,0;False;IPV816;1;-64,3
2015-03-31 22:00:00;1;2015;1,5;False;IPV816;2;50,0
2015-06-30 22:00:00;1;2015;1,5;False;IPV816;3;0,0
2015-09-30 22:00:00;1;2015;1,2;False;IPV816;4;-20,0
2015-12-31 23:00:00;1;2016;2,4;False;IPV816;1;100,0
2016-03-31 22:00:00;1;2016;0,0;False;IPV816;2;-100,0
2016-06-30 22:00:00;1;2016;-0,2;False;IPV816;3;-inf
2016-09-30 22:00:00;1;2016;0,1;False;IPV816;4;-150,0
2016-12-31 23:00:00;1;2017;0,4;False;IPV816;1;300,0
2017-03-31 22:00:00;1;2017;0,4;False;IPV816;2;0,0
2017-06-30 22:00:00;1;2017;1,6;False;IPV816;3;300,0
2017-09-30 22:00:00;1;2017;1,7;False;IPV816;4;6,2
2017-12-31 23:00:00;1;2018;2,5;False;IPV816;1;47,1
2018-03-31 22:00:00;1;2018;2,4;False;IPV816;2;-4,0
2018-06-30 22:00:00;1;2018;3,3;False;IPV816;3;37,5
2018-09-30 22:00:00;1;2018;4,0;False;IPV816;4;21,2
2018-12-31 23:00:00;1;2019;3,8;False;IPV816;1;-5,0
2019-03-31 22:00:00;1;2019;4,8;False;IPV816;2;26,3
2019-06-30 22:00:00;1;2019;3,4;False;IPV816;3;-29,2
2019-09-30 22:00:00;1;2019;4,0;False;IPV816;4;17,6
2019-12-31 23:00:00;1;2020;3,2;False;IPV816;1;-20,0
2020-03-31 22:00:00;1;2020;2,6;False;IPV816;2;-18,8
2020-06-30 22:00:00;1;2020;2,1;False;IPV816;3;-19,2
2020-09-30 22:00:00;1;2020;2,4;False;IPV816;4;14,3
2020-12-31 23:00:00;1;2021;3,0;False;IPV816;1;25,0
2021-03-31 22:00:00;1;2021;4,0;False;IPV816;2;33,3
2021-06-30 22:00:00;1;2021;6,4;False;IPV816;3;60,0
2021-09-30 22:00:00;1;2021;6,5;False;IPV816;4;1,6
2021-12-31 23:00:00;1;2022;9,4;False;IPV816;1;44,6
2022-03-31 22:00:00;1;2022;9,3;False;IPV816;2;-1,1
2022-06-30 22:00:00;1;2022;7,4;False;IPV816;3;-20,4
2022-09-30 22:00:00;1;2022;4,5;False;IPV816;4;-39,2
2022-12-31 23:00:00;1;2023;1,1;False;IPV816;1;-75,6
2023-03-31 22:00:00;1;2023;0,9;False;IPV816;2;-18,2
2023-06-30 22:00:00;1;2023;1,7;False;IPV816;3;88,9
2023-09-30 22:00:00;1;2023;3,7;False;IPV816;4;117,6
2023-12-31 23:00:00;1;2024;5,3;False;IPV816;1;43,2
2024-03-31 22:00:00;1;2024;7,5;False;IPV816;2;41,5
2024-06-30 22:00:00;1;2024;9,2;False;IPV816;3;22,7
2024-09-30 22:00:00;1;2024;11,5;False;IPV816;4;25,0
2024-12-31 23:00:00;1;2025;13,6;False;IPV816;1;18,3
2025-03-31 22:00:00;1;2025;14,9;False;IPV816;2;9,6
2025-06-30 22:00:00;1;2025;15,4;False;IPV816;3;3,4
2025-09-30 22:00:00;1;2025;14,7;False;IPV816;4;-4,5
2006-12-31 23:00:00;1;2007;3,3;False;IPV817;1;0,0
2007-03-31 22:00:00;1;2007;4,1;False;IPV817;2;24,2
2007-06-30 22:00:00;1;2007;1,9;False;IPV817;3;-53,7
2007-09-30 22:00:00;1;2007;0,0;False;IPV817;4;-100,0
2007-12-31 23:00:00;1;2008;0,1;False;IPV817;1;inf
2008-03-31 22:00:00;1;2008;-1,1;False;IPV817;2;-1200,0
2008-06-30 22:00:00;1;2008;-2,0;False;IPV817;3;81,8
2008-09-30 22:00:00;1;2008;-2,6;False;IPV817;4;30,0
2008-12-31 23:00:00;1;2009;-1,0;False;IPV817;1;-61,5
2009-03-31 22:00:00;1;2009;0,0;False;IPV817;2;-100,0
2009-06-30 22:00:00;1;2009;0,3;False;IPV817;3;inf
2009-09-30 22:00:00;1;2009;0,3;False;IPV817;4;0,0
2009-12-31 23:00:00;1;2010;-0,7;False;IPV817;1;-333,3
2010-03-31 22:00:00;1;2010;1,4;False;IPV817;2;-300,0
2010-06-30 22:00:00;1;2010;-2,5;False;IPV817;3;-278,6
2010-09-30 22:00:00;1;2010;1,1;False;IPV817;4;-144,0
2010-12-31 23:00:00;1;2011;-4,2;False;IPV817;1;-481,8
2011-03-31 22:00:00;1;2011;-1,7;False;IPV817;2;-59,5
2011-06-30 22:00:00;1;2011;-1,9;False;IPV817;3;11,8
2011-09-30 22:00:00;1;2011;-4,7;False;IPV817;4;147,4
2011-12-31 23:00:00;1;2012;-5,5;False;IPV817;1;17,0
2012-03-31 22:00:00;1;2012;-2,1;False;IPV817;2;-61,8
2012-06-30 22:00:00;1;2012;-2,6;False;IPV817;3;23,8
2012-09-30 22:00:00;1;2012;-3,5;False;IPV817;4;34,6
2012-12-31 23:00:00;1;2013;-9,3;False;IPV817;1;165,7
2013-03-31 22:00:00;1;2013;-1,6;False;IPV817;2;-82,8
2013-06-30 22:00:00;1;2013;-0,2;False;IPV817;3;-87,5
2013-09-30 22:00:00;1;2013;-1,2;False;IPV817;4;500,0
2013-12-31 23:00:00;1;2014;0,4;False;IPV817;1;-133,3
2014-03-31 22:00:00;1;2014;3,0;False;IPV817;2;650,0
2014-06-30 22:00:00;1;2014;0,3;False;IPV817;3;-90,0
2014-09-30 22:00:00;1;2014;-0,9;False;IPV817;4;-400,0
2014-12-31 23:00:00;1;2015;-1,4;False;IPV817;1;55,6
2015-03-31 22:00:00;1;2015;3,5;False;IPV817;2;-350,0
2015-06-30 22:00:00;1;2015;0,3;False;IPV817;3;-91,4
2015-09-30 22:00:00;1;2015;-1,1;False;IPV817;4;-466,7
2015-12-31 23:00:00;1;2016;-0,2;False;IPV817;1;-81,8
2016-03-31 22:00:00;1;2016;1,1;False;IPV817;2;-650,0
2016-06-30 22:00:00;1;2016;0,0;False;IPV817;3;-100,0
2016-09-30 22:00:00;1;2016;-0,7;False;IPV817;4;-inf
2016-12-31 23:00:00;1;2017;0,0;False;IPV817;1;-100,0
2017-03-31 22:00:00;1;2017;1,1;False;IPV817;2;inf
2017-06-30 22:00:00;1;2017;1,2;False;IPV817;3;9,1
2017-09-30 22:00:00;1;2017;-0,6;False;IPV817;4;-150,0
2017-12-31 23:00:00;1;2018;0,9;False;IPV817;1;-250,0
2018-03-31 22:00:00;1;2018;0,9;False;IPV817;2;0,0
2018-06-30 22:00:00;1;2018;2,1;False;IPV817;3;133,3
2018-09-30 22:00:00;1;2018;0,0;False;IPV817;4;-100,0
2018-12-31 23:00:00;1;2019;0,7;False;IPV817;1;inf
2019-03-31 22:00:00;1;2019;1,8;False;IPV817;2;157,1
2019-06-30 22:00:00;1;2019;0,8;False;IPV817;3;-55,6
2019-09-30 22:00:00;1;2019;0,6;False;IPV817;4;-25,0
2019-12-31 23:00:00;1;2020;-0,1;False;IPV817;1;-116,7
2020-03-31 22:00:00;1;2020;1,3;False;IPV817;2;-1400,0
2020-06-30 22:00:00;1;2020;0,3;False;IPV817;3;-76,9
2020-09-30 22:00:00;1;2020;0,9;False;IPV817;4;200,0
2020-12-31 23:00:00;1;2021;0,4;False;IPV817;1;-55,6
2021-03-31 22:00:00;1;2021;2,3;False;IPV817;2;475,0
2021-06-30 22:00:00;1;2021;2,6;False;IPV817;3;13,0
2021-09-30 22:00:00;1;2021;1,1;False;IPV817;4;-57,7
2021-12-31 23:00:00;1;2022;3,2;False;IPV817;1;190,9
2022-03-31 22:00:00;1;2022;2,2;False;IPV817;2;-31,2
2022-06-30 22:00:00;1;2022;0,8;False;IPV817;3;-63,6
2022-09-30 22:00:00;1;2022;-1,7;False;IPV817;4;-312,5
2022-12-31 23:00:00;1;2023;-0,1;False;IPV817;1;-94,1
2023-03-31 22:00:00;1;2023;2,0;False;IPV817;2;-2100,0
2023-06-30 22:00:00;1;2023;1,5;False;IPV817;3;-25,0
2023-09-30 22:00:00;1;2023;0,3;False;IPV817;4;-80,0
2023-12-31 23:00:00;1;2024;1,4;False;IPV817;1;366,7
2024-03-31 22:00:00;1;2024;4,1;False;IPV817;2;192,9
2024-06-30 22:00:00;1;2024;3,2;False;IPV817;3;-22,0
2024-09-30 22:00:00;1;2024;2,5;False;IPV817;4;-21,9
2024-12-31 23:00:00;1;2025;3,2;False;IPV817;1;28,0
2025-03-31 22:00:00;1;2025;5,3;False;IPV817;2;65,6
2025-06-30 22:00:00;1;2025;3,6;False;IPV817;3;-32,1
2025-09-30 22:00:00;1;2025;1,8;False;IPV817;4;-50,0
2006-12-31 23:00:00;1;2007;5,2;False;IPV818;1;0,0
2007-03-31 22:00:00;1;2007;8,6;False;IPV818;2;65,4
2007-06-30 22:00:00;1;2007;12,0;False;IPV818;3;39,5
2007-09-30 22:00:00;1;2007;15,6;False;IPV818;4;30,0
2007-12-31 23:00:00;1;2008;0,4;False;IPV818;1;-97,4
2008-03-31 22:00:00;1;2008;0,9;False;IPV818;2;125,0
2008-06-30 22:00:00;1;2008;2,8;False;IPV818;3;211,1
2008-09-30 22:00:00;1;2008;2,7;False;IPV818;4;-3,6
2008-12-31 23:00:00;1;2009;-0,3;False;IPV818;1;-111,1
2009-03-31 22:00:00;1;2009;-0,1;False;IPV818;2;-66,7
2009-06-30 22:00:00;1;2009;0,3;False;IPV818;3;-400,0
2009-09-30 22:00:00;1;2009;0,1;False;IPV818;4;-66,7
2009-12-31 23:00:00;1;2010;-1,9;False;IPV818;1;-2000,0
2010-03-31 22:00:00;1;2010;0,3;False;IPV818;2;-115,8
2010-06-30 22:00:00;1;2010;-0,9;False;IPV818;3;-400,0
2010-09-30 22:00:00;1;2010;-3,2;False;IPV818;4;255,6
2010-12-31 23:00:00;1;2011;-0,2;False;IPV818;1;-93,8
2011-03-31 22:00:00;1;2011;-0,8;False;IPV818;2;300,0
2011-06-30 22:00:00;1;2011;-2,5;False;IPV818;3;212,5
2011-09-30 22:00:00;1;2011;-5,1;False;IPV818;4;104,0
2011-12-31 23:00:00;1;2012;-4,5;False;IPV818;1;-11,8
2012-03-31 22:00:00;1;2012;-6,3;False;IPV818;2;40,0
2012-06-30 22:00:00;1;2012;-7,2;False;IPV818;3;14,3
2012-09-30 22:00:00;1;2012;-10,5;False;IPV818;4;45,8
2012-12-31 23:00:00;1;2013;-9,5;False;IPV818;1;-9,5
2013-03-31 22:00:00;1;2013;-14,6;False;IPV818;2;53,7
2013-06-30 22:00:00;1;2013;-13,7;False;IPV818;3;-6,2
2013-09-30 22:00:00;1;2013;-17,0;False;IPV818;4;24,1
2013-12-31 23:00:00;1;2014;1,0;False;IPV818;1;-105,9
2014-03-31 22:00:00;1;2014;2,1;False;IPV818;2;110,0
2014-06-30 22:00:00;1;2014;3,4;False;IPV818;3;61,9
2014-09-30 22:00:00;1;2014;2,4;False;IPV818;4;-29,4
2014-12-31 23:00:00;1;2015;1,0;False;IPV818;1;-58,3
2015-03-31 22:00:00;1;2015;3,4;False;IPV818;2;240,0
2015-06-30 22:00:00;1;2015;4,3;False;IPV818;3;26,5
2015-09-30 22:00:00;1;2015;4,6;False;IPV818;4;7,0
2015-12-31 23:00:00;1;2016;1,7;False;IPV818;1;-63,0
2016-03-31 22:00:00;1;2016;7,7;False;IPV818;2;352,9
2016-06-30 22:00:00;1;2016;5,8;False;IPV818;3;-24,7
2016-09-30 22:00:00;1;2016;4,1;False;IPV818;4;-29,3
2016-12-31 23:00:00;1;2017;1,7;False;IPV818;1;-58,5
2017-03-31 22:00:00;1;2017;3,1;False;IPV818;2;82,4
2017-06-30 22:00:00;1;2017;5,0;False;IPV818;3;61,3
2017-09-30 22:00:00;1;2017;2,9;False;IPV818;4;-42,0
2017-12-31 23:00:00;1;2018;2,8;False;IPV818;1;-3,4
2018-03-31 22:00:00;1;2018;4,5;False;IPV818;2;60,7
2018-06-30 22:00:00;1;2018;9,7;False;IPV818;3;115,6
2018-09-30 22:00:00;1;2018;7,6;False;IPV818;4;-21,6
2018-12-31 23:00:00;1;2019;4,1;False;IPV818;1;-46,1
2019-03-31 22:00:00;1;2019;8,0;False;IPV818;2;95,1
2019-06-30 22:00:00;1;2019;8,0;False;IPV818;3;0,0
2019-09-30 22:00:00;1;2019;9,4;False;IPV818;4;17,5
2019-12-31 23:00:00;1;2020;-0,4;False;IPV818;1;-104,3
2020-03-31 22:00:00;1;2020;3,6;False;IPV818;2;-1000,0
2020-06-30 22:00:00;1;2020;8,8;False;IPV818;3;144,4
2020-09-30 22:00:00;1;2020;7,7;False;IPV818;4;-12,5
2020-12-31 23:00:00;1;2021;-0,9;False;IPV818;1;-111,7
2021-03-31 22:00:00;1;2021;2,8;False;IPV818;2;-411,1
2021-06-30 22:00:00;1;2021;6,7;False;IPV818;3;139,3
2021-09-30 22:00:00;1;2021;7,3;False;IPV818;4;9,0
2021-12-31 23:00:00;1;2022;1,5;False;IPV818;1;-79,5
2022-03-31 22:00:00;1;2022;5,0;False;IPV818;2;233,3
2022-06-30 22:00:00;1;2022;4,2;False;IPV818;3;-16,0
2022-09-30 22:00:00;1;2022;7,1;False;IPV818;4;69,0
2022-12-31 23:00:00;1;2023;0,4;False;IPV818;1;-94,4
2023-03-31 22:00:00;1;2023;3,1;False;IPV818;2;675,0
2023-06-30 22:00:00;1;2023;3,8;False;IPV818;3;22,6
2023-09-30 22:00:00;1;2023;4,7;False;IPV818;4;23,7
2023-12-31 23:00:00;1;2024;4,4;False;IPV818;1;-6,4
2024-03-31 22:00:00;1;2024;6,1;False;IPV818;2;38,6
2024-06-30 22:00:00;1;2024;6,7;False;IPV818;3;9,8
2024-09-30 22:00:00;1;2024;12,5;False;IPV818;4;86,6
2024-12-31 23:00:00;1;2025;3,1;False;IPV818;1;-75,2
2025-03-31 22:00:00;1;2025;5,6;False;IPV818;2;80,6
2025-06-30 22:00:00;1;2025;6,5;False;IPV818;3;16,1
2025-09-30 22:00:00;1;2025;12,3;False;IPV818;4;89,2
2006-12-31 23:00:00;1;2007;15,7;False;IPV819;1;0,0
2007-03-31 22:00:00;1;2007;16,9;False;IPV819;2;7,6
2007-06-30 22:00:00;1;2007;16,7;False;IPV819;3;-1,2
2007-09-30 22:00:00;1;2007;15,6;False;IPV819;4;-6,6
2007-12-31 23:00:00;1;2008;10,4;False;IPV819;1;-33,3
2008-03-31 22:00:00;1;2008;7,5;False;IPV819;2;-27,9
2008-06-30 22:00:00;1;2008;6,1;False;IPV819;3;-18,7
2008-09-30 22:00:00;1;2008;2,7;False;IPV819;4;-55,7
2008-12-31 23:00:00;1;2009;2,0;False;IPV819;1;-25,9
2009-03-31 22:00:00;1;2009;1,7;False;IPV819;2;-15,0
2009-06-30 22:00:00;1;2009;0,3;False;IPV819;3;-82,4
2009-09-30 22:00:00;1;2009;0,1;False;IPV819;4;-66,7
2009-12-31 23:00:00;1;2010;-1,5;False;IPV819;1;-1600,0
2010-03-31 22:00:00;1;2010;0,5;False;IPV819;2;-133,3
2010-06-30 22:00:00;1;2010;-1,1;False;IPV819;3;-320,0
2010-09-30 22:00:00;1;2010;-3,2;False;IPV819;4;190,9
2010-12-31 23:00:00;1;2011;-1,5;False;IPV819;1;-53,1
2011-03-31 22:00:00;1;2011;-4,3;False;IPV819;2;186,7
2011-06-30 22:00:00;1;2011;-4,8;False;IPV819;3;11,6
2011-09-30 22:00:00;1;2011;-5,1;False;IPV819;4;6,2
2011-12-31 23:00:00;1;2012;-9,2;False;IPV819;1;80,4
2012-03-31 22:00:00;1;2012;-10,4;False;IPV819;2;13,0
2012-06-30 22:00:00;1;2012;-9,6;False;IPV819;3;-7,7
2012-09-30 22:00:00;1;2012;-10,5;False;IPV819;4;9,4
2012-12-31 23:00:00;1;2013;-15,2;False;IPV819;1;44,8
2013-03-31 22:00:00;1;2013;-18,4;False;IPV819;2;21,1
2013-06-30 22:00:00;1;2013;-16,8;False;IPV819;3;-8,7
2013-09-30 22:00:00;1;2013;-17,0;False;IPV819;4;1,2
2013-12-31 23:00:00;1;2014;-7,3;False;IPV819;1;-57,1
2014-03-31 22:00:00;1;2014;-0,7;False;IPV819;2;-90,4
2014-06-30 22:00:00;1;2014;-0,5;False;IPV819;3;-28,6
2014-09-30 22:00:00;1;2014;2,4;False;IPV819;4;-580,0
2014-12-31 23:00:00;1;2015;2,5;False;IPV819;1;4,2
2015-03-31 22:00:00;1;2015;3,7;False;IPV819;2;48,0
2015-06-30 22:00:00;1;2015;3,3;False;IPV819;3;-10,8
2015-09-30 22:00:00;1;2015;4,6;False;IPV819;4;39,4
2015-12-31 23:00:00;1;2016;5,3;False;IPV819;1;15,2
2016-03-31 22:00:00;1;2016;9,0;False;IPV819;2;69,8
2016-06-30 22:00:00;1;2016;6,2;False;IPV819;3;-31,1
2016-09-30 22:00:00;1;2016;4,1;False;IPV819;4;-33,9
2016-12-31 23:00:00;1;2017;4,1;False;IPV819;1;0,0
2017-03-31 22:00:00;1;2017;-0,3;False;IPV819;2;-107,3
2017-06-30 22:00:00;1;2017;3,3;False;IPV819;3;-1200,0
2017-09-30 22:00:00;1;2017;2,9;False;IPV819;4;-12,1
2017-12-31 23:00:00;1;2018;4,0;False;IPV819;1;37,9
2018-03-31 22:00:00;1;2018;4,3;False;IPV819;2;7,5
2018-06-30 22:00:00;1;2018;7,5;False;IPV819;3;74,4
2018-09-30 22:00:00;1;2018;7,6;False;IPV819;4;1,3
2018-12-31 23:00:00;1;2019;8,9;False;IPV819;1;17,1
2019-03-31 22:00:00;1;2019;11,1;False;IPV819;2;24,7
2019-06-30 22:00:00;1;2019;5,9;False;IPV819;3;-46,8
2019-09-30 22:00:00;1;2019;9,4;False;IPV819;4;59,3
2019-12-31 23:00:00;1;2020;4,6;False;IPV819;1;-51,1
2020-03-31 22:00:00;1;2020;5,0;False;IPV819;2;8,7
2020-06-30 22:00:00;1;2020;10,2;False;IPV819;3;104,0
2020-09-30 22:00:00;1;2020;7,7;False;IPV819;4;-24,5
2020-12-31 23:00:00;1;2021;7,2;False;IPV819;1;-6,5
2021-03-31 22:00:00;1;2021;6,8;False;IPV819;2;-5,6
2021-06-30 22:00:00;1;2021;5,5;False;IPV819;3;-19,1
2021-09-30 22:00:00;1;2021;7,3;False;IPV819;4;32,7
2021-12-31 23:00:00;1;2022;9,9;False;IPV819;1;35,6
2022-03-31 22:00:00;1;2022;9,6;False;IPV819;2;-3,0
2022-06-30 22:00:00;1;2022;4,8;False;IPV819;3;-50,0
2022-09-30 22:00:00;1;2022;7,1;False;IPV819;4;47,9
2022-12-31 23:00:00;1;2023;6,0;False;IPV819;1;-15,5
2023-03-31 22:00:00;1;2023;5,3;False;IPV819;2;-11,7
2023-06-30 22:00:00;1;2023;6,8;False;IPV819;3;28,3
2023-09-30 22:00:00;1;2023;4,7;False;IPV819;4;-30,9
2023-12-31 23:00:00;1;2024;8,9;False;IPV819;1;89,4
2024-03-31 22:00:00;1;2024;7,7;False;IPV819;2;-13,5
2024-06-30 22:00:00;1;2024;7,6;False;IPV819;3;-1,3
2024-09-30 22:00:00;1;2024;12,5;False;IPV819;4;64,5
2024-12-31 23:00:00;1;2025;11,1;False;IPV819;1;-11,2
2025-03-31 22:00:00;1;2025;12,0;False;IPV819;2;8,1
2025-06-30 22:00:00;1;2025;12,4;False;IPV819;3;3,3
2025-09-30 22:00:00;1;2025;12,3;False;IPV819;4;-0,8
2006-12-31 23:00:00;1;2007;5,2;False;IPV820;1;0,0
2007-03-31 22:00:00;1;2007;3,2;False;IPV820;2;-38,5
2007-06-30 22:00:00;1;2007;3,1;False;IPV820;3;-3,1
2007-09-30 22:00:00;1;2007;3,3;False;IPV820;4;6,5
2007-12-31 23:00:00;1;2008;0,4;False;IPV820;1;-87,9
2008-03-31 22:00:00;1;2008;0,5;False;IPV820;2;25,0
2008-06-30 22:00:00;1;2008;1,8;False;IPV820;3;260,0
2008-09-30 22:00:00;1;2008;-0,1;False;IPV820;4;-105,6
2008-12-31 23:00:00;1;2009;-0,3;False;IPV820;1;200,0
2009-03-31 22:00:00;1;2009;0,2;False;IPV820;2;-166,7
2009-06-30 22:00:00;1;2009;0,4;False;IPV820;3;100,0
2009-09-30 22:00:00;1;2009;-0,2;False;IPV820;4;-150,0
2009-12-31 23:00:00;1;2010;-1,9;False;IPV820;1;850,0
2010-03-31 22:00:00;1;2010;2,3;False;IPV820;2;-221,1
2010-06-30 22:00:00;1;2010;-1,2;False;IPV820;3;-152,2
2010-09-30 22:00:00;1;2010;-2,4;False;IPV820;4;100,0
2010-12-31 23:00:00;1;2011;-0,2;False;IPV820;1;-91,7
2011-03-31 22:00:00;1;2011;-0,6;False;IPV820;2;200,0
2011-06-30 22:00:00;1;2011;-1,8;False;IPV820;3;200,0
2011-09-30 22:00:00;1;2011;-2,6;False;IPV820;4;44,4
2011-12-31 23:00:00;1;2012;-4,5;False;IPV820;1;73,1
2012-03-31 22:00:00;1;2012;-1,9;False;IPV820;2;-57,8
2012-06-30 22:00:00;1;2012;-0,9;False;IPV820;3;-52,6
2012-09-30 22:00:00;1;2012;-3,6;False;IPV820;4;300,0
2012-12-31 23:00:00;1;2013;-9,5;False;IPV820;1;163,9
2013-03-31 22:00:00;1;2013;-5,6;False;IPV820;2;-41,1
2013-06-30 22:00:00;1;2013;1,1;False;IPV820;3;-119,6
2013-09-30 22:00:00;1;2013;-3,8;False;IPV820;4;-445,5
2013-12-31 23:00:00;1;2014;1,0;False;IPV820;1;-126,3
2014-03-31 22:00:00;1;2014;1,2;False;IPV820;2;20,0
2014-06-30 22:00:00;1;2014;1,2;False;IPV820;3;0,0
2014-09-30 22:00:00;1;2014;-0,9;False;IPV820;4;-175,0
2014-12-31 23:00:00;1;2015;1,0;False;IPV820;1;-211,1
2015-03-31 22:00:00;1;2015;2,4;False;IPV820;2;140,0
2015-06-30 22:00:00;1;2015;0,8;False;IPV820;3;-66,7
2015-09-30 22:00:00;1;2015;0,3;False;IPV820;4;-62,5
2015-12-31 23:00:00;1;2016;1,7;False;IPV820;1;466,7
2016-03-31 22:00:00;1;2016;5,9;False;IPV820;2;247,1
2016-06-30 22:00:00;1;2016;-1,8;False;IPV820;3;-130,5
2016-09-30 22:00:00;1;2016;-1,6;False;IPV820;4;-11,1
2016-12-31 23:00:00;1;2017;1,7;False;IPV820;1;-206,2
2017-03-31 22:00:00;1;2017;1,4;False;IPV820;2;-17,6
2017-06-30 22:00:00;1;2017;1,8;False;IPV820;3;28,6
2017-09-30 22:00:00;1;2017;-2,0;False;IPV820;4;-211,1
2017-12-31 23:00:00;1;2018;2,8;False;IPV820;1;-240,0
2018-03-31 22:00:00;1;2018;1,7;False;IPV820;2;-39,3
2018-06-30 22:00:00;1;2018;4,9;False;IPV820;3;188,2
2018-09-30 22:00:00;1;2018;-1,9;False;IPV820;4;-138,8
2018-12-31 23:00:00;1;2019;4,1;False;IPV820;1;-315,8
2019-03-31 22:00:00;1;2019;3,7;False;IPV820;2;-9,8
2019-06-30 22:00:00;1;2019;0,0;False;IPV820;3;-100,0
2019-09-30 22:00:00;1;2019;1,3;False;IPV820;4;inf
2019-12-31 23:00:00;1;2020;-0,4;False;IPV820;1;-130,8
2020-03-31 22:00:00;1;2020;4,1;False;IPV820;2;-1125,0
2020-06-30 22:00:00;1;2020;5,0;False;IPV820;3;22,0
2020-09-30 22:00:00;1;2020;-1,1;False;IPV820;4;-122,0
2020-12-31 23:00:00;1;2021;-0,9;False;IPV820;1;-18,2
2021-03-31 22:00:00;1;2021;3,6;False;IPV820;2;-500,0
2021-06-30 22:00:00;1;2021;3,8;False;IPV820;3;5,6
2021-09-30 22:00:00;1;2021;0,6;False;IPV820;4;-84,2
2021-12-31 23:00:00;1;2022;1,5;False;IPV820;1;150,0
2022-03-31 22:00:00;1;2022;3,4;False;IPV820;2;126,7
2022-06-30 22:00:00;1;2022;-0,8;False;IPV820;3;-123,5
2022-09-30 22:00:00;1;2022;2,9;False;IPV820;4;-462,5
2022-12-31 23:00:00;1;2023;0,4;False;IPV820;1;-86,2
2023-03-31 22:00:00;1;2023;2,7;False;IPV820;2;575,0
2023-06-30 22:00:00;1;2023;0,6;False;IPV820;3;-77,8
2023-09-30 22:00:00;1;2023;0,9;False;IPV820;4;50,0
2023-12-31 23:00:00;1;2024;4,4;False;IPV820;1;388,9
2024-03-31 22:00:00;1;2024;1,6;False;IPV820;2;-63,6
2024-06-30 22:00:00;1;2024;0,6;False;IPV820;3;-62,5
2024-09-30 22:00:00;1;2024;5,5;False;IPV820;4;816,7
2024-12-31 23:00:00;1;2025;3,1;False;IPV820;1;-43,6
2025-03-31 22:00:00;1;2025;2,4;False;IPV820;2;-22,6
2025-06-30 22:00:00;1;2025;0,9;False;IPV820;3;-62,5
2025-09-30 22:00:00;1;2025;5,4;False;IPV820;4;500,0
2006-12-31 23:00:00;1;2007;4,4;False;IPV821;1;0,0
2007-03-31 22:00:00;1;2007;8,1;False;IPV821;2;84,1
2007-06-30 22:00:00;1;2007;10,9;False;IPV821;3;34,6
2007-09-30 22:00:00;1;2007;13,0;False;IPV821;4;19,3
2007-12-31 23:00:00;1;2008;0,3;False;IPV821;1;-97,7
2008-03-31 22:00:00;1;2008;0,1;False;IPV821;2;-66,7
2008-06-30 22:00:00;1;2008;0,3;False;IPV821;3;200,0
2008-09-30 22:00:00;1;2008;-0,8;False;IPV821;4;-366,7
2008-12-31 23:00:00;1;2009;-0,5;False;IPV821;1;-37,5
2009-03-31 22:00:00;1;2009;-0,4;False;IPV821;2;-20,0
2009-06-30 22:00:00;1;2009;0,0;False;IPV821;3;-100,0
2009-09-30 22:00:00;1;2009;0,0;False;IPV821;4;0,0
2009-12-31 23:00:00;1;2010;-1,6;False;IPV821;1;-inf
2010-03-31 22:00:00;1;2010;0,4;False;IPV821;2;-125,0
2010-06-30 22:00:00;1;2010;-1,1;False;IPV821;3;-375,0
2010-09-30 22:00:00;1;2010;-2,6;False;IPV821;4;136,4
2010-12-31 23:00:00;1;2011;-1,4;False;IPV821;1;-46,2
2011-03-31 22:00:00;1;2011;-2,3;False;IPV821;2;64,3
2011-06-30 22:00:00;1;2011;-4,1;False;IPV821;3;78,3
2011-09-30 22:00:00;1;2011;-7,1;False;IPV821;4;73,2
2011-12-31 23:00:00;1;2012;-4,9;False;IPV821;1;-31,0
2012-03-31 22:00:00;1;2012;-6,8;False;IPV821;2;38,8
2012-06-30 22:00:00;1;2012;-8,3;False;IPV821;3;22,1
2012-09-30 22:00:00;1;2012;-11,5;False;IPV821;4;38,6
2012-12-31 23:00:00;1;2013;-9,4;False;IPV821;1;-18,3
2013-03-31 22:00:00;1;2013;-12,1;False;IPV821;2;28,7
2013-06-30 22:00:00;1;2013;-12,0;False;IPV821;3;-0,8
2013-09-30 22:00:00;1;2013;-13,8;False;IPV821;4;15,0
2013-12-31 23:00:00;1;2014;0,5;False;IPV821;1;-103,6
2014-03-31 22:00:00;1;2014;3,1;False;IPV821;2;520,0
2014-06-30 22:00:00;1;2014;3,6;False;IPV821;3;16,1
2014-09-30 22:00:00;1;2014;2,7;False;IPV821;4;-25,0
2014-12-31 23:00:00;1;2015;-1,0;False;IPV821;1;-137,0
2015-03-31 22:00:00;1;2015;2,3;False;IPV821;2;-330,0
2015-06-30 22:00:00;1;2015;2,6;False;IPV821;3;13,0
2015-09-30 22:00:00;1;2015;1,8;False;IPV821;4;-30,8
2015-12-31 23:00:00;1;2016;0,0;False;IPV821;1;-100,0
2016-03-31 22:00:00;1;2016;1,8;False;IPV821;2;inf
2016-06-30 22:00:00;1;2016;1,6;False;IPV821;3;-11,1
2016-09-30 22:00:00;1;2016;0,7;False;IPV821;4;-56,2
2016-12-31 23:00:00;1;2017;0,3;False;IPV821;1;-57,1
2017-03-31 22:00:00;1;2017;1,4;False;IPV821;2;366,7
2017-06-30 22:00:00;1;2017;2,6;False;IPV821;3;85,7
2017-09-30 22:00:00;1;2017;1,9;False;IPV821;4;-26,9
2017-12-31 23:00:00;1;2018;1,1;False;IPV821;1;-42,1
2018-03-31 22:00:00;1;2018;2,2;False;IPV821;2;100,0
2018-06-30 22:00:00;1;2018;4,7;False;IPV821;3;113,6
2018-09-30 22:00:00;1;2018;4,5;False;IPV821;4;-4,3
2018-12-31 23:00:00;1;2019;1,1;False;IPV821;1;-75,6
2019-03-31 22:00:00;1;2019;3,2;False;IPV821;2;190,9
2019-06-30 22:00:00;1;2019;3,9;False;IPV821;3;21,9
2019-09-30 22:00:00;1;2019;4,6;False;IPV821;4;17,9
2019-12-31 23:00:00;1;2020;-0,1;False;IPV821;1;-102,2
2020-03-31 22:00:00;1;2020;1,5;False;IPV821;2;-1600,0
2020-06-30 22:00:00;1;2020;2,3;False;IPV821;3;53,3
2020-09-30 22:00:00;1;2020;3,0;False;IPV821;4;30,4
2020-12-31 23:00:00;1;2021;0,3;False;IPV821;1;-90,0
2021-03-31 22:00:00;1;2021;2,8;False;IPV821;2;833,3
2021-06-30 22:00:00;1;2021;5,6;False;IPV821;3;100,0
2021-09-30 22:00:00;1;2021;6,6;False;IPV821;4;17,9
2021-12-31 23:00:00;1;2022;3,0;False;IPV821;1;-54,5
2022-03-31 22:00:00;1;2022;5,4;False;IPV821;2;80,0
2022-06-30 22:00:00;1;2022;6,0;False;IPV821;3;11,1
2022-09-30 22:00:00;1;2022;4,8;False;IPV821;4;-20,0
2022-12-31 23:00:00;1;2023;-0,1;False;IPV821;1;-102,1
2023-03-31 22:00:00;1;2023;2,0;False;IPV821;2;-2100,0
2023-06-30 22:00:00;1;2023;3,4;False;IPV821;3;70,0
2023-09-30 22:00:00;1;2023;3,8;False;IPV821;4;11,8
2023-12-31 23:00:00;1;2024;1,7;False;IPV821;1;-55,3
2024-03-31 22:00:00;1;2024;5,6;False;IPV821;2;229,4
2024-06-30 22:00:00;1;2024;8,6;False;IPV821;3;53,6
2024-09-30 22:00:00;1;2024;11,7;False;IPV821;4;36,0
2024-12-31 23:00:00;1;2025;3,2;False;IPV821;1;-72,6
2025-03-31 22:00:00;1;2025;8,3;False;IPV821;2;159,4
2025-06-30 22:00:00;1;2025;11,8;False;IPV821;3;42,2
2025-09-30 22:00:00;1;2025;14,4;False;IPV821;4;22,0
2006-12-31 23:00:00;1;2007;15,5;False;IPV822;1;0,0
2007-03-31 22:00:00;1;2007;15,6;False;IPV822;2;0,6
2007-06-30 22:00:00;1;2007;15,0;False;IPV822;3;-3,8
2007-09-30 22:00:00;1;2007;13,0;False;IPV822;4;-13,3
2007-12-31 23:00:00;1;2008;8,5;False;IPV822;1;-34,6
2008-03-31 22:00:00;1;2008;4,6;False;IPV822;2;-45,9
2008-06-30 22:00:00;1;2008;2,1;False;IPV822;3;-54,3
2008-09-30 22:00:00;1;2008;-0,8;False;IPV822;4;-138,1
2008-12-31 23:00:00;1;2009;-1,6;False;IPV822;1;100,0
2009-03-31 22:00:00;1;2009;-1,3;False;IPV822;2;-18,8
2009-06-30 22:00:00;1;2009;-1,1;False;IPV822;3;-15,4
2009-09-30 22:00:00;1;2009;0,0;False;IPV822;4;-100,0
2009-12-31 23:00:00;1;2010;-1,1;False;IPV822;1;-inf
2010-03-31 22:00:00;1;2010;0,7;False;IPV822;2;-163,6
2010-06-30 22:00:00;1;2010;-1,2;False;IPV822;3;-271,4
2010-09-30 22:00:00;1;2010;-2,6;False;IPV822;4;116,7
2010-12-31 23:00:00;1;2011;-2,4;False;IPV822;1;-7,7
2011-03-31 22:00:00;1;2011;-5,2;False;IPV822;2;116,7
2011-06-30 22:00:00;1;2011;-5,5;False;IPV822;3;5,8
2011-09-30 22:00:00;1;2011;-7,1;False;IPV822;4;29,1
2011-12-31 23:00:00;1;2012;-10,4;False;IPV822;1;46,5
2012-03-31 22:00:00;1;2012;-11,4;False;IPV822;2;9,6
2012-06-30 22:00:00;1;2012;-11,3;False;IPV822;3;-0,9
2012-09-30 22:00:00;1;2012;-11,5;False;IPV822;4;1,8
2012-12-31 23:00:00;1;2013;-15,7;False;IPV822;1;36,5
2013-03-31 22:00:00;1;2013;-16,6;False;IPV822;2;5,7
2013-06-30 22:00:00;1;2013;-15,0;False;IPV822;3;-9,6
2013-09-30 22:00:00;1;2013;-13,8;False;IPV822;4;-8,0
2013-12-31 23:00:00;1;2014;-4,4;False;IPV822;1;-68,1
2014-03-31 22:00:00;1;2014;1,2;False;IPV822;2;-127,3
2014-06-30 22:00:00;1;2014;1,5;False;IPV822;3;25,0
2014-09-30 22:00:00;1;2014;2,7;False;IPV822;4;80,0
2014-12-31 23:00:00;1;2015;1,2;False;IPV822;1;-55,6
2015-03-31 22:00:00;1;2015;1,9;False;IPV822;2;58,3
2015-06-30 22:00:00;1;2015;1,8;False;IPV822;3;-5,3
2015-09-30 22:00:00;1;2015;1,8;False;IPV822;4;0,0
2015-12-31 23:00:00;1;2016;2,9;False;IPV822;1;61,1
2016-03-31 22:00:00;1;2016;1,4;False;IPV822;2;-51,7
2016-06-30 22:00:00;1;2016;0,7;False;IPV822;3;-50,0
2016-09-30 22:00:00;1;2016;0,7;False;IPV822;4;0,0
2016-12-31 23:00:00;1;2017;0,9;False;IPV822;1;28,6
2017-03-31 22:00:00;1;2017;0,3;False;IPV822;2;-66,7
2017-06-30 22:00:00;1;2017;1,8;False;IPV822;3;500,0
2017-09-30 22:00:00;1;2017;1,9;False;IPV822;4;5,6
2017-12-31 23:00:00;1;2018;2,7;False;IPV822;1;42,1
2018-03-31 22:00:00;1;2018;2,6;False;IPV822;2;-3,7
2018-06-30 22:00:00;1;2018;3,9;False;IPV822;3;50,0
2018-09-30 22:00:00;1;2018;4,5;False;IPV822;4;15,4
2018-12-31 23:00:00;1;2019;4,5;False;IPV822;1;0,0
2019-03-31 22:00:00;1;2019;5,5;False;IPV822;2;22,2
2019-06-30 22:00:00;1;2019;3,7;False;IPV822;3;-32,7
2019-09-30 22:00:00;1;2019;4,6;False;IPV822;4;24,3
2019-12-31 23:00:00;1;2020;3,3;False;IPV822;1;-28,3
2020-03-31 22:00:00;1;2020;2,9;False;IPV822;2;-12,1
2020-06-30 22:00:00;1;2020;3,0;False;IPV822;3;3,4
2020-09-30 22:00:00;1;2020;3,0;False;IPV822;4;0,0
2020-12-31 23:00:00;1;2021;3,5;False;IPV822;1;16,7
2021-03-31 22:00:00;1;2021;4,4;False;IPV822;2;25,7
2021-06-30 22:00:00;1;2021;6,3;False;IPV822;3;43,2
2021-09-30 22:00:00;1;2021;6,6;False;IPV822;4;4,8
2021-12-31 23:00:00;1;2022;9,5;False;IPV822;1;43,9
2022-03-31 22:00:00;1;2022;9,3;False;IPV822;2;-2,1
2022-06-30 22:00:00;1;2022;7,1;False;IPV822;3;-23,7
2022-09-30 22:00:00;1;2022;4,8;False;IPV822;4;-32,4
2022-12-31 23:00:00;1;2023;1,7;False;IPV822;1;-64,6
2023-03-31 22:00:00;1;2023;1,4;False;IPV822;2;-17,6
2023-06-30 22:00:00;1;2023;2,3;False;IPV822;3;64,3
2023-09-30 22:00:00;1;2023;3,8;False;IPV822;4;65,2
2023-12-31 23:00:00;1;2024;5,7;False;IPV822;1;50,0
2024-03-31 22:00:00;1;2024;7,5;False;IPV822;2;31,6
2024-06-30 22:00:00;1;2024;9,0;False;IPV822;3;20,0
2024-09-30 22:00:00;1;2024;11,7;False;IPV822;4;30,0
2024-12-31 23:00:00;1;2025;13,3;False;IPV822;1;13,7
2025-03-31 22:00:00;1;2025;14,6;False;IPV822;2;9,8
2025-06-30 22:00:00;1;2025;15,0;False;IPV822;3;2,7
2025-09-30 22:00:00;1;2025;14,4;False;IPV822;4;-4,0
2006-12-31 23:00:00;1;2007;4,4;False;IPV823;1;0,0
2007-03-31 22:00:00;1;2007;3,6;False;IPV823;2;-18,2
2007-06-30 22:00:00;1;2007;2,6;False;IPV823;3;-27,8
2007-09-30 22:00:00;1;2007;1,8;False;IPV823;4;-30,8
2007-12-31 23:00:00;1;2008;0,3;False;IPV823;1;-83,3
2008-03-31 22:00:00;1;2008;-0,2;False;IPV823;2;-166,7
2008-06-30 22:00:00;1;2008;0,2;False;IPV823;3;-200,0
2008-09-30 22:00:00;1;2008;-1,1;False;IPV823;4;-650,0
2008-12-31 23:00:00;1;2009;-0,5;False;IPV823;1;-54,5
2009-03-31 22:00:00;1;2009;0,2;False;IPV823;2;-140,0
2009-06-30 22:00:00;1;2009;0,4;False;IPV823;3;100,0
2009-09-30 22:00:00;1;2009;-0,1;False;IPV823;4;-125,0
2009-12-31 23:00:00;1;2010;-1,6;False;IPV823;1;1500,0
2010-03-31 22:00:00;1;2010;2,0;False;IPV823;2;-225,0
2010-06-30 22:00:00;1;2010;-1,5;False;IPV823;3;-175,0
2010-09-30 22:00:00;1;2010;-1,5;False;IPV823;4;0,0
2010-12-31 23:00:00;1;2011;-1,4;False;IPV823;1;-6,7
2011-03-31 22:00:00;1;2011;-0,9;False;IPV823;2;-35,7
2011-06-30 22:00:00;1;2011;-1,8;False;IPV823;3;100,0
2011-09-30 22:00:00;1;2011;-3,2;False;IPV823;4;77,8
2011-12-31 23:00:00;1;2012;-4,9;False;IPV823;1;53,1
2012-03-31 22:00:00;1;2012;-2,0;False;IPV823;2;-59,2
2012-06-30 22:00:00;1;2012;-1,6;False;IPV823;3;-20,0
2012-09-30 22:00:00;1;2012;-3,5;False;IPV823;4;118,8
2012-12-31 23:00:00;1;2013;-9,4;False;IPV823;1;168,6
2013-03-31 22:00:00;1;2013;-3,0;False;IPV823;2;-68,1
2013-06-30 22:00:00;1;2013;0,2;False;IPV823;3;-106,7
2013-09-30 22:00:00;1;2013;-2,1;False;IPV823;4;-1150,0
2013-12-31 23:00:00;1;2014;0,5;False;IPV823;1;-123,8
2014-03-31 22:00:00;1;2014;2,6;False;IPV823;2;420,0
2014-06-30 22:00:00;1;2014;0,5;False;IPV823;3;-80,8
2014-09-30 22:00:00;1;2014;-0,9;False;IPV823;4;-280,0
2014-12-31 23:00:00;1;2015;-1,0;False;IPV823;1;11,1
2015-03-31 22:00:00;1;2015;3,3;False;IPV823;2;-430,0
2015-06-30 22:00:00;1;2015;0,4;False;IPV823;3;-87,9
2015-09-30 22:00:00;1;2015;-0,8;False;IPV823;4;-300,0
2015-12-31 23:00:00;1;2016;0,0;False;IPV823;1;-100,0
2016-03-31 22:00:00;1;2016;1,8;False;IPV823;2;inf
2016-06-30 22:00:00;1;2016;-0,3;False;IPV823;3;-116,7
2016-09-30 22:00:00;1;2016;-0,9;False;IPV823;4;200,0
2016-12-31 23:00:00;1;2017;0,3;False;IPV823;1;-133,3
2017-03-31 22:00:00;1;2017;1,1;False;IPV823;2;266,7
2017-06-30 22:00:00;1;2017;1,2;False;IPV823;3;9,1
2017-09-30 22:00:00;1;2017;-0,8;False;IPV823;4;-166,7
2017-12-31 23:00:00;1;2018;1,1;False;IPV823;1;-237,5
2018-03-31 22:00:00;1;2018;1,0;False;IPV823;2;-9,1
2018-06-30 22:00:00;1;2018;2,5;False;IPV823;3;150,0
2018-09-30 22:00:00;1;2018;-0,2;False;IPV823;4;-108,0
2018-12-31 23:00:00;1;2019;1,1;False;IPV823;1;-650,0
2019-03-31 22:00:00;1;2019;2,1;False;IPV823;2;90,9
2019-06-30 22:00:00;1;2019;0,7;False;IPV823;3;-66,7
2019-09-30 22:00:00;1;2019;0,7;False;IPV823;4;0,0
2019-12-31 23:00:00;1;2020;-0,1;False;IPV823;1;-114,3
2020-03-31 22:00:00;1;2020;1,6;False;IPV823;2;-1700,0
2020-06-30 22:00:00;1;2020;0,9;False;IPV823;3;-43,8
2020-09-30 22:00:00;1;2020;0,7;False;IPV823;4;-22,2
2020-12-31 23:00:00;1;2021;0,3;False;IPV823;1;-57,1
2021-03-31 22:00:00;1;2021;2,5;False;IPV823;2;733,3
2021-06-30 22:00:00;1;2021;2,7;False;IPV823;3;8,0
2021-09-30 22:00:00;1;2021;1,0;False;IPV823;4;-63,0
2021-12-31 23:00:00;1;2022;3,0;False;IPV823;1;200,0
2022-03-31 22:00:00;1;2022;2,4;False;IPV823;2;-20,0
2022-06-30 22:00:00;1;2022;0,6;False;IPV823;3;-75,0
2022-09-30 22:00:00;1;2022;-1,1;False;IPV823;4;-283,3
2022-12-31 23:00:00;1;2023;-0,1;False;IPV823;1;-90,9
2023-03-31 22:00:00;1;2023;2,0;False;IPV823;2;-2100,0
2023-06-30 22:00:00;1;2023;1,4;False;IPV823;3;-30,0
2023-09-30 22:00:00;1;2023;0,4;False;IPV823;4;-71,4
2023-12-31 23:00:00;1;2024;1,7;False;IPV823;1;325,0
2024-03-31 22:00:00;1;2024;3,8;False;IPV823;2;123,5
2024-06-30 22:00:00;1;2024;2,9;False;IPV823;3;-23,7
2024-09-30 22:00:00;1;2024;2,8;False;IPV823;4;-3,4
2024-12-31 23:00:00;1;2025;3,2;False;IPV823;1;14,3
2025-03-31 22:00:00;1;2025;5,0;False;IPV823;2;56,2
2025-06-30 22:00:00;1;2025;3,3;False;IPV823;3;-34,0
2025-09-30 22:00:00;1;2025;2,3;False;IPV823;4;-30,3
2006-12-31 23:00:00;1;2007;2,2;False;IPV824;1;0,0
2007-03-31 22:00:00;1;2007;4,2;False;IPV824;2;90,9
2007-06-30 22:00:00;1;2007;3,5;False;IPV824;3;-16,7
2007-09-30 22:00:00;1;2007;-2,0;False;IPV824;4;-157,1
2007-12-31 23:00:00;1;2008;-2,2;False;IPV824;1;10,0
2008-03-31 22:00:00;1;2008;-3,2;False;IPV824;2;45,5
2008-06-30 22:00:00;1;2008;-7,3;False;IPV824;3;128,1
2008-09-30 22:00:00;1;2008;-12,9;False;IPV824;4;76,7
2008-12-31 23:00:00;1;2009;-1,6;False;IPV824;1;-87,6
2009-03-31 22:00:00;1;2009;-3,0;False;IPV824;2;87,5
2009-06-30 22:00:00;1;2009;-2,6;False;IPV824;3;-13,3
2009-09-30 22:00:00;1;2009;-2,9;False;IPV824;4;11,5
2009-12-31 23:00:00;1;2010;-0,1;False;IPV824;1;-96,6
2010-03-31 22:00:00;1;2010;1,6;False;IPV824;2;-1700,0
2010-06-30 22:00:00;1;2010;-0,8;False;IPV824;3;-150,0
2010-09-30 22:00:00;1;2010;-0,3;False;IPV824;4;-62,5
2010-12-31 23:00:00;1;2011;-6,3;False;IPV824;1;2000,0
2011-03-31 22:00:00;1;2011;-7,4;False;IPV824;2;17,5
2011-06-30 22:00:00;1;2011;-10,6;False;IPV824;3;43,2
2011-09-30 22:00:00;1;2011;-16,8;False;IPV824;4;58,5
2011-12-31 23:00:00;1;2012;-3,1;False;IPV824;1;-81,5
2012-03-31 22:00:00;1;2012;-7,6;False;IPV824;2;145,2
2012-06-30 22:00:00;1;2012;-12,4;False;IPV824;3;63,2
2012-09-30 22:00:00;1;2012;-14,5;False;IPV824;4;16,9
2012-12-31 23:00:00;1;2013;-6,6;False;IPV824;1;-54,5
2013-03-31 22:00:00;1;2013;-5,4;False;IPV824;2;-18,2
2013-06-30 22:00:00;1;2013;-6,3;False;IPV824;3;16,7
2013-09-30 22:00:00;1;2013;-7,3;False;IPV824;4;15,9
2013-12-31 23:00:00;1;2014;1,3;False;IPV824;1;-117,8
2014-03-31 22:00:00;1;2014;3,1;False;IPV824;2;138,5
2014-06-30 22:00:00;1;2014;3,5;False;IPV824;3;12,9
2014-09-30 22:00:00;1;2014;3,0;False;IPV824;4;-14,3
2014-12-31 23:00:00;1;2015;0,3;False;IPV824;1;-90,0
2015-03-31 22:00:00;1;2015;6,0;False;IPV824;2;1900,0
2015-06-30 22:00:00;1;2015;7,2;False;IPV824;3;20,0
2015-09-30 22:00:00;1;2015;7,4;False;IPV824;4;2,8
2015-12-31 23:00:00;1;2016;2,6;False;IPV824;1;-64,9
2016-03-31 22:00:00;1;2016;5,6;False;IPV824;2;115,4
2016-06-30 22:00:00;1;2016;7,4;False;IPV824;3;32,1
2016-09-30 22:00:00;1;2016;9,5;False;IPV824;4;28,4
2016-12-31 23:00:00;1;2017;4,1;False;IPV824;1;-56,8
2017-03-31 22:00:00;1;2017;7,5;False;IPV824;2;82,9
2017-06-30 22:00:00;1;2017;10,5;False;IPV824;3;40,0
2017-09-30 22:00:00;1;2017;12,2;False;IPV824;4;16,2
2017-12-31 23:00:00;1;2018;3,0;False;IPV824;1;-75,4
2018-03-31 22:00:00;1;2018;6,3;False;IPV824;2;110,0
2018-06-30 22:00:00;1;2018;10,1;False;IPV824;3;60,3
2018-09-30 22:00:00;1;2018;10,0;False;IPV824;4;-1,0
2018-12-31 23:00:00;1;2019;2,0;False;IPV824;1;-80,0
2019-03-31 22:00:00;1;2019;2,8;False;IPV824;2;40,0
2019-06-30 22:00:00;1;2019;4,5;False;IPV824;3;60,7
2019-09-30 22:00:00;1;2019;2,5;False;IPV824;4;-44,4
2019-12-31 23:00:00;1;2020;1,2;False;IPV824;1;-52,0
2020-03-31 22:00:00;1;2020;1,7;False;IPV824;2;41,7
2020-06-30 22:00:00;1;2020;2,1;False;IPV824;3;23,5
2020-09-30 22:00:00;1;2020;-0,4;False;IPV824;4;-119,0
2020-12-31 23:00:00;1;2021;1,3;False;IPV824;1;-425,0
2021-03-31 22:00:00;1;2021;3,0;False;IPV824;2;130,8
2021-06-30 22:00:00;1;2021;4,7;False;IPV824;3;56,7
2021-09-30 22:00:00;1;2021;5,2;False;IPV824;4;10,6
2021-12-31 23:00:00;1;2022;2,6;False;IPV824;1;-50,0
2022-03-31 22:00:00;1;2022;4,5;False;IPV824;2;73,1
2022-06-30 22:00:00;1;2022;7,4;False;IPV824;3;64,4
2022-09-30 22:00:00;1;2022;5,2;False;IPV824;4;-29,7
2022-12-31 23:00:00;1;2023;0,5;False;IPV824;1;-90,4
2023-03-31 22:00:00;1;2023;2,4;False;IPV824;2;380,0
2023-06-30 22:00:00;1;2023;4,3;False;IPV824;3;79,2
2023-09-30 22:00:00;1;2023;3,1;False;IPV824;4;-27,9
2023-12-31 23:00:00;1;2024;2,1;False;IPV824;1;-32,3
2024-03-31 22:00:00;1;2024;5,6;False;IPV824;2;166,7
2024-06-30 22:00:00;1;2024;8,3;False;IPV824;3;48,2
2024-09-30 22:00:00;1;2024;10,6;False;IPV824;4;27,7
2024-12-31 23:00:00;1;2025;3,1;False;IPV824;1;-70,8
2025-03-31 22:00:00;1;2025;8,2;False;IPV824;2;164,5
2025-06-30 22:00:00;1;2025;12,5;False;IPV824;3;52,4
2025-09-30 22:00:00;1;2025;14,5;False;IPV824;4;16,0
2006-12-31 23:00:00;1;2007;11,5;False;IPV825;1;0,0
2007-03-31 22:00:00;1;2007;9,3;False;IPV825;2;-19,1
2007-06-30 22:00:00;1;2007;5,1;False;IPV825;3;-45,2
2007-09-30 22:00:00;1;2007;-2,0;False;IPV825;4;-139,2
2007-12-31 23:00:00;1;2008;-6,2;False;IPV825;1;210,0
2008-03-31 22:00:00;1;2008;-8,9;False;IPV825;2;43,5
2008-06-30 22:00:00;1;2008;-12,2;False;IPV825;3;37,1
2008-09-30 22:00:00;1;2008;-12,9;False;IPV825;4;5,7
2008-12-31 23:00:00;1;2009;-12,4;False;IPV825;1;-3,9
2009-03-31 22:00:00;1;2009;-12,7;False;IPV825;2;2,4
2009-06-30 22:00:00;1;2009;-8,5;False;IPV825;3;-33,1
2009-09-30 22:00:00;1;2009;-2,9;False;IPV825;4;-65,9
2009-12-31 23:00:00;1;2010;-1,4;False;IPV825;1;-51,7
2010-03-31 22:00:00;1;2010;1,8;False;IPV825;2;-228,6
2010-06-30 22:00:00;1;2010;-1,0;False;IPV825;3;-155,6
2010-09-30 22:00:00;1;2010;-0,3;False;IPV825;4;-70,0
2010-12-31 23:00:00;1;2011;-6,5;False;IPV825;1;2066,7
2011-03-31 22:00:00;1;2011;-9,2;False;IPV825;2;41,5
2011-06-30 22:00:00;1;2011;-10,2;False;IPV825;3;10,9
2011-09-30 22:00:00;1;2011;-16,8;False;IPV825;4;64,7
2011-12-31 23:00:00;1;2012;-14,0;False;IPV825;1;-16,7
2012-03-31 22:00:00;1;2012;-17,0;False;IPV825;2;21,4
2012-06-30 22:00:00;1;2012;-18,5;False;IPV825;3;8,8
2012-09-30 22:00:00;1;2012;-14,5;False;IPV825;4;-21,6
2012-12-31 23:00:00;1;2013;-17,7;False;IPV825;1;22,1
2013-03-31 22:00:00;1;2013;-12,5;False;IPV825;2;-29,4
2013-06-30 22:00:00;1;2013;-8,6;False;IPV825;3;-31,2
2013-09-30 22:00:00;1;2013;-7,3;False;IPV825;4;-15,1
2013-12-31 23:00:00;1;2014;0,6;False;IPV825;1;-108,2
2014-03-31 22:00:00;1;2014;1,0;False;IPV825;2;66,7
2014-06-30 22:00:00;1;2014;2,4;False;IPV825;3;140,0
2014-09-30 22:00:00;1;2014;3,0;False;IPV825;4;25,0
2014-12-31 23:00:00;1;2015;2,0;False;IPV825;1;-33,3
2015-03-31 22:00:00;1;2015;5,9;False;IPV825;2;195,0
2015-06-30 22:00:00;1;2015;6,7;False;IPV825;3;13,6
2015-09-30 22:00:00;1;2015;7,4;False;IPV825;4;10,4
2015-12-31 23:00:00;1;2016;9,9;False;IPV825;1;33,8
2016-03-31 22:00:00;1;2016;7,0;False;IPV825;2;-29,3
2016-06-30 22:00:00;1;2016;7,6;False;IPV825;3;8,6
2016-09-30 22:00:00;1;2016;9,5;False;IPV825;4;25,0
2016-12-31 23:00:00;1;2017;11,0;False;IPV825;1;15,8
2017-03-31 22:00:00;1;2017;11,4;False;IPV825;2;3,6
2017-06-30 22:00:00;1;2017;12,6;False;IPV825;3;10,5
2017-09-30 22:00:00;1;2017;12,2;False;IPV825;4;-3,2
2017-12-31 23:00:00;1;2018;11,0;False;IPV825;1;-9,8
2018-03-31 22:00:00;1;2018;10,9;False;IPV825;2;-0,9
2018-06-30 22:00:00;1;2018;11,8;False;IPV825;3;8,3
2018-09-30 22:00:00;1;2018;10,0;False;IPV825;4;-15,3
2018-12-31 23:00:00;1;2019;9,0;False;IPV825;1;-10,0
2019-03-31 22:00:00;1;2019;6,4;False;IPV825;2;-28,9
2019-06-30 22:00:00;1;2019;4,4;False;IPV825;3;-31,2
2019-09-30 22:00:00;1;2019;2,5;False;IPV825;4;-43,2
2019-12-31 23:00:00;1;2020;1,6;False;IPV825;1;-36,0
2020-03-31 22:00:00;1;2020;1,4;False;IPV825;2;-12,5
2020-06-30 22:00:00;1;2020;0,2;False;IPV825;3;-85,7
2020-09-30 22:00:00;1;2020;-0,4;False;IPV825;4;-300,0
2020-12-31 23:00:00;1;2021;-0,3;False;IPV825;1;-25,0
2021-03-31 22:00:00;1;2021;0,8;False;IPV825;2;-366,7
2021-06-30 22:00:00;1;2021;2,1;False;IPV825;3;162,5
2021-09-30 22:00:00;1;2021;5,2;False;IPV825;4;147,6
2021-12-31 23:00:00;1;2022;6,6;False;IPV825;1;26,9
2022-03-31 22:00:00;1;2022;6,8;False;IPV825;2;3,0
2022-06-30 22:00:00;1;2022;7,9;False;IPV825;3;16,2
2022-09-30 22:00:00;1;2022;5,2;False;IPV825;4;-34,2
2022-12-31 23:00:00;1;2023;3,0;False;IPV825;1;-42,3
2023-03-31 22:00:00;1;2023;3,1;False;IPV825;2;3,3
2023-06-30 22:00:00;1;2023;2,1;False;IPV825;3;-32,3
2023-09-30 22:00:00;1;2023;3,1;False;IPV825;4;47,6
2023-12-31 23:00:00;1;2024;4,8;False;IPV825;1;54,8
2024-03-31 22:00:00;1;2024;6,3;False;IPV825;2;31,2
2024-06-30 22:00:00;1;2024;7,1;False;IPV825;3;12,7
2024-09-30 22:00:00;1;2024;10,6;False;IPV825;4;49,3
2024-12-31 23:00:00;1;2025;11,6;False;IPV825;1;9,4
2025-03-31 22:00:00;1;2025;13,4;False;IPV825;2;15,5
2025-06-30 22:00:00;1;2025;14,9;False;IPV825;3;11,2
2025-09-30 22:00:00;1;2025;14,5;False;IPV825;4;-2,7
2006-12-31 23:00:00;1;2007;2,2;False;IPV826;1;0,0
2007-03-31 22:00:00;1;2007;1,9;False;IPV826;2;-13,6
2007-06-30 22:00:00;1;2007;-0,6;False;IPV826;3;-131,6
2007-09-30 22:00:00;1;2007;-5,3;False;IPV826;4;783,3
2007-12-31 23:00:00;1;2008;-2,2;False;IPV826;1;-58,5
2008-03-31 22:00:00;1;2008;-1,0;False;IPV826;2;-54,5
2008-06-30 22:00:00;1;2008;-4,3;False;IPV826;3;330,0
2008-09-30 22:00:00;1;2008;-6,0;False;IPV826;4;39,5
2008-12-31 23:00:00;1;2009;-1,6;False;IPV826;1;-73,3
2009-03-31 22:00:00;1;2009;-1,4;False;IPV826;2;-12,5
2009-06-30 22:00:00;1;2009;0,4;False;IPV826;3;-128,6
2009-09-30 22:00:00;1;2009;-0,2;False;IPV826;4;-150,0
2009-12-31 23:00:00;1;2010;-0,1;False;IPV826;1;-50,0
2010-03-31 22:00:00;1;2010;1,7;False;IPV826;2;-1800,0
2010-06-30 22:00:00;1;2010;-2,4;False;IPV826;3;-241,2
2010-09-30 22:00:00;1;2010;0,5;False;IPV826;4;-120,8
2010-12-31 23:00:00;1;2011;-6,3;False;IPV826;1;-1360,0
2011-03-31 22:00:00;1;2011;-1,1;False;IPV826;2;-82,5
2011-06-30 22:00:00;1;2011;-3,4;False;IPV826;3;209,1
2011-09-30 22:00:00;1;2011;-7,0;False;IPV826;4;105,9
2011-12-31 23:00:00;1;2012;-3,1;False;IPV826;1;-55,7
2012-03-31 22:00:00;1;2012;-4,6;False;IPV826;2;48,4
2012-06-30 22:00:00;1;2012;-5,2;False;IPV826;3;13,0
2012-09-30 22:00:00;1;2012;-2,4;False;IPV826;4;-53,8
2012-12-31 23:00:00;1;2013;-6,6;False;IPV826;1;175,0
2013-03-31 22:00:00;1;2013;1,4;False;IPV826;2;-121,2
2013-06-30 22:00:00;1;2013;-1,0;False;IPV826;3;-171,4
2013-09-30 22:00:00;1;2013;-1,1;False;IPV826;4;10,0
2013-12-31 23:00:00;1;2014;1,3;False;IPV826;1;-218,2
2014-03-31 22:00:00;1;2014;1,8;False;IPV826;2;38,5
2014-06-30 22:00:00;1;2014;0,4;False;IPV826;3;-77,8
2014-09-30 22:00:00;1;2014;-0,5;False;IPV826;4;-225,0
2014-12-31 23:00:00;1;2015;0,3;False;IPV826;1;-160,0
2015-03-31 22:00:00;1;2015;5,7;False;IPV826;2;1800,0
2015-06-30 22:00:00;1;2015;1,1;False;IPV826;3;-80,7
2015-09-30 22:00:00;1;2015;0,2;False;IPV826;4;-81,8
2015-12-31 23:00:00;1;2016;2,6;False;IPV826;1;1200,0
2016-03-31 22:00:00;1;2016;2,9;False;IPV826;2;11,5
2016-06-30 22:00:00;1;2016;1,7;False;IPV826;3;-41,4
2016-09-30 22:00:00;1;2016;1,9;False;IPV826;4;11,8
2016-12-31 23:00:00;1;2017;4,1;False;IPV826;1;115,8
2017-03-31 22:00:00;1;2017;3,2;False;IPV826;2;-22,0
2017-06-30 22:00:00;1;2017;2,8;False;IPV826;3;-12,5
2017-09-30 22:00:00;1;2017;1,5;False;IPV826;4;-46,4
2017-12-31 23:00:00;1;2018;3,0;False;IPV826;1;100,0
2018-03-31 22:00:00;1;2018;3,2;False;IPV826;2;6,7
2018-06-30 22:00:00;1;2018;3,6;False;IPV826;3;12,5
2018-09-30 22:00:00;1;2018;-0,1;False;IPV826;4;-102,8
2018-12-31 23:00:00;1;2019;2,0;False;IPV826;1;-2100,0
2019-03-31 22:00:00;1;2019;0,8;False;IPV826;2;-60,0
2019-06-30 22:00:00;1;2019;1,6;False;IPV826;3;100,0
2019-09-30 22:00:00;1;2019;-1,9;False;IPV826;4;-218,8
2019-12-31 23:00:00;1;2020;1,2;False;IPV826;1;-163,2
2020-03-31 22:00:00;1;2020;0,5;False;IPV826;2;-58,3
2020-06-30 22:00:00;1;2020;0,4;False;IPV826;3;-20,0
2020-09-30 22:00:00;1;2020;-2,5;False;IPV826;4;-725,0
2020-12-31 23:00:00;1;2021;1,3;False;IPV826;1;-152,0
2021-03-31 22:00:00;1;2021;1,6;False;IPV826;2;23,1
2021-06-30 22:00:00;1;2021;1,7;False;IPV826;3;6,2
2021-09-30 22:00:00;1;2021;0,5;False;IPV826;4;-70,6
2021-12-31 23:00:00;1;2022;2,6;False;IPV826;1;420,0
2022-03-31 22:00:00;1;2022;1,8;False;IPV826;2;-30,8
2022-06-30 22:00:00;1;2022;2,8;False;IPV826;3;55,6
2022-09-30 22:00:00;1;2022;-2,1;False;IPV826;4;-175,0
2022-12-31 23:00:00;1;2023;0,5;False;IPV826;1;-123,8
2023-03-31 22:00:00;1;2023;1,9;False;IPV826;2;280,0
2023-06-30 22:00:00;1;2023;1,8;False;IPV826;3;-5,3
2023-09-30 22:00:00;1;2023;-1,1;False;IPV826;4;-161,1
2023-12-31 23:00:00;1;2024;2,1;False;IPV826;1;-290,9
2024-03-31 22:00:00;1;2024;3,4;False;IPV826;2;61,9
2024-06-30 22:00:00;1;2024;2,6;False;IPV826;3;-23,5
2024-09-30 22:00:00;1;2024;2,1;False;IPV826;4;-19,2
2024-12-31 23:00:00;1;2025;3,1;False;IPV826;1;47,6
2025-03-31 22:00:00;1;2025;5,0;False;IPV826;2;61,3
2025-06-30 22:00:00;1;2025;3,9;False;IPV826;3;-22,0
2025-09-30 22:00:00;1;2025;1,8;False;IPV826;4;-53,8
2006-12-31 23:00:00;1;2007;2,6;False;IPV827;1;0,0
2007-03-31 22:00:00;1;2007;5,3;False;IPV827;2;103,8
2007-06-30 22:00:00;1;2007;7,1;False;IPV827;3;34,0
2007-09-30 22:00:00;1;2007;4,2;False;IPV827;4;-40,8
2007-12-31 23:00:00;1;2008;0,4;False;IPV827;1;-90,5
2008-03-31 22:00:00;1;2008;1,9;False;IPV827;2;375,0
2008-06-30 22:00:00;1;2008;2,9;False;IPV827;3;52,6
2008-09-30 22:00:00;1;2008;-1,8;False;IPV827;4;-162,1
2008-12-31 23:00:00;1;2009;-7,4;False;IPV827;1;311,1
2009-03-31 22:00:00;1;2009;-8,5;False;IPV827;2;14,9
2009-06-30 22:00:00;1;2009;-9,7;False;IPV827;3;14,1
2009-09-30 22:00:00;1;2009;-10,7;False;IPV827;4;10,3
2009-12-31 23:00:00;1;2010;0,3;False;IPV827;1;-102,8
2010-03-31 22:00:00;1;2010;3,6;False;IPV827;2;1100,0
2010-06-30 22:00:00;1;2010;4,7;False;IPV827;3;30,6
2010-09-30 22:00:00;1;2010;4,4;False;IPV827;4;-6,4
2010-12-31 23:00:00;1;2011;-1,6;False;IPV827;1;-136,4
2011-03-31 22:00:00;1;2011;-4,6;False;IPV827;2;187,5
2011-06-30 22:00:00;1;2011;-6,3;False;IPV827;3;37,0
2011-09-30 22:00:00;1;2011;-13,7;False;IPV827;4;117,5
2011-12-31 23:00:00;1;2012;-2,8;False;IPV827;1;-79,6
2012-03-31 22:00:00;1;2012;-5,0;False;IPV827;2;78,6
2012-06-30 22:00:00;1;2012;-9,3;False;IPV827;3;86,0
2012-09-30 22:00:00;1;2012;-10,0;False;IPV827;4;7,5
2012-12-31 23:00:00;1;2013;-8,4;False;IPV827;1;-16,0
2013-03-31 22:00:00;1;2013;-11,4;False;IPV827;2;35,7
2013-06-30 22:00:00;1;2013;-6,8;False;IPV827;3;-40,4
2013-09-30 22:00:00;1;2013;-3,9;False;IPV827;4;-42,6
2013-12-31 23:00:00;1;2014;0,6;False;IPV827;1;-115,4
2014-03-31 22:00:00;1;2014;-2,0;False;IPV827;2;-433,3
2014-06-30 22:00:00;1;2014;-0,2;False;IPV827;3;-90,0
2014-09-30 22:00:00;1;2014;2,5;False;IPV827;4;-1350,0
2014-12-31 23:00:00;1;2015;2,5;False;IPV827;1;0,0
2015-03-31 22:00:00;1;2015;3,6;False;IPV827;2;44,0
2015-06-30 22:00:00;1;2015;5,1;False;IPV827;3;41,7
2015-09-30 22:00:00;1;2015;6,6;False;IPV827;4;29,4
2015-12-31 23:00:00;1;2016;4,4;False;IPV827;1;-33,3
2016-03-31 22:00:00;1;2016;9,0;False;IPV827;2;104,5
2016-06-30 22:00:00;1;2016;7,5;False;IPV827;3;-16,7
2016-09-30 22:00:00;1;2016;6,4;False;IPV827;4;-14,7
2016-12-31 23:00:00;1;2017;6,0;False;IPV827;1;-6,2
2017-03-31 22:00:00;1;2017;10,2;False;IPV827;2;70,0
2017-06-30 22:00:00;1;2017;11,7;False;IPV827;3;14,7
2017-09-30 22:00:00;1;2017;10,6;False;IPV827;4;-9,4
2017-12-31 23:00:00;1;2018;1,5;False;IPV827;1;-85,8
2018-03-31 22:00:00;1;2018;5,6;False;IPV827;2;273,3
2018-06-30 22:00:00;1;2018;7,3;False;IPV827;3;30,4
2018-09-30 22:00:00;1;2018;7,2;False;IPV827;4;-1,4
2018-12-31 23:00:00;1;2019;7,3;False;IPV827;1;1,4
2019-03-31 22:00:00;1;2019;4,8;False;IPV827;2;-34,2
2019-06-30 22:00:00;1;2019;5,8;False;IPV827;3;20,8
2019-09-30 22:00:00;1;2019;5,1;False;IPV827;4;-12,1
2019-12-31 23:00:00;1;2020;8,5;False;IPV827;1;66,7
2020-03-31 22:00:00;1;2020;2,8;False;IPV827;2;-67,1
2020-06-30 22:00:00;1;2020;6,7;False;IPV827;3;139,3
2020-09-30 22:00:00;1;2020;10,0;False;IPV827;4;49,3
2020-12-31 23:00:00;1;2021;0,0;False;IPV827;1;-100,0
2021-03-31 22:00:00;1;2021;0,3;False;IPV827;2;inf
2021-06-30 22:00:00;1;2021;3,1;False;IPV827;3;933,3
2021-09-30 22:00:00;1;2021;6,3;False;IPV827;4;103,2
2021-12-31 23:00:00;1;2022;3,6;False;IPV827;1;-42,9
2022-03-31 22:00:00;1;2022;2,7;False;IPV827;2;-25,0
2022-06-30 22:00:00;1;2022;3,4;False;IPV827;3;25,9
2022-09-30 22:00:00;1;2022;4,1;False;IPV827;4;20,6
2022-12-31 23:00:00;1;2023;3,2;False;IPV827;1;-22,0
2023-03-31 22:00:00;1;2023;6,2;False;IPV827;2;93,8
2023-06-30 22:00:00;1;2023;10,8;False;IPV827;3;74,2
2023-09-30 22:00:00;1;2023;9,8;False;IPV827;4;-9,3
2023-12-31 23:00:00;1;2024;3,8;False;IPV827;1;-61,2
2024-03-31 22:00:00;1;2024;7,3;False;IPV827;2;92,1
2024-06-30 22:00:00;1;2024;8,7;False;IPV827;3;19,2
2024-09-30 22:00:00;1;2024;9,1;False;IPV827;4;4,6
2024-12-31 23:00:00;1;2025;6,8;False;IPV827;1;-25,3
2025-03-31 22:00:00;1;2025;11,5;False;IPV827;2;69,1
2025-06-30 22:00:00;1;2025;10,5;False;IPV827;3;-8,7
2025-09-30 22:00:00;1;2025;12,3;False;IPV827;4;17,1
2006-12-31 23:00:00;1;2007;10,8;False;IPV828;1;0,0
2007-03-31 22:00:00;1;2007;10,1;False;IPV828;2;-6,5
2007-06-30 22:00:00;1;2007;8,8;False;IPV828;3;-12,9
2007-09-30 22:00:00;1;2007;4,2;False;IPV828;4;-52,3
2007-12-31 23:00:00;1;2008;2,1;False;IPV828;1;-50,0
2008-03-31 22:00:00;1;2008;0,9;False;IPV828;2;-57,1
2008-06-30 22:00:00;1;2008;0,1;False;IPV828;3;-88,9
2008-09-30 22:00:00;1;2008;-1,8;False;IPV828;4;-1900,0
2008-12-31 23:00:00;1;2009;-9,4;False;IPV828;1;422,2
2009-03-31 22:00:00;1;2009;-11,8;False;IPV828;2;25,5
2009-06-30 22:00:00;1;2009;-13,8;False;IPV828;3;16,9
2009-09-30 22:00:00;1;2009;-10,7;False;IPV828;4;-22,5
2009-12-31 23:00:00;1;2010;-3,4;False;IPV828;1;-68,2
2010-03-31 22:00:00;1;2010;1,0;False;IPV828;2;-129,4
2010-06-30 22:00:00;1;2010;3,6;False;IPV828;3;260,0
2010-09-30 22:00:00;1;2010;4,4;False;IPV828;4;22,2
2010-12-31 23:00:00;1;2011;2,5;False;IPV828;1;-43,2
2011-03-31 22:00:00;1;2011;-3,8;False;IPV828;2;-252,0
2011-06-30 22:00:00;1;2011;-6,5;False;IPV828;3;71,1
2011-09-30 22:00:00;1;2011;-13,7;False;IPV828;4;110,8
2011-12-31 23:00:00;1;2012;-14,7;False;IPV828;1;7,3
2012-03-31 22:00:00;1;2012;-14,0;False;IPV828;2;-4,8
2012-06-30 22:00:00;1;2012;-16,5;False;IPV828;3;17,9
2012-09-30 22:00:00;1;2012;-10,0;False;IPV828;4;-39,4
2012-12-31 23:00:00;1;2013;-15,3;False;IPV828;1;53,0
2013-03-31 22:00:00;1;2013;-16,1;False;IPV828;2;5,2
2013-06-30 22:00:00;1;2013;-7,5;False;IPV828;3;-53,4
2013-09-30 22:00:00;1;2013;-3,9;False;IPV828;4;-48,0
2013-12-31 23:00:00;1;2014;5,5;False;IPV828;1;-241,0
2014-03-31 22:00:00;1;2014;6,3;False;IPV828;2;14,5
2014-06-30 22:00:00;1;2014;2,9;False;IPV828;3;-54,0
2014-09-30 22:00:00;1;2014;2,5;False;IPV828;4;-13,8
2014-12-31 23:00:00;1;2015;4,5;False;IPV828;1;80,0
2015-03-31 22:00:00;1;2015;8,4;False;IPV828;2;86,7
2015-06-30 22:00:00;1;2015;7,9;False;IPV828;3;-6,0
2015-09-30 22:00:00;1;2015;6,6;False;IPV828;4;-16,5
2015-12-31 23:00:00;1;2016;8,5;False;IPV828;1;28,8
2016-03-31 22:00:00;1;2016;12,1;False;IPV828;2;42,4
2016-06-30 22:00:00;1;2016;9,0;False;IPV828;3;-25,6
2016-09-30 22:00:00;1;2016;6,4;False;IPV828;4;-28,9
2016-12-31 23:00:00;1;2017;8,1;False;IPV828;1;26,6
2017-03-31 22:00:00;1;2017;7,6;False;IPV828;2;-6,2
2017-06-30 22:00:00;1;2017;10,7;False;IPV828;3;40,8
2017-09-30 22:00:00;1;2017;10,6;False;IPV828;4;-0,9
2017-12-31 23:00:00;1;2018;5,9;False;IPV828;1;-44,3
2018-03-31 22:00:00;1;2018;6,0;False;IPV828;2;1,7
2018-06-30 22:00:00;1;2018;6,3;False;IPV828;3;5,0
2018-09-30 22:00:00;1;2018;7,2;False;IPV828;4;14,3
2018-12-31 23:00:00;1;2019;13,4;False;IPV828;1;86,1
2019-03-31 22:00:00;1;2019;6,4;False;IPV828;2;-52,2
2019-06-30 22:00:00;1;2019;5,7;False;IPV828;3;-10,9
2019-09-30 22:00:00;1;2019;5,1;False;IPV828;4;-10,5
2019-12-31 23:00:00;1;2020;6,2;False;IPV828;1;21,6
2020-03-31 22:00:00;1;2020;3,0;False;IPV828;2;-51,6
2020-06-30 22:00:00;1;2020;6,0;False;IPV828;3;100,0
2020-09-30 22:00:00;1;2020;10,0;False;IPV828;4;66,7
2020-12-31 23:00:00;1;2021;1,3;False;IPV828;1;-87,0
2021-03-31 22:00:00;1;2021;7,3;False;IPV828;2;461,5
2021-06-30 22:00:00;1;2021;6,3;False;IPV828;3;-13,7
2021-09-30 22:00:00;1;2021;6,3;False;IPV828;4;0,0
2021-12-31 23:00:00;1;2022;10,2;False;IPV828;1;61,9
2022-03-31 22:00:00;1;2022;8,9;False;IPV828;2;-12,7
2022-06-30 22:00:00;1;2022;6,6;False;IPV828;3;-25,8
2022-09-30 22:00:00;1;2022;4,1;False;IPV828;4;-37,9
2022-12-31 23:00:00;1;2023;3,7;False;IPV828;1;-9,8
2023-03-31 22:00:00;1;2023;7,7;False;IPV828;2;108,1
2023-06-30 22:00:00;1;2023;11,6;False;IPV828;3;50,6
2023-09-30 22:00:00;1;2023;9,8;False;IPV828;4;-15,5
2023-12-31 23:00:00;1;2024;10,4;False;IPV828;1;6,1
2024-03-31 22:00:00;1;2024;10,8;False;IPV828;2;3,8
2024-06-30 22:00:00;1;2024;7,7;False;IPV828;3;-28,7
2024-09-30 22:00:00;1;2024;9,1;False;IPV828;4;18,2
2024-12-31 23:00:00;1;2025;12,2;False;IPV828;1;34,1
2025-03-31 22:00:00;1;2025;13,3;False;IPV828;2;9,0
2025-06-30 22:00:00;1;2025;10,8;False;IPV828;3;-18,8
2025-09-30 22:00:00;1;2025;12,3;False;IPV828;4;13,9
2006-12-31 23:00:00;1;2007;2,6;False;IPV829;1;0,0
2007-03-31 22:00:00;1;2007;2,6;False;IPV829;2;0,0
2007-06-30 22:00:00;1;2007;1,7;False;IPV829;3;-34,6
2007-09-30 22:00:00;1;2007;-2,7;False;IPV829;4;-258,8
2007-12-31 23:00:00;1;2008;0,4;False;IPV829;1;-114,8
2008-03-31 22:00:00;1;2008;1,5;False;IPV829;2;275,0
2008-06-30 22:00:00;1;2008;0,9;False;IPV829;3;-40,0
2008-09-30 22:00:00;1;2008;-4,5;False;IPV829;4;-600,0
2008-12-31 23:00:00;1;2009;-7,4;False;IPV829;1;64,4
2009-03-31 22:00:00;1;2009;-1,1;False;IPV829;2;-85,1
2009-06-30 22:00:00;1;2009;-1,4;False;IPV829;3;27,3
2009-09-30 22:00:00;1;2009;-1,1;False;IPV829;4;-21,4
2009-12-31 23:00:00;1;2010;0,3;False;IPV829;1;-127,3
2010-03-31 22:00:00;1;2010;3,3;False;IPV829;2;1000,0
2010-06-30 22:00:00;1;2010;1,1;False;IPV829;3;-66,7
2010-09-30 22:00:00;1;2010;-0,3;False;IPV829;4;-127,3
2010-12-31 23:00:00;1;2011;-1,6;False;IPV829;1;433,3
2011-03-31 22:00:00;1;2011;-3,0;False;IPV829;2;87,5
2011-06-30 22:00:00;1;2011;-1,8;False;IPV829;3;-40,0
2011-09-30 22:00:00;1;2011;-7,9;False;IPV829;4;338,9
2011-12-31 23:00:00;1;2012;-2,8;False;IPV829;1;-64,6
2012-03-31 22:00:00;1;2012;-2,3;False;IPV829;2;-17,9
2012-06-30 22:00:00;1;2012;-4,5;False;IPV829;3;95,7
2012-09-30 22:00:00;1;2012;-0,8;False;IPV829;4;-82,2
2012-12-31 23:00:00;1;2013;-8,4;False;IPV829;1;950,0
2013-03-31 22:00:00;1;2013;-3,3;False;IPV829;2;-60,7
2013-06-30 22:00:00;1;2013;5,3;False;IPV829;3;-260,6
2013-09-30 22:00:00;1;2013;3,0;False;IPV829;4;-43,4
2013-12-31 23:00:00;1;2014;0,6;False;IPV829;1;-80,0
2014-03-31 22:00:00;1;2014;-2,6;False;IPV829;2;-533,3
2014-06-30 22:00:00;1;2014;1,9;False;IPV829;3;-173,1
2014-09-30 22:00:00;1;2014;2,7;False;IPV829;4;42,1
2014-12-31 23:00:00;1;2015;2,5;False;IPV829;1;-7,4
2015-03-31 22:00:00;1;2015;1,1;False;IPV829;2;-56,0
2015-06-30 22:00:00;1;2015;1,4;False;IPV829;3;27,3
2015-09-30 22:00:00;1;2015;1,4;False;IPV829;4;0,0
2015-12-31 23:00:00;1;2016;4,4;False;IPV829;1;214,3
2016-03-31 22:00:00;1;2016;4,4;False;IPV829;2;0,0
2016-06-30 22:00:00;1;2016;-1,4;False;IPV829;3;-131,8
2016-09-30 22:00:00;1;2016;-1,0;False;IPV829;4;-28,6
2016-12-31 23:00:00;1;2017;6,0;False;IPV829;1;-700,0
2017-03-31 22:00:00;1;2017;3,9;False;IPV829;2;-35,0
2017-06-30 22:00:00;1;2017;1,4;False;IPV829;3;-64,1
2017-09-30 22:00:00;1;2017;-1,0;False;IPV829;4;-171,4
2017-12-31 23:00:00;1;2018;1,5;False;IPV829;1;-250,0
2018-03-31 22:00:00;1;2018;4,0;False;IPV829;2;166,7
2018-06-30 22:00:00;1;2018;1,6;False;IPV829;3;-60,0
2018-09-30 22:00:00;1;2018;-0,1;False;IPV829;4;-106,2
2018-12-31 23:00:00;1;2019;7,3;False;IPV829;1;-7400,0
2019-03-31 22:00:00;1;2019;-2,3;False;IPV829;2;-131,5
2019-06-30 22:00:00;1;2019;0,9;False;IPV829;3;-139,1
2019-09-30 22:00:00;1;2019;-0,7;False;IPV829;4;-177,8
2019-12-31 23:00:00;1;2020;8,5;False;IPV829;1;-1314,3
2020-03-31 22:00:00;1;2020;-5,3;False;IPV829;2;-162,4
2020-06-30 22:00:00;1;2020;3,8;False;IPV829;3;-171,7
2020-09-30 22:00:00;1;2020;3,1;False;IPV829;4;-18,4
2020-12-31 23:00:00;1;2021;0,0;False;IPV829;1;-100,0
2021-03-31 22:00:00;1;2021;0,3;False;IPV829;2;inf
2021-06-30 22:00:00;1;2021;2,8;False;IPV829;3;833,3
2021-09-30 22:00:00;1;2021;3,1;False;IPV829;4;10,7
2021-12-31 23:00:00;1;2022;3,6;False;IPV829;1;16,1
2022-03-31 22:00:00;1;2022;-0,9;False;IPV829;2;-125,0
2022-06-30 22:00:00;1;2022;0,6;False;IPV829;3;-166,7
2022-09-30 22:00:00;1;2022;0,7;False;IPV829;4;16,7
2022-12-31 23:00:00;1;2023;3,2;False;IPV829;1;357,1
2023-03-31 22:00:00;1;2023;3,0;False;IPV829;2;-6,2
2023-06-30 22:00:00;1;2023;4,3;False;IPV829;3;43,3
2023-09-30 22:00:00;1;2023;-1,0;False;IPV829;4;-123,3
2023-12-31 23:00:00;1;2024;3,8;False;IPV829;1;-480,0
2024-03-31 22:00:00;1;2024;3,3;False;IPV829;2;-13,2
2024-06-30 22:00:00;1;2024;1,4;False;IPV829;3;-57,6
2024-09-30 22:00:00;1;2024;0,3;False;IPV829;4;-78,6
2024-12-31 23:00:00;1;2025;6,8;False;IPV829;1;2166,7
2025-03-31 22:00:00;1;2025;4,4;False;IPV829;2;-35,3
2025-06-30 22:00:00;1;2025;-0,9;False;IPV829;3;-120,5
2025-09-30 22:00:00;1;2025;1,6;False;IPV829;4;-277,8
2006-12-31 23:00:00;1;2007;2,4;False;IPV830;1;0,0
2007-03-31 22:00:00;1;2007;4,6;False;IPV830;2;91,7
2007-06-30 22:00:00;1;2007;5,0;False;IPV830;3;8,7
2007-09-30 22:00:00;1;2007;0,6;False;IPV830;4;-88,0
2007-12-31 23:00:00;1;2008;-1,0;False;IPV830;1;-266,7
2008-03-31 22:00:00;1;2008;-1,0;False;IPV830;2;0,0
2008-06-30 22:00:00;1;2008;-3,0;False;IPV830;3;200,0
2008-09-30 22:00:00;1;2008;-8,1;False;IPV830;4;170,0
2008-12-31 23:00:00;1;2009;-4,3;False;IPV830;1;-46,9
2009-03-31 22:00:00;1;2009;-5,6;False;IPV830;2;30,2
2009-06-30 22:00:00;1;2009;-6,0;False;IPV830;3;7,1
2009-09-30 22:00:00;1;2009;-6,6;False;IPV830;4;10,0
2009-12-31 23:00:00;1;2010;0,1;False;IPV830;1;-101,5
2010-03-31 22:00:00;1;2010;2,5;False;IPV830;2;2400,0
2010-06-30 22:00:00;1;2010;1,5;False;IPV830;3;-40,0
2010-09-30 22:00:00;1;2010;1,7;False;IPV830;4;13,3
2010-12-31 23:00:00;1;2011;-4,6;False;IPV830;1;-370,6
2011-03-31 22:00:00;1;2011;-6,4;False;IPV830;2;39,1
2011-06-30 22:00:00;1;2011;-9,0;False;IPV830;3;40,6
2011-09-30 22:00:00;1;2011;-15,7;False;IPV830;4;74,4
2011-12-31 23:00:00;1;2012;-3,0;False;IPV830;1;-80,9
2012-03-31 22:00:00;1;2012;-6,7;False;IPV830;2;123,3
2012-06-30 22:00:00;1;2012;-11,4;False;IPV830;3;70,1
2012-09-30 22:00:00;1;2012;-13,1;False;IPV830;4;14,9
2012-12-31 23:00:00;1;2013;-7,1;False;IPV830;1;-45,8
2013-03-31 22:00:00;1;2013;-6,9;False;IPV830;2;-2,8
2013-06-30 22:00:00;1;2013;-6,4;False;IPV830;3;-7,2
2013-09-30 22:00:00;1;2013;-6,5;False;IPV830;4;1,6
2013-12-31 23:00:00;1;2014;1,2;False;IPV830;1;-118,5
2014-03-31 22:00:00;1;2014;2,3;False;IPV830;2;91,7
2014-06-30 22:00:00;1;2014;2,9;False;IPV830;3;26,1
2014-09-30 22:00:00;1;2014;2,9;False;IPV830;4;0,0
2014-12-31 23:00:00;1;2015;0,6;False;IPV830;1;-79,3
2015-03-31 22:00:00;1;2015;5,7;False;IPV830;2;850,0
2015-06-30 22:00:00;1;2015;6,9;False;IPV830;3;21,1
2015-09-30 22:00:00;1;2015;7,3;False;IPV830;4;5,8
2015-12-31 23:00:00;1;2016;2,9;False;IPV830;1;-60,3
2016-03-31 22:00:00;1;2016;6,1;False;IPV830;2;110,3
2016-06-30 22:00:00;1;2016;7,4;False;IPV830;3;21,3
2016-09-30 22:00:00;1;2016;9,0;False;IPV830;4;21,6
2016-12-31 23:00:00;1;2017;4,4;False;IPV830;1;-51,1
2017-03-31 22:00:00;1;2017;7,9;False;IPV830;2;79,5
2017-06-30 22:00:00;1;2017;10,7;False;IPV830;3;35,4
2017-09-30 22:00:00;1;2017;11,9;False;IPV830;4;11,2
2017-12-31 23:00:00;1;2018;2,8;False;IPV830;1;-76,5
2018-03-31 22:00:00;1;2018;6,2;False;IPV830;2;121,4
2018-06-30 22:00:00;1;2018;9,7;False;IPV830;3;56,5
2018-09-30 22:00:00;1;2018;9,6;False;IPV830;4;-1,0
2018-12-31 23:00:00;1;2019;2,9;False;IPV830;1;-69,8
2019-03-31 22:00:00;1;2019;3,2;False;IPV830;2;10,3
2019-06-30 22:00:00;1;2019;4,7;False;IPV830;3;46,9
2019-09-30 22:00:00;1;2019;2,9;False;IPV830;4;-38,3
2019-12-31 23:00:00;1;2020;2,5;False;IPV830;1;-13,8
2020-03-31 22:00:00;1;2020;1,9;False;IPV830;2;-24,0
2020-06-30 22:00:00;1;2020;2,9;False;IPV830;3;52,6
2020-09-30 22:00:00;1;2020;1,5;False;IPV830;4;-48,3
2020-12-31 23:00:00;1;2021;1,0;False;IPV830;1;-33,3
2021-03-31 22:00:00;1;2021;2,3;False;IPV830;2;130,0
2021-06-30 22:00:00;1;2021;4,3;False;IPV830;3;87,0
2021-09-30 22:00:00;1;2021;5,5;False;IPV830;4;27,9
2021-12-31 23:00:00;1;2022;2,9;False;IPV830;1;-47,3
2022-03-31 22:00:00;1;2022;4,1;False;IPV830;2;41,4
2022-06-30 22:00:00;1;2022;6,4;False;IPV830;3;56,1
2022-09-30 22:00:00;1;2022;4,9;False;IPV830;4;-23,4
2022-12-31 23:00:00;1;2023;1,0;False;IPV830;1;-79,6
2023-03-31 22:00:00;1;2023;3,2;False;IPV830;2;220,0
2023-06-30 22:00:00;1;2023;5,6;False;IPV830;3;75,0
2023-09-30 22:00:00;1;2023;4,5;False;IPV830;4;-19,6
2023-12-31 23:00:00;1;2024;2,4;False;IPV830;1;-46,7
2024-03-31 22:00:00;1;2024;5,9;False;IPV830;2;145,8
2024-06-30 22:00:00;1;2024;8,4;False;IPV830;3;42,4
2024-09-30 22:00:00;1;2024;10,3;False;IPV830;4;22,6
2024-12-31 23:00:00;1;2025;3,6;False;IPV830;1;-65,0
2025-03-31 22:00:00;1;2025;8,7;False;IPV830;2;141,7
2025-06-30 22:00:00;1;2025;12,2;False;IPV830;3;40,2
2025-09-30 22:00:00;1;2025;14,2;False;IPV830;4;16,4
2006-12-31 23:00:00;1;2007;11,3;False;IPV831;1;0,0
2007-03-31 22:00:00;1;2007;9,7;False;IPV831;2;-14,2
2007-06-30 22:00:00;1;2007;6,6;False;IPV831;3;-32,0
2007-09-30 22:00:00;1;2007;0,6;False;IPV831;4;-90,9
2007-12-31 23:00:00;1;2008;-2,7;False;IPV831;1;-550,0
2008-03-31 22:00:00;1;2008;-4,8;False;IPV831;2;77,8
2008-06-30 22:00:00;1;2008;-7,0;False;IPV831;3;45,8
2008-09-30 22:00:00;1;2008;-8,1;False;IPV831;4;15,7
2008-12-31 23:00:00;1;2009;-11,2;False;IPV831;1;38,3
2009-03-31 22:00:00;1;2009;-12,4;False;IPV831;2;10,7
2009-06-30 22:00:00;1;2009;-11,0;False;IPV831;3;-11,3
2009-09-30 22:00:00;1;2009;-6,6;False;IPV831;4;-40,0
2009-12-31 23:00:00;1;2010;-2,3;False;IPV831;1;-65,2
2010-03-31 22:00:00;1;2010;1,4;False;IPV831;2;-160,9
2010-06-30 22:00:00;1;2010;0,9;False;IPV831;3;-35,7
2010-09-30 22:00:00;1;2010;1,7;False;IPV831;4;88,9
2010-12-31 23:00:00;1;2011;-3,1;False;IPV831;1;-282,4
2011-03-31 22:00:00;1;2011;-7,1;False;IPV831;2;129,0
2011-06-30 22:00:00;1;2011;-8,9;False;IPV831;3;25,4
2011-09-30 22:00:00;1;2011;-15,7;False;IPV831;4;76,4
2011-12-31 23:00:00;1;2012;-14,2;False;IPV831;1;-9,6
2012-03-31 22:00:00;1;2012;-16,0;False;IPV831;2;12,7
2012-06-30 22:00:00;1;2012;-17,9;False;IPV831;3;11,9
2012-09-30 22:00:00;1;2012;-13,1;False;IPV831;4;-26,8
2012-12-31 23:00:00;1;2013;-16,8;False;IPV831;1;28,2
2013-03-31 22:00:00;1;2013;-13,2;False;IPV831;2;-21,4
2013-06-30 22:00:00;1;2013;-8,2;False;IPV831;3;-37,9
2013-09-30 22:00:00;1;2013;-6,5;False;IPV831;4;-20,7
2013-12-31 23:00:00;1;2014;1,9;False;IPV831;1;-129,2
2014-03-31 22:00:00;1;2014;2,7;False;IPV831;2;42,1
2014-06-30 22:00:00;1;2014;2,8;False;IPV831;3;3,7
2014-09-30 22:00:00;1;2014;2,9;False;IPV831;4;3,6
2014-12-31 23:00:00;1;2015;2,3;False;IPV831;1;-20,7
2015-03-31 22:00:00;1;2015;6,4;False;IPV831;2;178,3
2015-06-30 22:00:00;1;2015;6,9;False;IPV831;3;7,8
2015-09-30 22:00:00;1;2015;7,3;False;IPV831;4;5,8
2015-12-31 23:00:00;1;2016;9,7;False;IPV831;1;32,9
2016-03-31 22:00:00;1;2016;7,8;False;IPV831;2;-19,6
2016-06-30 22:00:00;1;2016;7,8;False;IPV831;3;0,0
2016-09-30 22:00:00;1;2016;9,0;False;IPV831;4;15,4
2016-12-31 23:00:00;1;2017;10,6;False;IPV831;1;17,8
2017-03-31 22:00:00;1;2017;10,9;False;IPV831;2;2,8
2017-06-30 22:00:00;1;2017;12,3;False;IPV831;3;12,8
2017-09-30 22:00:00;1;2017;11,9;False;IPV831;4;-3,3
2017-12-31 23:00:00;1;2018;10,2;False;IPV831;1;-14,3
2018-03-31 22:00:00;1;2018;10,1;False;IPV831;2;-1,0
2018-06-30 22:00:00;1;2018;10,9;False;IPV831;3;7,9
2018-09-30 22:00:00;1;2018;9,6;False;IPV831;4;-11,9
2018-12-31 23:00:00;1;2019;9,7;False;IPV831;1;1,0
2019-03-31 22:00:00;1;2019;6,5;False;IPV831;2;-33,0
2019-06-30 22:00:00;1;2019;4,6;False;IPV831;3;-29,2
2019-09-30 22:00:00;1;2019;2,9;False;IPV831;4;-37,0
2019-12-31 23:00:00;1;2020;2,5;False;IPV831;1;-13,8
2020-03-31 22:00:00;1;2020;1,7;False;IPV831;2;-32,0
2020-06-30 22:00:00;1;2020;1,2;False;IPV831;3;-29,4
2020-09-30 22:00:00;1;2020;1,5;False;IPV831;4;25,0
2020-12-31 23:00:00;1;2021;0,0;False;IPV831;1;-100,0
2021-03-31 22:00:00;1;2021;1,9;False;IPV831;2;inf
2021-06-30 22:00:00;1;2021;2,8;False;IPV831;3;47,4
2021-09-30 22:00:00;1;2021;5,5;False;IPV831;4;96,4
2021-12-31 23:00:00;1;2022;7,5;False;IPV831;1;36,4
2022-03-31 22:00:00;1;2022;7,3;False;IPV831;2;-2,7
2022-06-30 22:00:00;1;2022;7,6;False;IPV831;3;4,1
2022-09-30 22:00:00;1;2022;4,9;False;IPV831;4;-35,5
2022-12-31 23:00:00;1;2023;3,1;False;IPV831;1;-36,7
2023-03-31 22:00:00;1;2023;4,1;False;IPV831;2;32,3
2023-06-30 22:00:00;1;2023;4,1;False;IPV831;3;0,0
2023-09-30 22:00:00;1;2023;4,5;False;IPV831;4;9,8
2023-12-31 23:00:00;1;2024;5,9;False;IPV831;1;31,1
2024-03-31 22:00:00;1;2024;7,2;False;IPV831;2;22,0
2024-06-30 22:00:00;1;2024;7,2;False;IPV831;3;0,0
2024-09-30 22:00:00;1;2024;10,3;False;IPV831;4;43,1
2024-12-31 23:00:00;1;2025;11,6;False;IPV831;1;12,6
2025-03-31 22:00:00;1;2025;13,3;False;IPV831;2;14,7
2025-06-30 22:00:00;1;2025;14,2;False;IPV831;3;6,8
2025-09-30 22:00:00;1;2025;14,2;False;IPV831;4;0,0
2006-12-31 23:00:00;1;2007;2,4;False;IPV832;1;0,0
2007-03-31 22:00:00;1;2007;2,2;False;IPV832;2;-8,3
2007-06-30 22:00:00;1;2007;0,4;False;IPV832;3;-81,8
2007-09-30 22:00:00;1;2007;-4,2;False;IPV832;4;-1150,0
2007-12-31 23:00:00;1;2008;-1,0;False;IPV832;1;-76,2
2008-03-31 22:00:00;1;2008;0,1;False;IPV832;2;-110,0
2008-06-30 22:00:00;1;2008;-2,0;False;IPV832;3;-2100,0
2008-09-30 22:00:00;1;2008;-5,3;False;IPV832;4;165,0
2008-12-31 23:00:00;1;2009;-4,3;False;IPV832;1;-18,9
2009-03-31 22:00:00;1;2009;-1,3;False;IPV832;2;-69,8
2009-06-30 22:00:00;1;2009;-0,4;False;IPV832;3;-69,2
2009-09-30 22:00:00;1;2009;-0,6;False;IPV832;4;50,0
2009-12-31 23:00:00;1;2010;0,1;False;IPV832;1;-116,7
2010-03-31 22:00:00;1;2010;2,4;False;IPV832;2;2300,0
2010-06-30 22:00:00;1;2010;-0,9;False;IPV832;3;-137,5
2010-09-30 22:00:00;1;2010;0,2;False;IPV832;4;-122,2
2010-12-31 23:00:00;1;2011;-4,6;False;IPV832;1;-2400,0
2011-03-31 22:00:00;1;2011;-1,9;False;IPV832;2;-58,7
2011-06-30 22:00:00;1;2011;-2,8;False;IPV832;3;47,4
2011-09-30 22:00:00;1;2011;-7,3;False;IPV832;4;160,7
2011-12-31 23:00:00;1;2012;-3,0;False;IPV832;1;-58,9
2012-03-31 22:00:00;1;2012;-3,9;False;IPV832;2;30,0
2012-06-30 22:00:00;1;2012;-5,0;False;IPV832;3;28,2
2012-09-30 22:00:00;1;2012;-1,9;False;IPV832;4;-62,0
2012-12-31 23:00:00;1;2013;-7,1;False;IPV832;1;273,7
2013-03-31 22:00:00;1;2013;0,2;False;IPV832;2;-102,8
2013-06-30 22:00:00;1;2013;0,5;False;IPV832;3;150,0
2013-09-30 22:00:00;1;2013;-0,1;False;IPV832;4;-120,0
2013-12-31 23:00:00;1;2014;1,2;False;IPV832;1;-1300,0
2014-03-31 22:00:00;1;2014;1,1;False;IPV832;2;-8,3
2014-06-30 22:00:00;1;2014;0,6;False;IPV832;3;-45,5
2014-09-30 22:00:00;1;2014;0,0;False;IPV832;4;-100,0
2014-12-31 23:00:00;1;2015;0,6;False;IPV832;1;inf
2015-03-31 22:00:00;1;2015;5,0;False;IPV832;2;733,3
2015-06-30 22:00:00;1;2015;1,1;False;IPV832;3;-78,0
2015-09-30 22:00:00;1;2015;0,4;False;IPV832;4;-63,6
2015-12-31 23:00:00;1;2016;2,9;False;IPV832;1;625,0
2016-03-31 22:00:00;1;2016;3,1;False;IPV832;2;6,9
2016-06-30 22:00:00;1;2016;1,2;False;IPV832;3;-61,3
2016-09-30 22:00:00;1;2016;1,5;False;IPV832;4;25,0
2016-12-31 23:00:00;1;2017;4,4;False;IPV832;1;193,3
2017-03-31 22:00:00;1;2017;3,4;False;IPV832;2;-22,7
2017-06-30 22:00:00;1;2017;2,5;False;IPV832;3;-26,5
2017-09-30 22:00:00;1;2017;1,1;False;IPV832;4;-56,0
2017-12-31 23:00:00;1;2018;2,8;False;IPV832;1;154,5
2018-03-31 22:00:00;1;2018;3,3;False;IPV832;2;17,9
2018-06-30 22:00:00;1;2018;3,3;False;IPV832;3;0,0
2018-09-30 22:00:00;1;2018;-0,1;False;IPV832;4;-103,0
2018-12-31 23:00:00;1;2019;2,9;False;IPV832;1;-3000,0
2019-03-31 22:00:00;1;2019;0,3;False;IPV832;2;-89,7
2019-06-30 22:00:00;1;2019;1,5;False;IPV832;3;400,0
2019-09-30 22:00:00;1;2019;-1,7;False;IPV832;4;-213,3
2019-12-31 23:00:00;1;2020;2,5;False;IPV832;1;-247,1
2020-03-31 22:00:00;1;2020;-0,6;False;IPV832;2;-124,0
2020-06-30 22:00:00;1;2020;1,0;False;IPV832;3;-266,7
2020-09-30 22:00:00;1;2020;-1,4;False;IPV832;4;-240,0
2020-12-31 23:00:00;1;2021;1,0;False;IPV832;1;-171,4
2021-03-31 22:00:00;1;2021;1,3;False;IPV832;2;30,0
2021-06-30 22:00:00;1;2021;2,0;False;IPV832;3;53,8
2021-09-30 22:00:00;1;2021;1,1;False;IPV832;4;-45,0
2021-12-31 23:00:00;1;2022;2,9;False;IPV832;1;163,6
2022-03-31 22:00:00;1;2022;1,2;False;IPV832;2;-58,6
2022-06-30 22:00:00;1;2022;2,3;False;IPV832;3;91,7
2022-09-30 22:00:00;1;2022;-1,4;False;IPV832;4;-160,9
2022-12-31 23:00:00;1;2023;1,0;False;IPV832;1;-171,4
2023-03-31 22:00:00;1;2023;2,2;False;IPV832;2;120,0
2023-06-30 22:00:00;1;2023;2,3;False;IPV832;3;4,5
2023-09-30 22:00:00;1;2023;-1,1;False;IPV832;4;-147,8
2023-12-31 23:00:00;1;2024;2,4;False;IPV832;1;-318,2
2024-03-31 22:00:00;1;2024;3,4;False;IPV832;2;41,7
2024-06-30 22:00:00;1;2024;2,4;False;IPV832;3;-29,4
2024-09-30 22:00:00;1;2024;1,8;False;IPV832;4;-25,0
2024-12-31 23:00:00;1;2025;3,6;False;IPV832;1;100,0
2025-03-31 22:00:00;1;2025;4,9;False;IPV832;2;36,1
2025-06-30 22:00:00;1;2025;3,2;False;IPV832;3;-34,7
2025-09-30 22:00:00;1;2025;1,8;False;IPV832;4;-43,8
2006-12-31 23:00:00;1;2007;1,8;False;IPV833;1;0,0
2007-03-31 22:00:00;1;2007;5,6;False;IPV833;2;211,1
2007-06-30 22:00:00;1;2007;6,7;False;IPV833;3;19,6
2007-09-30 22:00:00;1;2007;6,4;False;IPV833;4;-4,5
2007-12-31 23:00:00;1;2008;-1,0;False;IPV833;1;-115,6
2008-03-31 22:00:00;1;2008;-1,7;False;IPV833;2;70,0
2008-06-30 22:00:00;1;2008;-3,9;False;IPV833;3;129,4
2008-09-30 22:00:00;1;2008;-5,8;False;IPV833;4;48,7
2008-12-31 23:00:00;1;2009;-1,5;False;IPV833;1;-74,1
2009-03-31 22:00:00;1;2009;-0,6;False;IPV833;2;-60,0
2009-06-30 22:00:00;1;2009;-2,6;False;IPV833;3;333,3
2009-09-30 22:00:00;1;2009;-1,8;False;IPV833;4;-30,8
2009-12-31 23:00:00;1;2010;-1,9;False;IPV833;1;5,6
2010-03-31 22:00:00;1;2010;0,4;False;IPV833;2;-121,1
2010-06-30 22:00:00;1;2010;-2,4;False;IPV833;3;-700,0
2010-09-30 22:00:00;1;2010;0,2;False;IPV833;4;-108,3
2010-12-31 23:00:00;1;2011;-5,4;False;IPV833;1;-2800,0
2011-03-31 22:00:00;1;2011;-6,5;False;IPV833;2;20,4
2011-06-30 22:00:00;1;2011;-9,1;False;IPV833;3;40,0
2011-09-30 22:00:00;1;2011;-12,3;False;IPV833;4;35,2
2011-12-31 23:00:00;1;2012;-5,7;False;IPV833;1;-53,7
2012-03-31 22:00:00;1;2012;-8,5;False;IPV833;2;49,1
2012-06-30 22:00:00;1;2012;-14,0;False;IPV833;3;64,7
2012-09-30 22:00:00;1;2012;-13,4;False;IPV833;4;-4,3
2012-12-31 23:00:00;1;2013;-7,5;False;IPV833;1;-44,0
2013-03-31 22:00:00;1;2013;-8,7;False;IPV833;2;16,0
2013-06-30 22:00:00;1;2013;-8,0;False;IPV833;3;-8,0
2013-09-30 22:00:00;1;2013;-9,5;False;IPV833;4;18,8
2013-12-31 23:00:00;1;2014;-0,6;False;IPV833;1;-93,7
2014-03-31 22:00:00;1;2014;1,2;False;IPV833;2;-300,0
2014-06-30 22:00:00;1;2014;0,0;False;IPV833;3;-100,0
2014-09-30 22:00:00;1;2014;0,5;False;IPV833;4;inf
2014-12-31 23:00:00;1;2015;-1,2;False;IPV833;1;-340,0
2015-03-31 22:00:00;1;2015;1,8;False;IPV833;2;-250,0
2015-06-30 22:00:00;1;2015;2,4;False;IPV833;3;33,3
2015-09-30 22:00:00;1;2015;0,4;False;IPV833;4;-83,3
2015-12-31 23:00:00;1;2016;1,0;False;IPV833;1;150,0
2016-03-31 22:00:00;1;2016;0,8;False;IPV833;2;-20,0
2016-06-30 22:00:00;1;2016;2,0;False;IPV833;3;150,0
2016-09-30 22:00:00;1;2016;1,7;False;IPV833;4;-15,0
2016-12-31 23:00:00;1;2017;0,4;False;IPV833;1;-76,5
2017-03-31 22:00:00;1;2017;0,1;False;IPV833;2;-75,0
2017-06-30 22:00:00;1;2017;1,6;False;IPV833;3;1500,0
2017-09-30 22:00:00;1;2017;2,5;False;IPV833;4;56,2
2017-12-31 23:00:00;1;2018;0,4;False;IPV833;1;-84,0
2018-03-31 22:00:00;1;2018;1,3;False;IPV833;2;225,0
2018-06-30 22:00:00;1;2018;2,9;False;IPV833;3;123,1
2018-09-30 22:00:00;1;2018;3,0;False;IPV833;4;3,4
2018-12-31 23:00:00;1;2019;0,3;False;IPV833;1;-90,0
2019-03-31 22:00:00;1;2019;2,4;False;IPV833;2;700,0
2019-06-30 22:00:00;1;2019;3,2;False;IPV833;3;33,3
2019-09-30 22:00:00;1;2019;3,6;False;IPV833;4;12,5
2019-12-31 23:00:00;1;2020;-0,3;False;IPV833;1;-108,3
2020-03-31 22:00:00;1;2020;1,2;False;IPV833;2;-500,0
2020-06-30 22:00:00;1;2020;0,5;False;IPV833;3;-58,3
2020-09-30 22:00:00;1;2020;1,0;False;IPV833;4;100,0
2020-12-31 23:00:00;1;2021;1,0;False;IPV833;1;0,0
2021-03-31 22:00:00;1;2021;3,7;False;IPV833;2;270,0
2021-06-30 22:00:00;1;2021;5,8;False;IPV833;3;56,8
2021-09-30 22:00:00;1;2021;6,9;False;IPV833;4;19,0
2021-12-31 23:00:00;1;2022;2,1;False;IPV833;1;-69,6
2022-03-31 22:00:00;1;2022;4,4;False;IPV833;2;109,5
2022-06-30 22:00:00;1;2022;5,0;False;IPV833;3;13,6
2022-09-30 22:00:00;1;2022;4,0;False;IPV833;4;-20,0
2022-12-31 23:00:00;1;2023;0,5;False;IPV833;1;-87,5
2023-03-31 22:00:00;1;2023;2,3;False;IPV833;2;360,0
2023-06-30 22:00:00;1;2023;4,3;False;IPV833;3;87,0
2023-09-30 22:00:00;1;2023;2,9;False;IPV833;4;-32,6
2023-12-31 23:00:00;1;2024;2,3;False;IPV833;1;-20,7
2024-03-31 22:00:00;1;2024;6,0;False;IPV833;2;160,9
2024-06-30 22:00:00;1;2024;9,0;False;IPV833;3;50,0
2024-09-30 22:00:00;1;2024;10,4;False;IPV833;4;15,6
2024-12-31 23:00:00;1;2025;3,4;False;IPV833;1;-67,3
2025-03-31 22:00:00;1;2025;8,6;False;IPV833;2;152,9
2025-06-30 22:00:00;1;2025;12,3;False;IPV833;3;43,0
2025-09-30 22:00:00;1;2025;14,4;False;IPV833;4;17,1
2006-12-31 23:00:00;1;2007;13,2;False;IPV834;1;0,0
2007-03-31 22:00:00;1;2007;11,2;False;IPV834;2;-15,2
2007-06-30 22:00:00;1;2007;8,4;False;IPV834;3;-25,0
2007-09-30 22:00:00;1;2007;6,4;False;IPV834;4;-23,8
2007-12-31 23:00:00;1;2008;3,5;False;IPV834;1;-45,3
2008-03-31 22:00:00;1;2008;-1,0;False;IPV834;2;-128,6
2008-06-30 22:00:00;1;2008;-4,1;False;IPV834;3;310,0
2008-09-30 22:00:00;1;2008;-5,8;False;IPV834;4;41,5
2008-12-31 23:00:00;1;2009;-6,3;False;IPV834;1;8,6
2009-03-31 22:00:00;1;2009;-4,8;False;IPV834;2;-23,8
2009-06-30 22:00:00;1;2009;-4,6;False;IPV834;3;-4,2
2009-09-30 22:00:00;1;2009;-1,8;False;IPV834;4;-60,9
2009-12-31 23:00:00;1;2010;-2,1;False;IPV834;1;16,7
2010-03-31 22:00:00;1;2010;-0,7;False;IPV834;2;-66,7
2010-06-30 22:00:00;1;2010;-1,6;False;IPV834;3;128,6
2010-09-30 22:00:00;1;2010;0,2;False;IPV834;4;-112,5
2010-12-31 23:00:00;1;2011;-3,4;False;IPV834;1;-1800,0
2011-03-31 22:00:00;1;2011;-6,7;False;IPV834;2;97,1
2011-06-30 22:00:00;1;2011;-6,6;False;IPV834;3;-1,5
2011-09-30 22:00:00;1;2011;-12,3;False;IPV834;4;86,4
2011-12-31 23:00:00;1;2012;-12,6;False;IPV834;1;2,4
2012-03-31 22:00:00;1;2012;-14,1;False;IPV834;2;11,9
2012-06-30 22:00:00;1;2012;-17,0;False;IPV834;3;20,6
2012-09-30 22:00:00;1;2012;-13,4;False;IPV834;4;-21,2
2012-12-31 23:00:00;1;2013;-15,1;False;IPV834;1;12,7
2013-03-31 22:00:00;1;2013;-13,6;False;IPV834;2;-9,9
2013-06-30 22:00:00;1;2013;-7,3;False;IPV834;3;-46,3
2013-09-30 22:00:00;1;2013;-9,5;False;IPV834;4;30,1
2013-12-31 23:00:00;1;2014;-2,7;False;IPV834;1;-71,6
2014-03-31 22:00:00;1;2014;0,3;False;IPV834;2;-111,1
2014-06-30 22:00:00;1;2014;-1,6;False;IPV834;3;-633,3
2014-09-30 22:00:00;1;2014;0,5;False;IPV834;4;-131,2
2014-12-31 23:00:00;1;2015;-0,2;False;IPV834;1;-140,0
2015-03-31 22:00:00;1;2015;1,1;False;IPV834;2;-650,0
2015-06-30 22:00:00;1;2015;2,8;False;IPV834;3;154,5
2015-09-30 22:00:00;1;2015;0,4;False;IPV834;4;-85,7
2015-12-31 23:00:00;1;2016;2,8;False;IPV834;1;600,0
2016-03-31 22:00:00;1;2016;-0,5;False;IPV834;2;-117,9
2016-06-30 22:00:00;1;2016;0,0;False;IPV834;3;-100,0
2016-09-30 22:00:00;1;2016;1,7;False;IPV834;4;inf
2016-12-31 23:00:00;1;2017;1,1;False;IPV834;1;-35,3
2017-03-31 22:00:00;1;2017;0,9;False;IPV834;2;-18,2
2017-06-30 22:00:00;1;2017;1,3;False;IPV834;3;44,4
2017-09-30 22:00:00;1;2017;2,5;False;IPV834;4;92,3
2017-12-31 23:00:00;1;2018;2,4;False;IPV834;1;-4,0
2018-03-31 22:00:00;1;2018;3,7;False;IPV834;2;54,2
2018-06-30 22:00:00;1;2018;3,8;False;IPV834;3;2,7
2018-09-30 22:00:00;1;2018;3,0;False;IPV834;4;-21,1
2018-12-31 23:00:00;1;2019;2,9;False;IPV834;1;-3,3
2019-03-31 22:00:00;1;2019;4,2;False;IPV834;2;44,8
2019-06-30 22:00:00;1;2019;3,3;False;IPV834;3;-21,4
2019-09-30 22:00:00;1;2019;3,6;False;IPV834;4;9,1
2019-12-31 23:00:00;1;2020;3,0;False;IPV834;1;-16,7
2020-03-31 22:00:00;1;2020;2,5;False;IPV834;2;-16,7
2020-06-30 22:00:00;1;2020;0,9;False;IPV834;3;-64,0
2020-09-30 22:00:00;1;2020;1,0;False;IPV834;4;11,1
2020-12-31 23:00:00;1;2021;2,3;False;IPV834;1;130,0
2021-03-31 22:00:00;1;2021;3,5;False;IPV834;2;52,2
2021-06-30 22:00:00;1;2021;6,3;False;IPV834;3;80,0
2021-09-30 22:00:00;1;2021;6,9;False;IPV834;4;9,5
2021-12-31 23:00:00;1;2022;8,1;False;IPV834;1;17,4
2022-03-31 22:00:00;1;2022;7,6;False;IPV834;2;-6,2
2022-06-30 22:00:00;1;2022;6,1;False;IPV834;3;-19,7
2022-09-30 22:00:00;1;2022;4,0;False;IPV834;4;-34,4
2022-12-31 23:00:00;1;2023;2,4;False;IPV834;1;-40,0
2023-03-31 22:00:00;1;2023;2,0;False;IPV834;2;-16,7
2023-06-30 22:00:00;1;2023;3,4;False;IPV834;3;70,0
2023-09-30 22:00:00;1;2023;2,9;False;IPV834;4;-14,7
2023-12-31 23:00:00;1;2024;4,7;False;IPV834;1;62,1
2024-03-31 22:00:00;1;2024;6,7;False;IPV834;2;42,6
2024-06-30 22:00:00;1;2024;7,5;False;IPV834;3;11,9
2024-09-30 22:00:00;1;2024;10,4;False;IPV834;4;38,7
2024-12-31 23:00:00;1;2025;11,6;False;IPV834;1;11,5
2025-03-31 22:00:00;1;2025;13,1;False;IPV834;2;12,9
2025-06-30 22:00:00;1;2025;13,8;False;IPV834;3;5,3
2025-09-30 22:00:00;1;2025;14,4;False;IPV834;4;4,3
2006-12-31 23:00:00;1;2007;1,8;False;IPV835;1;0,0
2007-03-31 22:00:00;1;2007;3,8;False;IPV835;2;111,1
2007-06-30 22:00:00;1;2007;1,0;False;IPV835;3;-73,7
2007-09-30 22:00:00;1;2007;-0,3;False;IPV835;4;-130,0
2007-12-31 23:00:00;1;2008;-1,0;False;IPV835;1;233,3
2008-03-31 22:00:00;1;2008;-0,8;False;IPV835;2;-20,0
2008-06-30 22:00:00;1;2008;-2,2;False;IPV835;3;175,0
2008-09-30 22:00:00;1;2008;-2,0;False;IPV835;4;-9,1
2008-12-31 23:00:00;1;2009;-1,5;False;IPV835;1;-25,0
2009-03-31 22:00:00;1;2009;0,9;False;IPV835;2;-160,0
2009-06-30 22:00:00;1;2009;-2,0;False;IPV835;3;-322,2
2009-09-30 22:00:00;1;2009;0,8;False;IPV835;4;-140,0
2009-12-31 23:00:00;1;2010;-1,9;False;IPV835;1;-337,5
2010-03-31 22:00:00;1;2010;2,4;False;IPV835;2;-226,3
2010-06-30 22:00:00;1;2010;-2,9;False;IPV835;3;-220,8
2010-09-30 22:00:00;1;2010;2,7;False;IPV835;4;-193,1
2010-12-31 23:00:00;1;2011;-5,4;False;IPV835;1;-300,0
2011-03-31 22:00:00;1;2011;-1,2;False;IPV835;2;-77,8
2011-06-30 22:00:00;1;2011;-2,8;False;IPV835;3;133,3
2011-09-30 22:00:00;1;2011;-3,5;False;IPV835;4;25,0
2011-12-31 23:00:00;1;2012;-5,7;False;IPV835;1;62,9
2012-03-31 22:00:00;1;2012;-2,9;False;IPV835;2;-49,1
2012-06-30 22:00:00;1;2012;-6,1;False;IPV835;3;110,3
2012-09-30 22:00:00;1;2012;0,7;False;IPV835;4;-111,5
2012-12-31 23:00:00;1;2013;-7,5;False;IPV835;1;-1171,4
2013-03-31 22:00:00;1;2013;-1,3;False;IPV835;2;-82,7
2013-06-30 22:00:00;1;2013;0,7;False;IPV835;3;-153,8
2013-09-30 22:00:00;1;2013;-1,6;False;IPV835;4;-328,6
2013-12-31 23:00:00;1;2014;-0,6;False;IPV835;1;-62,5
2014-03-31 22:00:00;1;2014;1,8;False;IPV835;2;-400,0
2014-06-30 22:00:00;1;2014;-1,2;False;IPV835;3;-166,7
2014-09-30 22:00:00;1;2014;0,4;False;IPV835;4;-133,3
2014-12-31 23:00:00;1;2015;-1,2;False;IPV835;1;-400,0
2015-03-31 22:00:00;1;2015;3,1;False;IPV835;2;-358,3
2015-06-30 22:00:00;1;2015;0,6;False;IPV835;3;-80,6
2015-09-30 22:00:00;1;2015;-1,9;False;IPV835;4;-416,7
2015-12-31 23:00:00;1;2016;1,0;False;IPV835;1;-152,6
2016-03-31 22:00:00;1;2016;-0,2;False;IPV835;2;-120,0
2016-06-30 22:00:00;1;2016;1,1;False;IPV835;3;-650,0
2016-09-30 22:00:00;1;2016;-0,3;False;IPV835;4;-127,3
2016-12-31 23:00:00;1;2017;0,4;False;IPV835;1;-233,3
2017-03-31 22:00:00;1;2017;-0,4;False;IPV835;2;-200,0
2017-06-30 22:00:00;1;2017;1,6;False;IPV835;3;-500,0
2017-09-30 22:00:00;1;2017;0,8;False;IPV835;4;-50,0
2017-12-31 23:00:00;1;2018;0,4;False;IPV835;1;-50,0
2018-03-31 22:00:00;1;2018;0,9;False;IPV835;2;125,0
2018-06-30 22:00:00;1;2018;1,6;False;IPV835;3;77,8
2018-09-30 22:00:00;1;2018;0,1;False;IPV835;4;-93,8
2018-12-31 23:00:00;1;2019;0,3;False;IPV835;1;200,0
2019-03-31 22:00:00;1;2019;2,1;False;IPV835;2;600,0
2019-06-30 22:00:00;1;2019;0,8;False;IPV835;3;-61,9
2019-09-30 22:00:00;1;2019;0,4;False;IPV835;4;-50,0
2019-12-31 23:00:00;1;2020;-0,3;False;IPV835;1;-175,0
2020-03-31 22:00:00;1;2020;1,5;False;IPV835;2;-600,0
2020-06-30 22:00:00;1;2020;-0,7;False;IPV835;3;-146,7
2020-09-30 22:00:00;1;2020;0,5;False;IPV835;4;-171,4
2020-12-31 23:00:00;1;2021;1,0;False;IPV835;1;100,0
2021-03-31 22:00:00;1;2021;2,7;False;IPV835;2;170,0
2021-06-30 22:00:00;1;2021;2,0;False;IPV835;3;-25,9
2021-09-30 22:00:00;1;2021;1,0;False;IPV835;4;-50,0
2021-12-31 23:00:00;1;2022;2,1;False;IPV835;1;110,0
2022-03-31 22:00:00;1;2022;2,2;False;IPV835;2;4,8
2022-06-30 22:00:00;1;2022;0,6;False;IPV835;3;-72,7
2022-09-30 22:00:00;1;2022;-0,9;False;IPV835;4;-250,0
2022-12-31 23:00:00;1;2023;0,5;False;IPV835;1;-155,6
2023-03-31 22:00:00;1;2023;1,8;False;IPV835;2;260,0
2023-06-30 22:00:00;1;2023;2,0;False;IPV835;3;11,1
2023-09-30 22:00:00;1;2023;-1,3;False;IPV835;4;-165,0
2023-12-31 23:00:00;1;2024;2,3;False;IPV835;1;-276,9
2024-03-31 22:00:00;1;2024;3,6;False;IPV835;2;56,5
2024-06-30 22:00:00;1;2024;2,8;False;IPV835;3;-22,2
2024-09-30 22:00:00;1;2024;1,3;False;IPV835;4;-53,6
2024-12-31 23:00:00;1;2025;3,4;False;IPV835;1;161,5
2025-03-31 22:00:00;1;2025;5,0;False;IPV835;2;47,1
2025-06-30 22:00:00;1;2025;3,4;False;IPV835;3;-32,0
2025-09-30 22:00:00;1;2025;1,9;False;IPV835;4;-44,1
2006-12-31 23:00:00;1;2007;2,6;False;IPV836;1;0,0
2007-03-31 22:00:00;1;2007;5,4;False;IPV836;2;107,7
2007-06-30 22:00:00;1;2007;8,6;False;IPV836;3;59,3
2007-09-30 22:00:00;1;2007;12,1;False;IPV836;4;40,7
2007-12-31 23:00:00;1;2008;0,4;False;IPV836;1;-96,7
2008-03-31 22:00:00;1;2008;2,1;False;IPV836;2;425,0
2008-06-30 22:00:00;1;2008;3,3;False;IPV836;3;57,1
2008-09-30 22:00:00;1;2008;3,0;False;IPV836;4;-9,1
2008-12-31 23:00:00;1;2009;0,3;False;IPV836;1;-90,0
2009-03-31 22:00:00;1;2009;0,5;False;IPV836;2;66,7
2009-06-30 22:00:00;1;2009;-0,4;False;IPV836;3;-180,0
2009-09-30 22:00:00;1;2009;-1,3;False;IPV836;4;225,0
2009-12-31 23:00:00;1;2010;-0,9;False;IPV836;1;-30,8
2010-03-31 22:00:00;1;2010;1,0;False;IPV836;2;-211,1
2010-06-30 22:00:00;1;2010;-3,1;False;IPV836;3;-410,0
2010-09-30 22:00:00;1;2010;-2,1;False;IPV836;4;-32,3
2010-12-31 23:00:00;1;2011;-1,5;False;IPV836;1;-28,6
2011-03-31 22:00:00;1;2011;-1,7;False;IPV836;2;13,3
2011-06-30 22:00:00;1;2011;-3,6;False;IPV836;3;111,8
2011-09-30 22:00:00;1;2011;-5,7;False;IPV836;4;58,3
2011-12-31 23:00:00;1;2012;-6,6;False;IPV836;1;15,8
2012-03-31 22:00:00;1;2012;-8,3;False;IPV836;2;25,8
2012-06-30 22:00:00;1;2012;-12,4;False;IPV836;3;49,4
2012-09-30 22:00:00;1;2012;-12,1;False;IPV836;4;-2,4
2012-12-31 23:00:00;1;2013;-6,7;False;IPV836;1;-44,6
2013-03-31 22:00:00;1;2013;-8,8;False;IPV836;2;31,3
2013-06-30 22:00:00;1;2013;-7,2;False;IPV836;3;-18,2
2013-09-30 22:00:00;1;2013;-12,3;False;IPV836;4;70,8
2013-12-31 23:00:00;1;2014;2,4;False;IPV836;1;-119,5
2014-03-31 22:00:00;1;2014;5,2;False;IPV836;2;116,7
2014-06-30 22:00:00;1;2014;5,1;False;IPV836;3;-1,9
2014-09-30 22:00:00;1;2014;2,2;False;IPV836;4;-56,9
2014-12-31 23:00:00;1;2015;3,3;False;IPV836;1;50,0
2015-03-31 22:00:00;1;2015;3,5;False;IPV836;2;6,1
2015-06-30 22:00:00;1;2015;5,2;False;IPV836;3;48,6
2015-09-30 22:00:00;1;2015;5,5;False;IPV836;4;5,8
2015-12-31 23:00:00;1;2016;2,9;False;IPV836;1;-47,3
2016-03-31 22:00:00;1;2016;5,3;False;IPV836;2;82,8
2016-06-30 22:00:00;1;2016;5,1;False;IPV836;3;-3,8
2016-09-30 22:00:00;1;2016;3,4;False;IPV836;4;-33,3
2016-12-31 23:00:00;1;2017;2,2;False;IPV836;1;-35,3
2017-03-31 22:00:00;1;2017;3,9;False;IPV836;2;77,3
2017-06-30 22:00:00;1;2017;5,8;False;IPV836;3;48,7
2017-09-30 22:00:00;1;2017;5,0;False;IPV836;4;-13,8
2017-12-31 23:00:00;1;2018;4,8;False;IPV836;1;-4,0
2018-03-31 22:00:00;1;2018;4,4;False;IPV836;2;-8,3
2018-06-30 22:00:00;1;2018;6,9;False;IPV836;3;56,8
2018-09-30 22:00:00;1;2018;10,2;False;IPV836;4;47,8
2018-12-31 23:00:00;1;2019;2,1;False;IPV836;1;-79,4
2019-03-31 22:00:00;1;2019;3,2;False;IPV836;2;52,4
2019-06-30 22:00:00;1;2019;2,8;False;IPV836;3;-12,5
2019-09-30 22:00:00;1;2019;5,9;False;IPV836;4;110,7
2019-12-31 23:00:00;1;2020;1,7;False;IPV836;1;-71,2
2020-03-31 22:00:00;1;2020;1,5;False;IPV836;2;-11,8
2020-06-30 22:00:00;1;2020;6,9;False;IPV836;3;360,0
2020-09-30 22:00:00;1;2020;2,5;False;IPV836;4;-63,8
2020-12-31 23:00:00;1;2021;0,9;False;IPV836;1;-64,0
2021-03-31 22:00:00;1;2021;2,6;False;IPV836;2;188,9
2021-06-30 22:00:00;1;2021;6,0;False;IPV836;3;130,8
2021-09-30 22:00:00;1;2021;6,3;False;IPV836;4;5,0
2021-12-31 23:00:00;1;2022;3,8;False;IPV836;1;-39,7
2022-03-31 22:00:00;1;2022;4,5;False;IPV836;2;18,4
2022-06-30 22:00:00;1;2022;5,7;False;IPV836;3;26,7
2022-09-30 22:00:00;1;2022;7,0;False;IPV836;4;22,8
2022-12-31 23:00:00;1;2023;5,8;False;IPV836;1;-17,1
2023-03-31 22:00:00;1;2023;7,6;False;IPV836;2;31,0
2023-06-30 22:00:00;1;2023;10,5;False;IPV836;3;38,2
2023-09-30 22:00:00;1;2023;6,7;False;IPV836;4;-36,2
2023-12-31 23:00:00;1;2024;7,2;False;IPV836;1;7,5
2024-03-31 22:00:00;1;2024;8,3;False;IPV836;2;15,3
2024-06-30 22:00:00;1;2024;10,2;False;IPV836;3;22,9
2024-09-30 22:00:00;1;2024;11,3;False;IPV836;4;10,8
2024-12-31 23:00:00;1;2025;4,3;False;IPV836;1;-61,9
2025-03-31 22:00:00;1;2025;7,5;False;IPV836;2;74,4
2025-06-30 22:00:00;1;2025;9,9;False;IPV836;3;32,0
2025-09-30 22:00:00;1;2025;11,8;False;IPV836;4;19,2
2006-12-31 23:00:00;1;2007;14,0;False;IPV837;1;0,0
2007-03-31 22:00:00;1;2007;13,1;False;IPV837;2;-6,4
2007-06-30 22:00:00;1;2007;11,3;False;IPV837;3;-13,7
2007-09-30 22:00:00;1;2007;12,1;False;IPV837;4;7,1
2007-12-31 23:00:00;1;2008;9,7;False;IPV837;1;-19,8
2008-03-31 22:00:00;1;2008;8,6;False;IPV837;2;-11,3
2008-06-30 22:00:00;1;2008;6,6;False;IPV837;3;-23,3
2008-09-30 22:00:00;1;2008;3,0;False;IPV837;4;-54,5
2008-12-31 23:00:00;1;2009;2,9;False;IPV837;1;-3,3
2009-03-31 22:00:00;1;2009;1,4;False;IPV837;2;-51,7
2009-06-30 22:00:00;1;2009;-0,7;False;IPV837;3;-150,0
2009-09-30 22:00:00;1;2009;-1,3;False;IPV837;4;85,7
2009-12-31 23:00:00;1;2010;-2,6;False;IPV837;1;100,0
2010-03-31 22:00:00;1;2010;-0,8;False;IPV837;2;-69,2
2010-06-30 22:00:00;1;2010;-4,0;False;IPV837;3;400,0
2010-09-30 22:00:00;1;2010;-2,1;False;IPV837;4;-47,5
2010-12-31 23:00:00;1;2011;-2,6;False;IPV837;1;23,8
2011-03-31 22:00:00;1;2011;-4,7;False;IPV837;2;80,8
2011-06-30 22:00:00;1;2011;-2,6;False;IPV837;3;-44,7
2011-09-30 22:00:00;1;2011;-5,7;False;IPV837;4;119,2
2011-12-31 23:00:00;1;2012;-10,5;False;IPV837;1;84,2
2012-03-31 22:00:00;1;2012;-12,0;False;IPV837;2;14,3
2012-06-30 22:00:00;1;2012;-14,4;False;IPV837;3;20,0
2012-09-30 22:00:00;1;2012;-12,1;False;IPV837;4;-16,0
2012-12-31 23:00:00;1;2013;-12,2;False;IPV837;1;0,8
2013-03-31 22:00:00;1;2013;-12,6;False;IPV837;2;3,3
2013-06-30 22:00:00;1;2013;-6,8;False;IPV837;3;-46,0
2013-09-30 22:00:00;1;2013;-12,3;False;IPV837;4;80,9
2013-12-31 23:00:00;1;2014;-3,7;False;IPV837;1;-69,9
2014-03-31 22:00:00;1;2014;1,2;False;IPV837;2;-132,4
2014-06-30 22:00:00;1;2014;-0,7;False;IPV837;3;-158,3
2014-09-30 22:00:00;1;2014;2,2;False;IPV837;4;-414,3
2014-12-31 23:00:00;1;2015;3,1;False;IPV837;1;40,9
2015-03-31 22:00:00;1;2015;0,5;False;IPV837;2;-83,9
2015-06-30 22:00:00;1;2015;2,2;False;IPV837;3;340,0
2015-09-30 22:00:00;1;2015;5,5;False;IPV837;4;150,0
2015-12-31 23:00:00;1;2016;5,1;False;IPV837;1;-7,3
2016-03-31 22:00:00;1;2016;7,3;False;IPV837;2;43,1
2016-06-30 22:00:00;1;2016;5,4;False;IPV837;3;-26,0
2016-09-30 22:00:00;1;2016;3,4;False;IPV837;4;-37,0
2016-12-31 23:00:00;1;2017;2,6;False;IPV837;1;-23,5
2017-03-31 22:00:00;1;2017;2,0;False;IPV837;2;-23,1
2017-06-30 22:00:00;1;2017;4,0;False;IPV837;3;100,0
2017-09-30 22:00:00;1;2017;5,0;False;IPV837;4;25,0
2017-12-31 23:00:00;1;2018;7,7;False;IPV837;1;54,0
2018-03-31 22:00:00;1;2018;5,5;False;IPV837;2;-28,6
2018-06-30 22:00:00;1;2018;6,1;False;IPV837;3;10,9
2018-09-30 22:00:00;1;2018;10,2;False;IPV837;4;67,2
2018-12-31 23:00:00;1;2019;7,3;False;IPV837;1;-28,4
2019-03-31 22:00:00;1;2019;8,9;False;IPV837;2;21,9
2019-06-30 22:00:00;1;2019;6,0;False;IPV837;3;-32,6
2019-09-30 22:00:00;1;2019;5,9;False;IPV837;4;-1,7
2019-12-31 23:00:00;1;2020;5,4;False;IPV837;1;-8,5
2020-03-31 22:00:00;1;2020;4,2;False;IPV837;2;-22,2
2020-06-30 22:00:00;1;2020;10,0;False;IPV837;3;138,1
2020-09-30 22:00:00;1;2020;2,5;False;IPV837;4;-75,0
2020-12-31 23:00:00;1;2021;1,7;False;IPV837;1;-32,0
2021-03-31 22:00:00;1;2021;3,5;False;IPV837;2;105,9
2021-06-30 22:00:00;1;2021;1,6;False;IPV837;3;-54,3
2021-09-30 22:00:00;1;2021;6,3;False;IPV837;4;293,7
2021-12-31 23:00:00;1;2022;9,2;False;IPV837;1;46,0
2022-03-31 22:00:00;1;2022;8,3;False;IPV837;2;-9,8
2022-06-30 22:00:00;1;2022;6,0;False;IPV837;3;-27,7
2022-09-30 22:00:00;1;2022;7,0;False;IPV837;4;16,7
2022-12-31 23:00:00;1;2023;9,1;False;IPV837;1;30,0
2023-03-31 22:00:00;1;2023;10,2;False;IPV837;2;12,1
2023-06-30 22:00:00;1;2023;11,9;False;IPV837;3;16,7
2023-09-30 22:00:00;1;2023;6,7;False;IPV837;4;-43,7
2023-12-31 23:00:00;1;2024;8,1;False;IPV837;1;20,9
2024-03-31 22:00:00;1;2024;7,4;False;IPV837;2;-8,6
2024-06-30 22:00:00;1;2024;6,4;False;IPV837;3;-13,5
2024-09-30 22:00:00;1;2024;11,3;False;IPV837;4;76,6
2024-12-31 23:00:00;1;2025;8,3;False;IPV837;1;-26,5
2025-03-31 22:00:00;1;2025;10,5;False;IPV837;2;26,5
2025-06-30 22:00:00;1;2025;10,9;False;IPV837;3;3,8
2025-09-30 22:00:00;1;2025;11,8;False;IPV837;4;8,3
2006-12-31 23:00:00;1;2007;2,6;False;IPV838;1;0,0
2007-03-31 22:00:00;1;2007;2,7;False;IPV838;2;3,8
2007-06-30 22:00:00;1;2007;3,1;False;IPV838;3;14,8
2007-09-30 22:00:00;1;2007;3,2;False;IPV838;4;3,2
2007-12-31 23:00:00;1;2008;0,4;False;IPV838;1;-87,5
2008-03-31 22:00:00;1;2008;1,7;False;IPV838;2;325,0
2008-06-30 22:00:00;1;2008;1,2;False;IPV838;3;-29,4
2008-09-30 22:00:00;1;2008;-0,3;False;IPV838;4;-125,0
2008-12-31 23:00:00;1;2009;0,3;False;IPV838;1;-200,0
2009-03-31 22:00:00;1;2009;0,2;False;IPV838;2;-33,3
2009-06-30 22:00:00;1;2009;-0,9;False;IPV838;3;-550,0
2009-09-30 22:00:00;1;2009;-0,9;False;IPV838;4;0,0
2009-12-31 23:00:00;1;2010;-0,9;False;IPV838;1;0,0
2010-03-31 22:00:00;1;2010;2,0;False;IPV838;2;-322,2
2010-06-30 22:00:00;1;2010;-4,1;False;IPV838;3;-305,0
2010-09-30 22:00:00;1;2010;1,0;False;IPV838;4;-124,4
2010-12-31 23:00:00;1;2011;-1,5;False;IPV838;1;-250,0
2011-03-31 22:00:00;1;2011;-0,2;False;IPV838;2;-86,7
2011-06-30 22:00:00;1;2011;-1,9;False;IPV838;3;850,0
2011-09-30 22:00:00;1;2011;-2,2;False;IPV838;4;15,8
2011-12-31 23:00:00;1;2012;-6,6;False;IPV838;1;200,0
2012-03-31 22:00:00;1;2012;-1,9;False;IPV838;2;-71,2
2012-06-30 22:00:00;1;2012;-4,5;False;IPV838;3;136,8
2012-09-30 22:00:00;1;2012;0,4;False;IPV838;4;-108,9
2012-12-31 23:00:00;1;2013;-6,7;False;IPV838;1;-1775,0
2013-03-31 22:00:00;1;2013;-2,3;False;IPV838;2;-65,7
2013-06-30 22:00:00;1;2013;1,7;False;IPV838;3;-173,9
2013-09-30 22:00:00;1;2013;-5,5;False;IPV838;4;-423,5
2013-12-31 23:00:00;1;2014;2,4;False;IPV838;1;-143,6
2014-03-31 22:00:00;1;2014;2,7;False;IPV838;2;12,5
2014-06-30 22:00:00;1;2014;-0,1;False;IPV838;3;-103,7
2014-09-30 22:00:00;1;2014;-2,8;False;IPV838;4;2700,0
2014-12-31 23:00:00;1;2015;3,3;False;IPV838;1;-217,9
2015-03-31 22:00:00;1;2015;0,2;False;IPV838;2;-93,9
2015-06-30 22:00:00;1;2015;1,6;False;IPV838;3;700,0
2015-09-30 22:00:00;1;2015;0,3;False;IPV838;4;-81,2
2015-12-31 23:00:00;1;2016;2,9;False;IPV838;1;866,7
2016-03-31 22:00:00;1;2016;2,3;False;IPV838;2;-20,7
2016-06-30 22:00:00;1;2016;-0,1;False;IPV838;3;-104,3
2016-09-30 22:00:00;1;2016;-1,6;False;IPV838;4;1500,0
2016-12-31 23:00:00;1;2017;2,2;False;IPV838;1;-237,5
2017-03-31 22:00:00;1;2017;1,7;False;IPV838;2;-22,7
2017-06-30 22:00:00;1;2017;1,8;False;IPV838;3;5,9
2017-09-30 22:00:00;1;2017;-0,7;False;IPV838;4;-138,9
2017-12-31 23:00:00;1;2018;4,8;False;IPV838;1;-785,7
2018-03-31 22:00:00;1;2018;-0,4;False;IPV838;2;-108,3
2018-06-30 22:00:00;1;2018;2,5;False;IPV838;3;-725,0
2018-09-30 22:00:00;1;2018;3,0;False;IPV838;4;20,0
2018-12-31 23:00:00;1;2019;2,1;False;IPV838;1;-30,0
2019-03-31 22:00:00;1;2019;1,1;False;IPV838;2;-47,6
2019-06-30 22:00:00;1;2019;-0,3;False;IPV838;3;-127,3
2019-09-30 22:00:00;1;2019;2,9;False;IPV838;4;-1066,7
2019-12-31 23:00:00;1;2020;1,7;False;IPV838;1;-41,4
2020-03-31 22:00:00;1;2020;-0,1;False;IPV838;2;-105,9
2020-06-30 22:00:00;1;2020;5,3;False;IPV838;3;-5400,0
2020-09-30 22:00:00;1;2020;-4,2;False;IPV838;4;-179,2
2020-12-31 23:00:00;1;2021;0,9;False;IPV838;1;-121,4
2021-03-31 22:00:00;1;2021;1,6;False;IPV838;2;77,8
2021-06-30 22:00:00;1;2021;3,3;False;IPV838;3;106,2
2021-09-30 22:00:00;1;2021;0,3;False;IPV838;4;-90,9
2021-12-31 23:00:00;1;2022;3,8;False;IPV838;1;1166,7
2022-03-31 22:00:00;1;2022;0,7;False;IPV838;2;-81,6
2022-06-30 22:00:00;1;2022;1,1;False;IPV838;3;57,1
2022-09-30 22:00:00;1;2022;1,3;False;IPV838;4;18,2
2022-12-31 23:00:00;1;2023;5,8;False;IPV838;1;346,2
2023-03-31 22:00:00;1;2023;1,7;False;IPV838;2;-70,7
2023-06-30 22:00:00;1;2023;2,7;False;IPV838;3;58,8
2023-09-30 22:00:00;1;2023;-3,4;False;IPV838;4;-225,9
2023-12-31 23:00:00;1;2024;7,2;False;IPV838;1;-311,8
2024-03-31 22:00:00;1;2024;1,0;False;IPV838;2;-86,1
2024-06-30 22:00:00;1;2024;1,8;False;IPV838;3;80,0
2024-09-30 22:00:00;1;2024;1,0;False;IPV838;4;-44,4
2024-12-31 23:00:00;1;2025;4,3;False;IPV838;1;330,0
2025-03-31 22:00:00;1;2025;3,1;False;IPV838;2;-27,9
2025-06-30 22:00:00;1;2025;2,2;False;IPV838;3;-29,0
2025-09-30 22:00:00;1;2025;1,8;False;IPV838;4;-18,2
2006-12-31 23:00:00;1;2007;2,3;False;IPV839;1;0,0
2007-03-31 22:00:00;1;2007;5,5;False;IPV839;2;139,1
2007-06-30 22:00:00;1;2007;7,8;False;IPV839;3;41,8
2007-09-30 22:00:00;1;2007;9,8;False;IPV839;4;25,6
2007-12-31 23:00:00;1;2008;-0,1;False;IPV839;1;-101,0
2008-03-31 22:00:00;1;2008;0,6;False;IPV839;2;-700,0
2008-06-30 22:00:00;1;2008;0,5;False;IPV839;3;-16,7
2008-09-30 22:00:00;1;2008;-0,4;False;IPV839;4;-180,0
2008-12-31 23:00:00;1;2009;-0,3;False;IPV839;1;-25,0
2009-03-31 22:00:00;1;2009;0,2;False;IPV839;2;-166,7
2009-06-30 22:00:00;1;2009;-1,1;False;IPV839;3;-650,0
2009-09-30 22:00:00;1;2009;-1,5;False;IPV839;4;36,4
2009-12-31 23:00:00;1;2010;-1,2;False;IPV839;1;-20,0
2010-03-31 22:00:00;1;2010;0,9;False;IPV839;2;-175,0
2010-06-30 22:00:00;1;2010;-2,9;False;IPV839;3;-422,2
2010-09-30 22:00:00;1;2010;-1,4;False;IPV839;4;-51,7
2010-12-31 23:00:00;1;2011;-2,8;False;IPV839;1;100,0
2011-03-31 22:00:00;1;2011;-3,3;False;IPV839;2;17,9
2011-06-30 22:00:00;1;2011;-5,4;False;IPV839;3;63,6
2011-09-30 22:00:00;1;2011;-7,9;False;IPV839;4;46,3
2011-12-31 23:00:00;1;2012;-6,2;False;IPV839;1;-21,5
2012-03-31 22:00:00;1;2012;-8,4;False;IPV839;2;35,5
2012-06-30 22:00:00;1;2012;-13,1;False;IPV839;3;56,0
2012-09-30 22:00:00;1;2012;-12,6;False;IPV839;4;-3,8
2012-12-31 23:00:00;1;2013;-7,1;False;IPV839;1;-43,7
2013-03-31 22:00:00;1;2013;-8,7;False;IPV839;2;22,5
2013-06-30 22:00:00;1;2013;-7,6;False;IPV839;3;-12,6
2013-09-30 22:00:00;1;2013;-10,9;False;IPV839;4;43,4
2013-12-31 23:00:00;1;2014;0,3;False;IPV839;1;-102,8
2014-03-31 22:00:00;1;2014;2,5;False;IPV839;2;733,3
2014-06-30 22:00:00;1;2014;1,6;False;IPV839;3;-36,0
2014-09-30 22:00:00;1;2014;1,0;False;IPV839;4;-37,5
2014-12-31 23:00:00;1;2015;-0,1;False;IPV839;1;-110,0
2015-03-31 22:00:00;1;2015;2,2;False;IPV839;2;-2300,0
2015-06-30 22:00:00;1;2015;3,1;False;IPV839;3;40,9
2015-09-30 22:00:00;1;2015;1,7;False;IPV839;4;-45,2
2015-12-31 23:00:00;1;2016;1,5;False;IPV839;1;-11,8
2016-03-31 22:00:00;1;2016;1,8;False;IPV839;2;20,0
2016-06-30 22:00:00;1;2016;2,7;False;IPV839;3;50,0
2016-09-30 22:00:00;1;2016;2,1;False;IPV839;4;-22,2
2016-12-31 23:00:00;1;2017;0,7;False;IPV839;1;-66,7
2017-03-31 22:00:00;1;2017;0,7;False;IPV839;2;0,0
2017-06-30 22:00:00;1;2017;2,3;False;IPV839;3;228,6
2017-09-30 22:00:00;1;2017;2,9;False;IPV839;4;26,1
2017-12-31 23:00:00;1;2018;1,0;False;IPV839;1;-65,5
2018-03-31 22:00:00;1;2018;1,7;False;IPV839;2;70,0
2018-06-30 22:00:00;1;2018;3,5;False;IPV839;3;105,9
2018-09-30 22:00:00;1;2018;4,1;False;IPV839;4;17,1
2018-12-31 23:00:00;1;2019;0,5;False;IPV839;1;-87,8
2019-03-31 22:00:00;1;2019;2,5;False;IPV839;2;400,0
2019-06-30 22:00:00;1;2019;3,2;False;IPV839;3;28,0
2019-09-30 22:00:00;1;2019;3,9;False;IPV839;4;21,9
2019-12-31 23:00:00;1;2020;-0,1;False;IPV839;1;-102,6
2020-03-31 22:00:00;1;2020;1,3;False;IPV839;2;-1400,0
2020-06-30 22:00:00;1;2020;1,2;False;IPV839;3;-7,7
2020-09-30 22:00:00;1;2020;1,2;False;IPV839;4;0,0
2020-12-31 23:00:00;1;2021;1,0;False;IPV839;1;-16,7
2021-03-31 22:00:00;1;2021;3,6;False;IPV839;2;260,0
2021-06-30 22:00:00;1;2021;5,8;False;IPV839;3;61,1
2021-09-30 22:00:00;1;2021;6,8;False;IPV839;4;17,2
2021-12-31 23:00:00;1;2022;2,4;False;IPV839;1;-64,7
2022-03-31 22:00:00;1;2022;4,4;False;IPV839;2;83,3
2022-06-30 22:00:00;1;2022;5,1;False;IPV839;3;15,9
2022-09-30 22:00:00;1;2022;4,5;False;IPV839;4;-11,8
2022-12-31 23:00:00;1;2023;1,3;False;IPV839;1;-71,1
2023-03-31 22:00:00;1;2023;3,0;False;IPV839;2;130,8
2023-06-30 22:00:00;1;2023;5,2;False;IPV839;3;73,3
2023-09-30 22:00:00;1;2023;3,4;False;IPV839;4;-34,6
2023-12-31 23:00:00;1;2024;2,9;False;IPV839;1;-14,7
2024-03-31 22:00:00;1;2024;6,3;False;IPV839;2;117,2
2024-06-30 22:00:00;1;2024;9,2;False;IPV839;3;46,0
2024-09-30 22:00:00;1;2024;10,5;False;IPV839;4;14,1
2024-12-31 23:00:00;1;2025;3,5;False;IPV839;1;-66,7
2025-03-31 22:00:00;1;2025;8,4;False;IPV839;2;140,0
2025-06-30 22:00:00;1;2025;12,0;False;IPV839;3;42,9
2025-09-30 22:00:00;1;2025;14,1;False;IPV839;4;17,5
2006-12-31 23:00:00;1;2007;13,7;False;IPV840;1;0,0
2007-03-31 22:00:00;1;2007;12,3;False;IPV840;2;-10,2
2007-06-30 22:00:00;1;2007;10,2;False;IPV840;3;-17,1
2007-09-30 22:00:00;1;2007;9,8;False;IPV840;4;-3,9
2007-12-31 23:00:00;1;2008;7,3;False;IPV840;1;-25,5
2008-03-31 22:00:00;1;2008;4,8;False;IPV840;2;-34,2
2008-06-30 22:00:00;1;2008;2,4;False;IPV840;3;-50,0
2008-09-30 22:00:00;1;2008;-0,4;False;IPV840;4;-116,7
2008-12-31 23:00:00;1;2009;-0,5;False;IPV840;1;25,0
2009-03-31 22:00:00;1;2009;-0,8;False;IPV840;2;60,0
2009-06-30 22:00:00;1;2009;-2,0;False;IPV840;3;150,0
2009-09-30 22:00:00;1;2009;-1,5;False;IPV840;4;-25,0
2009-12-31 23:00:00;1;2010;-2,4;False;IPV840;1;60,0
2010-03-31 22:00:00;1;2010;-0,8;False;IPV840;2;-66,7
2010-06-30 22:00:00;1;2010;-3,2;False;IPV840;3;300,0
2010-09-30 22:00:00;1;2010;-1,4;False;IPV840;4;-56,2
2010-12-31 23:00:00;1;2011;-3,0;False;IPV840;1;114,3
2011-03-31 22:00:00;1;2011;-5,5;False;IPV840;2;83,3
2011-06-30 22:00:00;1;2011;-4,0;False;IPV840;3;-27,3
2011-09-30 22:00:00;1;2011;-7,9;False;IPV840;4;97,5
2011-12-31 23:00:00;1;2012;-11,1;False;IPV840;1;40,5
2012-03-31 22:00:00;1;2012;-12,7;False;IPV840;2;14,4
2012-06-30 22:00:00;1;2012;-15,3;False;IPV840;3;20,5
2012-09-30 22:00:00;1;2012;-12,6;False;IPV840;4;-17,6
2012-12-31 23:00:00;1;2013;-13,4;False;IPV840;1;6,3
2013-03-31 22:00:00;1;2013;-13,0;False;IPV840;2;-3,0
2013-06-30 22:00:00;1;2013;-7,1;False;IPV840;3;-45,4
2013-09-30 22:00:00;1;2013;-10,9;False;IPV840;4;53,5
2013-12-31 23:00:00;1;2014;-3,7;False;IPV840;1;-66,1
2014-03-31 22:00:00;1;2014;0,1;False;IPV840;2;-102,7
2014-06-30 22:00:00;1;2014;-2,0;False;IPV840;3;-2100,0
2014-09-30 22:00:00;1;2014;1,0;False;IPV840;4;-150,0
2014-12-31 23:00:00;1;2015;0,5;False;IPV840;1;-50,0
2015-03-31 22:00:00;1;2015;0,8;False;IPV840;2;60,0
2015-06-30 22:00:00;1;2015;2,5;False;IPV840;3;212,5
2015-09-30 22:00:00;1;2015;1,7;False;IPV840;4;-32,0
2015-12-31 23:00:00;1;2016;3,3;False;IPV840;1;94,1
2016-03-31 22:00:00;1;2016;1,2;False;IPV840;2;-63,6
2016-06-30 22:00:00;1;2016;1,3;False;IPV840;3;8,3
2016-09-30 22:00:00;1;2016;2,1;False;IPV840;4;61,5
2016-12-31 23:00:00;1;2017;1,3;False;IPV840;1;-38,1
2017-03-31 22:00:00;1;2017;1,0;False;IPV840;2;-23,1
2017-06-30 22:00:00;1;2017;1,7;False;IPV840;3;70,0
2017-09-30 22:00:00;1;2017;2,9;False;IPV840;4;70,6
2017-12-31 23:00:00;1;2018;3,2;False;IPV840;1;10,3
2018-03-31 22:00:00;1;2018;3,9;False;IPV840;2;21,9
2018-06-30 22:00:00;1;2018;4,1;False;IPV840;3;5,1
2018-09-30 22:00:00;1;2018;4,1;False;IPV840;4;0,0
2018-12-31 23:00:00;1;2019;3,6;False;IPV840;1;-12,2
2019-03-31 22:00:00;1;2019;4,8;False;IPV840;2;33,3
2019-06-30 22:00:00;1;2019;3,7;False;IPV840;3;-22,9
2019-09-30 22:00:00;1;2019;3,9;False;IPV840;4;5,4
2019-12-31 23:00:00;1;2020;3,3;False;IPV840;1;-15,4
2020-03-31 22:00:00;1;2020;2,7;False;IPV840;2;-18,2
2020-06-30 22:00:00;1;2020;1,9;False;IPV840;3;-29,6
2020-09-30 22:00:00;1;2020;1,2;False;IPV840;4;-36,8
2020-12-31 23:00:00;1;2021;2,2;False;IPV840;1;83,3
2021-03-31 22:00:00;1;2021;3,5;False;IPV840;2;59,1
2021-06-30 22:00:00;1;2021;5,8;False;IPV840;3;65,7
2021-09-30 22:00:00;1;2021;6,8;False;IPV840;4;17,2
2021-12-31 23:00:00;1;2022;8,3;False;IPV840;1;22,1
2022-03-31 22:00:00;1;2022;7,7;False;IPV840;2;-7,2
2022-06-30 22:00:00;1;2022;6,1;False;IPV840;3;-20,8
2022-09-30 22:00:00;1;2022;4,5;False;IPV840;4;-26,2
2022-12-31 23:00:00;1;2023;3,4;False;IPV840;1;-24,4
2023-03-31 22:00:00;1;2023;3,1;False;IPV840;2;-8,8
2023-06-30 22:00:00;1;2023;4,6;False;IPV840;3;48,4
2023-09-30 22:00:00;1;2023;3,4;False;IPV840;4;-26,1
2023-12-31 23:00:00;1;2024;5,1;False;IPV840;1;50,0
2024-03-31 22:00:00;1;2024;6,7;False;IPV840;2;31,4
2024-06-30 22:00:00;1;2024;7,3;False;IPV840;3;9,0
2024-09-30 22:00:00;1;2024;10,5;False;IPV840;4;43,8
2024-12-31 23:00:00;1;2025;11,2;False;IPV840;1;6,7
2025-03-31 22:00:00;1;2025;12,7;False;IPV840;2;13,4
2025-06-30 22:00:00;1;2025;13,4;False;IPV840;3;5,5
2025-09-30 22:00:00;1;2025;14,1;False;IPV840;4;5,2
2006-12-31 23:00:00;1;2007;2,3;False;IPV841;1;0,0
2007-03-31 22:00:00;1;2007;3,1;False;IPV841;2;34,8
2007-06-30 22:00:00;1;2007;2,2;False;IPV841;3;-29,0
2007-09-30 22:00:00;1;2007;1,8;False;IPV841;4;-18,2
2007-12-31 23:00:00;1;2008;-0,1;False;IPV841;1;-105,6
2008-03-31 22:00:00;1;2008;0,7;False;IPV841;2;-800,0
2008-06-30 22:00:00;1;2008;-0,1;False;IPV841;3;-114,3
2008-09-30 22:00:00;1;2008;-0,9;False;IPV841;4;800,0
2008-12-31 23:00:00;1;2009;-0,3;False;IPV841;1;-66,7
2009-03-31 22:00:00;1;2009;0,4;False;IPV841;2;-233,3
2009-06-30 22:00:00;1;2009;-1,3;False;IPV841;3;-425,0
2009-09-30 22:00:00;1;2009;-0,4;False;IPV841;4;-69,2
2009-12-31 23:00:00;1;2010;-1,2;False;IPV841;1;200,0
2010-03-31 22:00:00;1;2010;2,1;False;IPV841;2;-275,0
2010-06-30 22:00:00;1;2010;-3,7;False;IPV841;3;-276,2
2010-09-30 22:00:00;1;2010;1,5;False;IPV841;4;-140,5
2010-12-31 23:00:00;1;2011;-2,8;False;IPV841;1;-286,7
2011-03-31 22:00:00;1;2011;-0,5;False;IPV841;2;-82,1
2011-06-30 22:00:00;1;2011;-2,2;False;IPV841;3;340,0
2011-09-30 22:00:00;1;2011;-2,6;False;IPV841;4;18,2
2011-12-31 23:00:00;1;2012;-6,2;False;IPV841;1;138,5
2012-03-31 22:00:00;1;2012;-2,3;False;IPV841;2;-62,9
2012-06-30 22:00:00;1;2012;-5,1;False;IPV841;3;121,7
2012-09-30 22:00:00;1;2012;0,5;False;IPV841;4;-109,8
2012-12-31 23:00:00;1;2013;-7,1;False;IPV841;1;-1520,0
2013-03-31 22:00:00;1;2013;-1,8;False;IPV841;2;-74,6
2013-06-30 22:00:00;1;2013;1,2;False;IPV841;3;-166,7
2013-09-30 22:00:00;1;2013;-3,5;False;IPV841;4;-391,7
2013-12-31 23:00:00;1;2014;0,3;False;IPV841;1;-108,6
2014-03-31 22:00:00;1;2014;2,1;False;IPV841;2;600,0
2014-06-30 22:00:00;1;2014;-0,8;False;IPV841;3;-138,1
2014-09-30 22:00:00;1;2014;-0,6;False;IPV841;4;-25,0
2014-12-31 23:00:00;1;2015;-0,1;False;IPV841;1;-83,3
2015-03-31 22:00:00;1;2015;2,4;False;IPV841;2;-2500,0
2015-06-30 22:00:00;1;2015;0,8;False;IPV841;3;-66,7
2015-09-30 22:00:00;1;2015;-1,4;False;IPV841;4;-275,0
2015-12-31 23:00:00;1;2016;1,5;False;IPV841;1;-207,1
2016-03-31 22:00:00;1;2016;0,4;False;IPV841;2;-73,3
2016-06-30 22:00:00;1;2016;0,8;False;IPV841;3;100,0
2016-09-30 22:00:00;1;2016;-0,6;False;IPV841;4;-175,0
2016-12-31 23:00:00;1;2017;0,7;False;IPV841;1;-216,7
2017-03-31 22:00:00;1;2017;0,0;False;IPV841;2;-100,0
2017-06-30 22:00:00;1;2017;1,6;False;IPV841;3;inf
2017-09-30 22:00:00;1;2017;0,6;False;IPV841;4;-62,5
2017-12-31 23:00:00;1;2018;1,0;False;IPV841;1;66,7
2018-03-31 22:00:00;1;2018;0,7;False;IPV841;2;-30,0
2018-06-30 22:00:00;1;2018;1,8;False;IPV841;3;157,1
2018-09-30 22:00:00;1;2018;0,5;False;IPV841;4;-72,2
2018-12-31 23:00:00;1;2019;0,5;False;IPV841;1;0,0
2019-03-31 22:00:00;1;2019;1,9;False;IPV841;2;280,0
2019-06-30 22:00:00;1;2019;0,7;False;IPV841;3;-63,2
2019-09-30 22:00:00;1;2019;0,7;False;IPV841;4;0,0
2019-12-31 23:00:00;1;2020;-0,1;False;IPV841;1;-114,3
2020-03-31 22:00:00;1;2020;1,3;False;IPV841;2;-1400,0
2020-06-30 22:00:00;1;2020;0,0;False;IPV841;3;-100,0
2020-09-30 22:00:00;1;2020;0,0;False;IPV841;4;0,0
2020-12-31 23:00:00;1;2021;1,0;False;IPV841;1;inf
2021-03-31 22:00:00;1;2021;2,6;False;IPV841;2;160,0
2021-06-30 22:00:00;1;2021;2,2;False;IPV841;3;-15,4
2021-09-30 22:00:00;1;2021;0,9;False;IPV841;4;-59,1
2021-12-31 23:00:00;1;2022;2,4;False;IPV841;1;166,7
2022-03-31 22:00:00;1;2022;2,0;False;IPV841;2;-16,7
2022-06-30 22:00:00;1;2022;0,7;False;IPV841;3;-65,0
2022-09-30 22:00:00;1;2022;-0,6;False;IPV841;4;-185,7
2022-12-31 23:00:00;1;2023;1,3;False;IPV841;1;-316,7
2023-03-31 22:00:00;1;2023;1,8;False;IPV841;2;38,5
2023-06-30 22:00:00;1;2023;2,1;False;IPV841;3;16,7
2023-09-30 22:00:00;1;2023;-1,7;False;IPV841;4;-181,0
2023-12-31 23:00:00;1;2024;2,9;False;IPV841;1;-270,6
2024-03-31 22:00:00;1;2024;3,3;False;IPV841;2;13,8
2024-06-30 22:00:00;1;2024;2,7;False;IPV841;3;-18,2
2024-09-30 22:00:00;1;2024;1,3;False;IPV841;4;-51,9
2024-12-31 23:00:00;1;2025;3,5;False;IPV841;1;169,2
2025-03-31 22:00:00;1;2025;4,7;False;IPV841;2;34,3
2025-06-30 22:00:00;1;2025;3,2;False;IPV841;3;-31,9
2025-09-30 22:00:00;1;2025;1,9;False;IPV841;4;-40,6
2006-12-31 23:00:00;1;2007;0,6;False;IPV842;1;0,0
2007-03-31 22:00:00;1;2007;4,3;False;IPV842;2;616,7
2007-06-30 22:00:00;1;2007;5,8;False;IPV842;3;34,9
2007-09-30 22:00:00;1;2007;4,8;False;IPV842;4;-17,2
2007-12-31 23:00:00;1;2008;0,9;False;IPV842;1;-81,2
2008-03-31 22:00:00;1;2008;1,6;False;IPV842;2;77,8
2008-06-30 22:00:00;1;2008;-1,3;False;IPV842;3;-181,2
2008-09-30 22:00:00;1;2008;-5,9;False;IPV842;4;353,8
2008-12-31 23:00:00;1;2009;0,7;False;IPV842;1;-111,9
2009-03-31 22:00:00;1;2009;4,5;False;IPV842;2;542,9
2009-06-30 22:00:00;1;2009;4,3;False;IPV842;3;-4,4
2009-09-30 22:00:00;1;2009;2,0;False;IPV842;4;-53,5
2009-12-31 23:00:00;1;2010;-0,1;False;IPV842;1;-105,0
2010-03-31 22:00:00;1;2010;2,7;False;IPV842;2;-2800,0
2010-06-30 22:00:00;1;2010;0,0;False;IPV842;3;-100,0
2010-09-30 22:00:00;1;2010;0,8;False;IPV842;4;inf
2010-12-31 23:00:00;1;2011;-8,0;False;IPV842;1;-1100,0
2011-03-31 22:00:00;1;2011;-8,3;False;IPV842;2;3,8
2011-06-30 22:00:00;1;2011;-8,8;False;IPV842;3;6,0
2011-09-30 22:00:00;1;2011;-12,4;False;IPV842;4;40,9
2011-12-31 23:00:00;1;2012;-3,4;False;IPV842;1;-72,6
2012-03-31 22:00:00;1;2012;-3,9;False;IPV842;2;14,7
2012-06-30 22:00:00;1;2012;-9,0;False;IPV842;3;130,8
2012-09-30 22:00:00;1;2012;-8,4;False;IPV842;4;-6,7
2012-12-31 23:00:00;1;2013;-8,5;False;IPV842;1;1,2
2013-03-31 22:00:00;1;2013;-10,2;False;IPV842;2;20,0
2013-06-30 22:00:00;1;2013;-12,1;False;IPV842;3;18,6
2013-09-30 22:00:00;1;2013;-14,2;False;IPV842;4;17,4
2013-12-31 23:00:00;1;2014;0,3;False;IPV842;1;-102,1
2014-03-31 22:00:00;1;2014;1,6;False;IPV842;2;433,3
2014-06-30 22:00:00;1;2014;-1,1;False;IPV842;3;-168,8
2014-09-30 22:00:00;1;2014;-0,5;False;IPV842;4;-54,5
2014-12-31 23:00:00;1;2015;1,3;False;IPV842;1;-360,0
2015-03-31 22:00:00;1;2015;2,4;False;IPV842;2;84,6
2015-06-30 22:00:00;1;2015;2,4;False;IPV842;3;0,0
2015-09-30 22:00:00;1;2015;1,9;False;IPV842;4;-20,8
2015-12-31 23:00:00;1;2016;0,7;False;IPV842;1;-63,2
2016-03-31 22:00:00;1;2016;0,6;False;IPV842;2;-14,3
2016-06-30 22:00:00;1;2016;1,1;False;IPV842;3;83,3
2016-09-30 22:00:00;1;2016;-0,1;False;IPV842;4;-109,1
2016-12-31 23:00:00;1;2017;1,1;False;IPV842;1;-1200,0
2017-03-31 22:00:00;1;2017;0,9;False;IPV842;2;-18,2
2017-06-30 22:00:00;1;2017;1,4;False;IPV842;3;55,6
2017-09-30 22:00:00;1;2017;0,2;False;IPV842;4;-85,7
2017-12-31 23:00:00;1;2018;1,1;False;IPV842;1;450,0
2018-03-31 22:00:00;1;2018;2,7;False;IPV842;2;145,5
2018-06-30 22:00:00;1;2018;3,1;False;IPV842;3;14,8
2018-09-30 22:00:00;1;2018;2,2;False;IPV842;4;-29,0
2018-12-31 23:00:00;1;2019;0,7;False;IPV842;1;-68,2
2019-03-31 22:00:00;1;2019;1,9;False;IPV842;2;171,4
2019-06-30 22:00:00;1;2019;2,0;False;IPV842;3;5,3
2019-09-30 22:00:00;1;2019;1,7;False;IPV842;4;-15,0
2019-12-31 23:00:00;1;2020;-0,8;False;IPV842;1;-147,1
2020-03-31 22:00:00;1;2020;1,6;False;IPV842;2;-300,0
2020-06-30 22:00:00;1;2020;0,3;False;IPV842;3;-81,2
2020-09-30 22:00:00;1;2020;0,7;False;IPV842;4;133,3
2020-12-31 23:00:00;1;2021;-1,4;False;IPV842;1;-300,0
2021-03-31 22:00:00;1;2021;2,5;False;IPV842;2;-278,6
2021-06-30 22:00:00;1;2021;2,5;False;IPV842;3;0,0
2021-09-30 22:00:00;1;2021;4,8;False;IPV842;4;92,0
2021-12-31 23:00:00;1;2022;0,4;False;IPV842;1;-91,7
2022-03-31 22:00:00;1;2022;2,8;False;IPV842;2;600,0
2022-06-30 22:00:00;1;2022;4,2;False;IPV842;3;50,0
2022-09-30 22:00:00;1;2022;2,7;False;IPV842;4;-35,7
2022-12-31 23:00:00;1;2023;-1,2;False;IPV842;1;-144,4
2023-03-31 22:00:00;1;2023;1,8;False;IPV842;2;-250,0
2023-06-30 22:00:00;1;2023;2,5;False;IPV842;3;38,9
2023-09-30 22:00:00;1;2023;2,2;False;IPV842;4;-12,0
2023-12-31 23:00:00;1;2024;2,3;False;IPV842;1;4,5
2024-03-31 22:00:00;1;2024;6,1;False;IPV842;2;165,2
2024-06-30 22:00:00;1;2024;8,6;False;IPV842;3;41,0
2024-09-30 22:00:00;1;2024;9,2;False;IPV842;4;7,0
2024-12-31 23:00:00;1;2025;3,9;False;IPV842;1;-57,6
2025-03-31 22:00:00;1;2025;9,0;False;IPV842;2;130,8
2025-06-30 22:00:00;1;2025;11,9;False;IPV842;3;32,2
2025-09-30 22:00:00;1;2025;13,5;False;IPV842;4;13,4
2006-12-31 23:00:00;1;2007;13,4;False;IPV843;1;0,0
2007-03-31 22:00:00;1;2007;13,3;False;IPV843;2;-0,7
2007-06-30 22:00:00;1;2007;11,5;False;IPV843;3;-13,5
2007-09-30 22:00:00;1;2007;4,8;False;IPV843;4;-58,3
2007-12-31 23:00:00;1;2008;5,2;False;IPV843;1;8,3
2008-03-31 22:00:00;1;2008;2,0;False;IPV843;2;-61,5
2008-06-30 22:00:00;1;2008;-2,2;False;IPV843;3;-210,0
2008-09-30 22:00:00;1;2008;-5,9;False;IPV843;4;168,2
2008-12-31 23:00:00;1;2009;-6,2;False;IPV843;1;5,1
2009-03-31 22:00:00;1;2009;-3,2;False;IPV843;2;-48,4
2009-06-30 22:00:00;1;2009;-0,6;False;IPV843;3;-81,2
2009-09-30 22:00:00;1;2009;2,0;False;IPV843;4;-433,3
2009-12-31 23:00:00;1;2010;1,2;False;IPV843;1;-40,0
2010-03-31 22:00:00;1;2010;0,3;False;IPV843;2;-75,0
2010-06-30 22:00:00;1;2010;-2,3;False;IPV843;3;-866,7
2010-09-30 22:00:00;1;2010;0,8;False;IPV843;4;-134,8
2010-12-31 23:00:00;1;2011;-7,2;False;IPV843;1;-1000,0
2011-03-31 22:00:00;1;2011;-10,0;False;IPV843;2;38,9
2011-06-30 22:00:00;1;2011;-8,1;False;IPV843;3;-19,0
2011-09-30 22:00:00;1;2011;-12,4;False;IPV843;4;53,1
2011-12-31 23:00:00;1;2012;-8,0;False;IPV843;1;-35,5
2012-03-31 22:00:00;1;2012;-8,2;False;IPV843;2;2,5
2012-06-30 22:00:00;1;2012;-12,5;False;IPV843;3;52,4
2012-09-30 22:00:00;1;2012;-8,4;False;IPV843;4;-32,8
2012-12-31 23:00:00;1;2013;-13,3;False;IPV843;1;58,3
2013-03-31 22:00:00;1;2013;-14,4;False;IPV843;2;8,3
2013-06-30 22:00:00;1;2013;-11,6;False;IPV843;3;-19,4
2013-09-30 22:00:00;1;2013;-14,2;False;IPV843;4;22,4
2013-12-31 23:00:00;1;2014;-5,9;False;IPV843;1;-58,5
2014-03-31 22:00:00;1;2014;-3,0;False;IPV843;2;-49,2
2014-06-30 22:00:00;1;2014;-3,5;False;IPV843;3;16,7
2014-09-30 22:00:00;1;2014;-0,5;False;IPV843;4;-85,7
2014-12-31 23:00:00;1;2015;0,4;False;IPV843;1;-180,0
2015-03-31 22:00:00;1;2015;0,2;False;IPV843;2;-50,0
2015-06-30 22:00:00;1;2015;3,0;False;IPV843;3;1400,0
2015-09-30 22:00:00;1;2015;1,9;False;IPV843;4;-36,7
2015-12-31 23:00:00;1;2016;1,4;False;IPV843;1;-26,3
2016-03-31 22:00:00;1;2016;0,2;False;IPV843;2;-85,7
2016-06-30 22:00:00;1;2016;0,7;False;IPV843;3;250,0
2016-09-30 22:00:00;1;2016;-0,1;False;IPV843;4;-114,3
2016-12-31 23:00:00;1;2017;0,2;False;IPV843;1;-300,0
2017-03-31 22:00:00;1;2017;0,3;False;IPV843;2;50,0
2017-06-30 22:00:00;1;2017;0,1;False;IPV843;3;-66,7
2017-09-30 22:00:00;1;2017;0,2;False;IPV843;4;100,0
2017-12-31 23:00:00;1;2018;0,2;False;IPV843;1;0,0
2018-03-31 22:00:00;1;2018;2,0;False;IPV843;2;900,0
2018-06-30 22:00:00;1;2018;1,9;False;IPV843;3;-5,0
2018-09-30 22:00:00;1;2018;2,2;False;IPV843;4;15,8
2018-12-31 23:00:00;1;2019;1,8;False;IPV843;1;-18,2
2019-03-31 22:00:00;1;2019;1,4;False;IPV843;2;-22,2
2019-06-30 22:00:00;1;2019;1,1;False;IPV843;3;-21,4
2019-09-30 22:00:00;1;2019;1,7;False;IPV843;4;54,5
2019-12-31 23:00:00;1;2020;0,2;False;IPV843;1;-88,2
2020-03-31 22:00:00;1;2020;1,4;False;IPV843;2;600,0
2020-06-30 22:00:00;1;2020;0,0;False;IPV843;3;-100,0
2020-09-30 22:00:00;1;2020;0,7;False;IPV843;4;inf
2020-12-31 23:00:00;1;2021;0,1;False;IPV843;1;-85,7
2021-03-31 22:00:00;1;2021;1,6;False;IPV843;2;1500,0
2021-06-30 22:00:00;1;2021;2,9;False;IPV843;3;81,2
2021-09-30 22:00:00;1;2021;4,8;False;IPV843;4;65,5
2021-12-31 23:00:00;1;2022;6,7;False;IPV843;1;39,6
2022-03-31 22:00:00;1;2022;5,1;False;IPV843;2;-23,9
2022-06-30 22:00:00;1;2022;6,5;False;IPV843;3;27,5
2022-09-30 22:00:00;1;2022;2,7;False;IPV843;4;-58,5
2022-12-31 23:00:00;1;2023;1,1;False;IPV843;1;-59,3
2023-03-31 22:00:00;1;2023;1,6;False;IPV843;2;45,5
2023-06-30 22:00:00;1;2023;1,0;False;IPV843;3;-37,5
2023-09-30 22:00:00;1;2023;2,2;False;IPV843;4;120,0
2023-12-31 23:00:00;1;2024;5,8;False;IPV843;1;163,6
2024-03-31 22:00:00;1;2024;6,5;False;IPV843;2;12,1
2024-06-30 22:00:00;1;2024;8,3;False;IPV843;3;27,7
2024-09-30 22:00:00;1;2024;9,2;False;IPV843;4;10,8
2024-12-31 23:00:00;1;2025;10,9;False;IPV843;1;18,5
2025-03-31 22:00:00;1;2025;12,2;False;IPV843;2;11,9
2025-06-30 22:00:00;1;2025;12,5;False;IPV843;3;2,5
2025-09-30 22:00:00;1;2025;13,5;False;IPV843;4;8,0
2006-12-31 23:00:00;1;2007;0,6;False;IPV844;1;0,0
2007-03-31 22:00:00;1;2007;3,7;False;IPV844;2;516,7
2007-06-30 22:00:00;1;2007;1,4;False;IPV844;3;-62,2
2007-09-30 22:00:00;1;2007;-1,0;False;IPV844;4;-171,4
2007-12-31 23:00:00;1;2008;0,9;False;IPV844;1;-190,0
2008-03-31 22:00:00;1;2008;0,6;False;IPV844;2;-33,3
2008-06-30 22:00:00;1;2008;-2,8;False;IPV844;3;-566,7
2008-09-30 22:00:00;1;2008;-4,7;False;IPV844;4;67,9
2008-12-31 23:00:00;1;2009;0,7;False;IPV844;1;-114,9
2009-03-31 22:00:00;1;2009;3,8;False;IPV844;2;442,9
2009-06-30 22:00:00;1;2009;-0,2;False;IPV844;3;-105,3
2009-09-30 22:00:00;1;2009;-2,2;False;IPV844;4;1000,0
2009-12-31 23:00:00;1;2010;-0,1;False;IPV844;1;-95,5
2010-03-31 22:00:00;1;2010;2,9;False;IPV844;2;-3000,0
2010-06-30 22:00:00;1;2010;-2,7;False;IPV844;3;-193,1
2010-09-30 22:00:00;1;2010;0,8;False;IPV844;4;-129,6
2010-12-31 23:00:00;1;2011;-8,0;False;IPV844;1;-1100,0
2011-03-31 22:00:00;1;2011;-0,3;False;IPV844;2;-96,2
2011-06-30 22:00:00;1;2011;-0,6;False;IPV844;3;100,0
2011-09-30 22:00:00;1;2011;-3,9;False;IPV844;4;550,0
2011-12-31 23:00:00;1;2012;-3,4;False;IPV844;1;-12,8
2012-03-31 22:00:00;1;2012;-0,5;False;IPV844;2;-85,3
2012-06-30 22:00:00;1;2012;-5,3;False;IPV844;3;960,0
2012-09-30 22:00:00;1;2012;0,6;False;IPV844;4;-111,3
2012-12-31 23:00:00;1;2013;-8,5;False;IPV844;1;-1516,7
2013-03-31 22:00:00;1;2013;-1,8;False;IPV844;2;-78,8
2013-06-30 22:00:00;1;2013;-2,1;False;IPV844;3;16,7
2013-09-30 22:00:00;1;2013;-2,4;False;IPV844;4;14,3
2013-12-31 23:00:00;1;2014;0,3;False;IPV844;1;-112,5
2014-03-31 22:00:00;1;2014;1,3;False;IPV844;2;333,3
2014-06-30 22:00:00;1;2014;-2,7;False;IPV844;3;-307,7
2014-09-30 22:00:00;1;2014;0,6;False;IPV844;4;-122,2
2014-12-31 23:00:00;1;2015;1,3;False;IPV844;1;116,7
2015-03-31 22:00:00;1;2015;1,1;False;IPV844;2;-15,4
2015-06-30 22:00:00;1;2015;0,1;False;IPV844;3;-90,9
2015-09-30 22:00:00;1;2015;-0,5;False;IPV844;4;-600,0
2015-12-31 23:00:00;1;2016;0,7;False;IPV844;1;-240,0
2016-03-31 22:00:00;1;2016;-0,2;False;IPV844;2;-128,6
2016-06-30 22:00:00;1;2016;0,6;False;IPV844;3;-400,0
2016-09-30 22:00:00;1;2016;-1,2;False;IPV844;4;-300,0
2016-12-31 23:00:00;1;2017;1,1;False;IPV844;1;-191,7
2017-03-31 22:00:00;1;2017;-0,2;False;IPV844;2;-118,2
2017-06-30 22:00:00;1;2017;0,5;False;IPV844;3;-350,0
2017-09-30 22:00:00;1;2017;-1,2;False;IPV844;4;-340,0
2017-12-31 23:00:00;1;2018;1,1;False;IPV844;1;-191,7
2018-03-31 22:00:00;1;2018;1,6;False;IPV844;2;45,5
2018-06-30 22:00:00;1;2018;0,4;False;IPV844;3;-75,0
2018-09-30 22:00:00;1;2018;-0,9;False;IPV844;4;-325,0
2018-12-31 23:00:00;1;2019;0,7;False;IPV844;1;-177,8
2019-03-31 22:00:00;1;2019;1,2;False;IPV844;2;71,4
2019-06-30 22:00:00;1;2019;0,1;False;IPV844;3;-91,7
2019-09-30 22:00:00;1;2019;-0,3;False;IPV844;4;-400,0
2019-12-31 23:00:00;1;2020;-0,8;False;IPV844;1;166,7
2020-03-31 22:00:00;1;2020;2,4;False;IPV844;2;-400,0
2020-06-30 22:00:00;1;2020;-1,3;False;IPV844;3;-154,2
2020-09-30 22:00:00;1;2020;0,4;False;IPV844;4;-130,8
2020-12-31 23:00:00;1;2021;-1,4;False;IPV844;1;-450,0
2021-03-31 22:00:00;1;2021;4,0;False;IPV844;2;-385,7
2021-06-30 22:00:00;1;2021;0,0;False;IPV844;3;-100,0
2021-09-30 22:00:00;1;2021;2,2;False;IPV844;4;inf
2021-12-31 23:00:00;1;2022;0,4;False;IPV844;1;-81,8
2022-03-31 22:00:00;1;2022;2,5;False;IPV844;2;525,0
2022-06-30 22:00:00;1;2022;1,4;False;IPV844;3;-44,0
2022-09-30 22:00:00;1;2022;-1,5;False;IPV844;4;-207,1
2022-12-31 23:00:00;1;2023;-1,2;False;IPV844;1;-20,0
2023-03-31 22:00:00;1;2023;3,0;False;IPV844;2;-350,0
2023-06-30 22:00:00;1;2023;0,7;False;IPV844;3;-76,7
2023-09-30 22:00:00;1;2023;-0,3;False;IPV844;4;-142,9
2023-12-31 23:00:00;1;2024;2,3;False;IPV844;1;-866,7
2024-03-31 22:00:00;1;2024;3,7;False;IPV844;2;60,9
2024-06-30 22:00:00;1;2024;2,4;False;IPV844;3;-35,1
2024-09-30 22:00:00;1;2024;0,5;False;IPV844;4;-79,2
2024-12-31 23:00:00;1;2025;3,9;False;IPV844;1;680,0
2025-03-31 22:00:00;1;2025;4,9;False;IPV844;2;25,6
2025-06-30 22:00:00;1;2025;2,7;False;IPV844;3;-44,9
2025-09-30 22:00:00;1;2025;1,4;False;IPV844;4;-48,1
2006-12-31 23:00:00;1;2007;6,3;False;IPV845;1;0,0
2007-03-31 22:00:00;1;2007;10,1;False;IPV845;2;60,3
2007-06-30 22:00:00;1;2007;11,1;False;IPV845;3;9,9
2007-09-30 22:00:00;1;2007;14,7;False;IPV845;4;32,4
2007-12-31 23:00:00;1;2008;1,0;False;IPV845;1;-93,2
2008-03-31 22:00:00;1;2008;3,9;False;IPV845;2;290,0
2008-06-30 22:00:00;1;2008;5,5;False;IPV845;3;41,0
2008-09-30 22:00:00;1;2008;2,3;False;IPV845;4;-58,2
2008-12-31 23:00:00;1;2009;0,8;False;IPV845;1;-65,2
2009-03-31 22:00:00;1;2009;3,2;False;IPV845;2;300,0
2009-06-30 22:00:00;1;2009;3,5;False;IPV845;3;9,4
2009-09-30 22:00:00;1;2009;1,8;False;IPV845;4;-48,6
2009-12-31 23:00:00;1;2010;1,6;False;IPV845;1;-11,1
2010-03-31 22:00:00;1;2010;6,1;False;IPV845;2;281,2
2010-06-30 22:00:00;1;2010;1,7;False;IPV845;3;-72,1
2010-09-30 22:00:00;1;2010;2,2;False;IPV845;4;29,4
2010-12-31 23:00:00;1;2011;-1,9;False;IPV845;1;-186,4
2011-03-31 22:00:00;1;2011;-2,7;False;IPV845;2;42,1
2011-06-30 22:00:00;1;2011;-2,8;False;IPV845;3;3,7
2011-09-30 22:00:00;1;2011;-5,0;False;IPV845;4;78,6
2011-12-31 23:00:00;1;2012;-3,4;False;IPV845;1;-32,0
2012-03-31 22:00:00;1;2012;-4,7;False;IPV845;2;38,2
2012-06-30 22:00:00;1;2012;-5,3;False;IPV845;3;12,8
2012-09-30 22:00:00;1;2012;-8,8;False;IPV845;4;66,0
2012-12-31 23:00:00;1;2013;-9,1;False;IPV845;1;3,4
2013-03-31 22:00:00;1;2013;-14,7;False;IPV845;2;61,5
2013-06-30 22:00:00;1;2013;-13,6;False;IPV845;3;-7,5
2013-09-30 22:00:00;1;2013;-18,5;False;IPV845;4;36,0
2013-12-31 23:00:00;1;2014;-0,3;False;IPV845;1;-98,4
2014-03-31 22:00:00;1;2014;-0,7;False;IPV845;2;133,3
2014-06-30 22:00:00;1;2014;-1,3;False;IPV845;3;85,7
2014-09-30 22:00:00;1;2014;-1,3;False;IPV845;4;0,0
2014-12-31 23:00:00;1;2015;4,4;False;IPV845;1;-438,5
2015-03-31 22:00:00;1;2015;4,8;False;IPV845;2;9,1
2015-06-30 22:00:00;1;2015;5,4;False;IPV845;3;12,5
2015-09-30 22:00:00;1;2015;6,1;False;IPV845;4;13,0
2015-12-31 23:00:00;1;2016;1,6;False;IPV845;1;-73,8
2016-03-31 22:00:00;1;2016;7,4;False;IPV845;2;362,5
2016-06-30 22:00:00;1;2016;10,1;False;IPV845;3;36,5
2016-09-30 22:00:00;1;2016;6,9;False;IPV845;4;-31,7
2016-12-31 23:00:00;1;2017;2,0;False;IPV845;1;-71,0
2017-03-31 22:00:00;1;2017;1,9;False;IPV845;2;-5,0
2017-06-30 22:00:00;1;2017;3,0;False;IPV845;3;57,9
2017-09-30 22:00:00;1;2017;0,0;False;IPV845;4;-100,0
2017-12-31 23:00:00;1;2018;5,7;False;IPV845;1;inf
2018-03-31 22:00:00;1;2018;9,0;False;IPV845;2;57,9
2018-06-30 22:00:00;1;2018;12,5;False;IPV845;3;38,9
2018-09-30 22:00:00;1;2018;12,8;False;IPV845;4;2,4
2018-12-31 23:00:00;1;2019;6,9;False;IPV845;1;-46,1
2019-03-31 22:00:00;1;2019;4,3;False;IPV845;2;-37,7
2019-06-30 22:00:00;1;2019;8,5;False;IPV845;3;97,7
2019-09-30 22:00:00;1;2019;9,8;False;IPV845;4;15,3
2019-12-31 23:00:00;1;2020;-0,2;False;IPV845;1;-102,0
2020-03-31 22:00:00;1;2020;-4,3;False;IPV845;2;2050,0
2020-06-30 22:00:00;1;2020;-1,5;False;IPV845;3;-65,1
2020-09-30 22:00:00;1;2020;-2,3;False;IPV845;4;53,3
2020-12-31 23:00:00;1;2021;-1,0;False;IPV845;1;-56,5
2021-03-31 22:00:00;1;2021;0,7;False;IPV845;2;-170,0
2021-06-30 22:00:00;1;2021;3,9;False;IPV845;3;457,1
2021-09-30 22:00:00;1;2021;6,5;False;IPV845;4;66,7
2021-12-31 23:00:00;1;2022;3,3;False;IPV845;1;-49,2
2022-03-31 22:00:00;1;2022;2,5;False;IPV845;2;-24,2
2022-06-30 22:00:00;1;2022;3,7;False;IPV845;3;48,0
2022-09-30 22:00:00;1;2022;4,6;False;IPV845;4;24,3
2022-12-31 23:00:00;1;2023;0,0;False;IPV845;1;-100,0
2023-03-31 22:00:00;1;2023;2,2;False;IPV845;2;inf
2023-06-30 22:00:00;1;2023;1,3;False;IPV845;3;-40,9
2023-09-30 22:00:00;1;2023;2,0;False;IPV845;4;53,8
2023-12-31 23:00:00;1;2024;0,8;False;IPV845;1;-60,0
2024-03-31 22:00:00;1;2024;1,3;False;IPV845;2;62,5
2024-06-30 22:00:00;1;2024;6,1;False;IPV845;3;369,2
2024-09-30 22:00:00;1;2024;8,0;False;IPV845;4;31,1
2024-12-31 23:00:00;1;2025;3,9;False;IPV845;1;-51,2
2025-03-31 22:00:00;1;2025;4,8;False;IPV845;2;23,1
2025-06-30 22:00:00;1;2025;10,6;False;IPV845;3;120,8
2025-09-30 22:00:00;1;2025;13,2;False;IPV845;4;24,5
2006-12-31 23:00:00;1;2007;22,2;False;IPV846;1;0,0
2007-03-31 22:00:00;1;2007;20,3;False;IPV846;2;-8,6
2007-06-30 22:00:00;1;2007;17,1;False;IPV846;3;-15,8
2007-09-30 22:00:00;1;2007;14,7;False;IPV846;4;-14,0
2007-12-31 23:00:00;1;2008;9,0;False;IPV846;1;-38,8
2008-03-31 22:00:00;1;2008;8,2;False;IPV846;2;-8,9
2008-06-30 22:00:00;1;2008;8,8;False;IPV846;3;7,3
2008-09-30 22:00:00;1;2008;2,3;False;IPV846;4;-73,9
2008-12-31 23:00:00;1;2009;2,1;False;IPV846;1;-8,7
2009-03-31 22:00:00;1;2009;1,5;False;IPV846;2;-28,6
2009-06-30 22:00:00;1;2009;0,4;False;IPV846;3;-73,3
2009-09-30 22:00:00;1;2009;1,8;False;IPV846;4;350,0
2009-12-31 23:00:00;1;2010;2,6;False;IPV846;1;44,4
2010-03-31 22:00:00;1;2010;4,7;False;IPV846;2;80,8
2010-06-30 22:00:00;1;2010;0,0;False;IPV846;3;-100,0
2010-09-30 22:00:00;1;2010;2,2;False;IPV846;4;inf
2010-12-31 23:00:00;1;2011;-1,4;False;IPV846;1;-163,6
2011-03-31 22:00:00;1;2011;-6,3;False;IPV846;2;350,0
2011-06-30 22:00:00;1;2011;-2,4;False;IPV846;3;-61,9
2011-09-30 22:00:00;1;2011;-5,0;False;IPV846;4;108,3
2011-12-31 23:00:00;1;2012;-6,4;False;IPV846;1;28,0
2012-03-31 22:00:00;1;2012;-7,0;False;IPV846;2;9,4
2012-06-30 22:00:00;1;2012;-7,4;False;IPV846;3;5,7
2012-09-30 22:00:00;1;2012;-8,8;False;IPV846;4;18,9
2012-12-31 23:00:00;1;2013;-14,2;False;IPV846;1;61,4
2013-03-31 22:00:00;1;2013;-18,3;False;IPV846;2;28,9
2013-06-30 22:00:00;1;2013;-16,8;False;IPV846;3;-8,2
2013-09-30 22:00:00;1;2013;-18,5;False;IPV846;4;10,1
2013-12-31 23:00:00;1;2014;-10,7;False;IPV846;1;-42,2
2014-03-31 22:00:00;1;2014;-5,2;False;IPV846;2;-51,4
2014-06-30 22:00:00;1;2014;-6,9;False;IPV846;3;32,7
2014-09-30 22:00:00;1;2014;-1,3;False;IPV846;4;-81,2
2014-12-31 23:00:00;1;2015;3,3;False;IPV846;1;-353,8
2015-03-31 22:00:00;1;2015;4,1;False;IPV846;2;24,2
2015-06-30 22:00:00;1;2015;5,4;False;IPV846;3;31,7
2015-09-30 22:00:00;1;2015;6,1;False;IPV846;4;13,0
2015-12-31 23:00:00;1;2016;3,3;False;IPV846;1;-45,9
2016-03-31 22:00:00;1;2016;8,9;False;IPV846;2;169,7
2016-06-30 22:00:00;1;2016;10,8;False;IPV846;3;21,3
2016-09-30 22:00:00;1;2016;6,9;False;IPV846;4;-36,1
2016-12-31 23:00:00;1;2017;7,3;False;IPV846;1;5,8
2017-03-31 22:00:00;1;2017;1,4;False;IPV846;2;-80,8
2017-06-30 22:00:00;1;2017;0,0;False;IPV846;3;-100,0
2017-09-30 22:00:00;1;2017;0,0;False;IPV846;4;0,0
2017-12-31 23:00:00;1;2018;3,6;False;IPV846;1;inf
2018-03-31 22:00:00;1;2018;6,8;False;IPV846;2;88,9
2018-06-30 22:00:00;1;2018;9,2;False;IPV846;3;35,3
2018-09-30 22:00:00;1;2018;12,8;False;IPV846;4;39,1
2018-12-31 23:00:00;1;2019;14,1;False;IPV846;1;10,2
2019-03-31 22:00:00;1;2019;7,9;False;IPV846;2;-44,0
2019-06-30 22:00:00;1;2019;8,8;False;IPV846;3;11,4
2019-09-30 22:00:00;1;2019;9,8;False;IPV846;4;11,4
2019-12-31 23:00:00;1;2020;2,5;False;IPV846;1;-74,5
2020-03-31 22:00:00;1;2020;0,9;False;IPV846;2;-64,0
2020-06-30 22:00:00;1;2020;-0,3;False;IPV846;3;-133,3
2020-09-30 22:00:00;1;2020;-2,3;False;IPV846;4;666,7
2020-12-31 23:00:00;1;2021;-3,1;False;IPV846;1;34,8
2021-03-31 22:00:00;1;2021;2,7;False;IPV846;2;-187,1
2021-06-30 22:00:00;1;2021;2,9;False;IPV846;3;7,4
2021-09-30 22:00:00;1;2021;6,5;False;IPV846;4;124,1
2021-12-31 23:00:00;1;2022;11,1;False;IPV846;1;70,8
2022-03-31 22:00:00;1;2022;8,4;False;IPV846;2;-24,3
2022-06-30 22:00:00;1;2022;6,3;False;IPV846;3;-25,0
2022-09-30 22:00:00;1;2022;4,6;False;IPV846;4;-27,0
2022-12-31 23:00:00;1;2023;1,3;False;IPV846;1;-71,7
2023-03-31 22:00:00;1;2023;4,4;False;IPV846;2;238,5
2023-06-30 22:00:00;1;2023;2,3;False;IPV846;3;-47,7
2023-09-30 22:00:00;1;2023;2,0;False;IPV846;4;-13,0
2023-12-31 23:00:00;1;2024;2,9;False;IPV846;1;45,0
2024-03-31 22:00:00;1;2024;1,1;False;IPV846;2;-62,1
2024-06-30 22:00:00;1;2024;6,8;False;IPV846;3;518,2
2024-09-30 22:00:00;1;2024;8,0;False;IPV846;4;17,6
2024-12-31 23:00:00;1;2025;11,2;False;IPV846;1;40,0
2025-03-31 22:00:00;1;2025;11,6;False;IPV846;2;3,6
2025-06-30 22:00:00;1;2025;12,6;False;IPV846;3;8,6
2025-09-30 22:00:00;1;2025;13,2;False;IPV846;4;4,8
2006-12-31 23:00:00;1;2007;6,3;False;IPV847;1;0,0
2007-03-31 22:00:00;1;2007;3,6;False;IPV847;2;-42,9
2007-06-30 22:00:00;1;2007;0,9;False;IPV847;3;-75,0
2007-09-30 22:00:00;1;2007;3,2;False;IPV847;4;255,6
2007-12-31 23:00:00;1;2008;1,0;False;IPV847;1;-68,8
2008-03-31 22:00:00;1;2008;2,9;False;IPV847;2;190,0
2008-06-30 22:00:00;1;2008;1,5;False;IPV847;3;-48,3
2008-09-30 22:00:00;1;2008;-3,0;False;IPV847;4;-300,0
2008-12-31 23:00:00;1;2009;0,8;False;IPV847;1;-126,7
2009-03-31 22:00:00;1;2009;2,3;False;IPV847;2;187,5
2009-06-30 22:00:00;1;2009;0,3;False;IPV847;3;-87,0
2009-09-30 22:00:00;1;2009;-1,7;False;IPV847;4;-666,7
2009-12-31 23:00:00;1;2010;1,6;False;IPV847;1;-194,1
2010-03-31 22:00:00;1;2010;4,4;False;IPV847;2;175,0
2010-06-30 22:00:00;1;2010;-4,2;False;IPV847;3;-195,5
2010-09-30 22:00:00;1;2010;0,5;False;IPV847;4;-111,9
2010-12-31 23:00:00;1;2011;-1,9;False;IPV847;1;-480,0
2011-03-31 22:00:00;1;2011;-0,8;False;IPV847;2;-57,9
2011-06-30 22:00:00;1;2011;-0,1;False;IPV847;3;-87,5
2011-09-30 22:00:00;1;2011;-2,2;False;IPV847;4;2100,0
2011-12-31 23:00:00;1;2012;-3,4;False;IPV847;1;54,5
2012-03-31 22:00:00;1;2012;-1,4;False;IPV847;2;-58,8
2012-06-30 22:00:00;1;2012;-0,6;False;IPV847;3;-57,1
2012-09-30 22:00:00;1;2012;-3,7;False;IPV847;4;516,7
2012-12-31 23:00:00;1;2013;-9,1;False;IPV847;1;145,9
2013-03-31 22:00:00;1;2013;-6,2;False;IPV847;2;-31,9
2013-06-30 22:00:00;1;2013;1,2;False;IPV847;3;-119,4
2013-09-30 22:00:00;1;2013;-5,7;False;IPV847;4;-575,0
2013-12-31 23:00:00;1;2014;-0,3;False;IPV847;1;-94,7
2014-03-31 22:00:00;1;2014;-0,4;False;IPV847;2;33,3
2014-06-30 22:00:00;1;2014;-0,6;False;IPV847;3;50,0
2014-09-30 22:00:00;1;2014;0,0;False;IPV847;4;-100,0
2014-12-31 23:00:00;1;2015;4,4;False;IPV847;1;inf
2015-03-31 22:00:00;1;2015;0,4;False;IPV847;2;-90,9
2015-06-30 22:00:00;1;2015;0,7;False;IPV847;3;75,0
2015-09-30 22:00:00;1;2015;0,7;False;IPV847;4;0,0
2015-12-31 23:00:00;1;2016;1,6;False;IPV847;1;128,6
2016-03-31 22:00:00;1;2016;5,8;False;IPV847;2;262,5
2016-06-30 22:00:00;1;2016;2,5;False;IPV847;3;-56,9
2016-09-30 22:00:00;1;2016;-2,9;False;IPV847;4;-216,0
2016-12-31 23:00:00;1;2017;2,0;False;IPV847;1;-169,0
2017-03-31 22:00:00;1;2017;0,0;False;IPV847;2;-100,0
2017-06-30 22:00:00;1;2017;1,0;False;IPV847;3;inf
2017-09-30 22:00:00;1;2017;-2,9;False;IPV847;4;-390,0
2017-12-31 23:00:00;1;2018;5,7;False;IPV847;1;-296,6
2018-03-31 22:00:00;1;2018;3,1;False;IPV847;2;-45,6
2018-06-30 22:00:00;1;2018;3,3;False;IPV847;3;6,5
2018-09-30 22:00:00;1;2018;0,3;False;IPV847;4;-90,9
2018-12-31 23:00:00;1;2019;6,9;False;IPV847;1;2200,0
2019-03-31 22:00:00;1;2019;-2,5;False;IPV847;2;-136,2
2019-06-30 22:00:00;1;2019;4,1;False;IPV847;3;-264,0
2019-09-30 22:00:00;1;2019;1,2;False;IPV847;4;-70,7
2019-12-31 23:00:00;1;2020;-0,2;False;IPV847;1;-116,7
2020-03-31 22:00:00;1;2020;-4,0;False;IPV847;2;1900,0
2020-06-30 22:00:00;1;2020;2,9;False;IPV847;3;-172,5
2020-09-30 22:00:00;1;2020;-0,9;False;IPV847;4;-131,0
2020-12-31 23:00:00;1;2021;-1,0;False;IPV847;1;11,1
2021-03-31 22:00:00;1;2021;1,7;False;IPV847;2;-270,0
2021-06-30 22:00:00;1;2021;3,2;False;IPV847;3;88,2
2021-09-30 22:00:00;1;2021;2,5;False;IPV847;4;-21,9
2021-12-31 23:00:00;1;2022;3,3;False;IPV847;1;32,0
2022-03-31 22:00:00;1;2022;-0,8;False;IPV847;2;-124,2
2022-06-30 22:00:00;1;2022;1,2;False;IPV847;3;-250,0
2022-09-30 22:00:00;1;2022;0,9;False;IPV847;4;-25,0
2022-12-31 23:00:00;1;2023;0,0;False;IPV847;1;-100,0
2023-03-31 22:00:00;1;2023;2,2;False;IPV847;2;inf
2023-06-30 22:00:00;1;2023;-0,9;False;IPV847;3;-140,9
2023-09-30 22:00:00;1;2023;0,7;False;IPV847;4;-177,8
2023-12-31 23:00:00;1;2024;0,8;False;IPV847;1;14,3
2024-03-31 22:00:00;1;2024;0,5;False;IPV847;2;-37,5
2024-06-30 22:00:00;1;2024;4,7;False;IPV847;3;840,0
2024-09-30 22:00:00;1;2024;1,8;False;IPV847;4;-61,7
2024-12-31 23:00:00;1;2025;3,9;False;IPV847;1;116,7
2025-03-31 22:00:00;1;2025;0,8;False;IPV847;2;-79,5
2025-06-30 22:00:00;1;2025;5,6;False;IPV847;3;600,0
2025-09-30 22:00:00;1;2025;2,3;False;IPV847;4;-58,9
2006-12-31 23:00:00;1;2007;3,2;False;IPV848;1;0,0
2007-03-31 22:00:00;1;2007;7,0;False;IPV848;2;118,8
2007-06-30 22:00:00;1;2007;8,2;False;IPV848;3;17,1
2007-09-30 22:00:00;1;2007;9,3;False;IPV848;4;13,4
2007-12-31 23:00:00;1;2008;1,0;False;IPV848;1;-89,2
2008-03-31 22:00:00;1;2008;2,7;False;IPV848;2;170,0
2008-06-30 22:00:00;1;2008;1,9;False;IPV848;3;-29,6
2008-09-30 22:00:00;1;2008;-2,0;False;IPV848;4;-205,3
2008-12-31 23:00:00;1;2009;0,8;False;IPV848;1;-140,0
2009-03-31 22:00:00;1;2009;3,7;False;IPV848;2;362,5
2009-06-30 22:00:00;1;2009;3,9;False;IPV848;3;5,4
2009-09-30 22:00:00;1;2009;1,9;False;IPV848;4;-51,3
2009-12-31 23:00:00;1;2010;0,9;False;IPV848;1;-52,6
2010-03-31 22:00:00;1;2010;4,8;False;IPV848;2;433,3
2010-06-30 22:00:00;1;2010;1,0;False;IPV848;3;-79,2
2010-09-30 22:00:00;1;2010;1,7;False;IPV848;4;70,0
2010-12-31 23:00:00;1;2011;-4,4;False;IPV848;1;-358,8
2011-03-31 22:00:00;1;2011;-5,0;False;IPV848;2;13,6
2011-06-30 22:00:00;1;2011;-5,3;False;IPV848;3;6,0
2011-09-30 22:00:00;1;2011;-8,0;False;IPV848;4;50,9
2011-12-31 23:00:00;1;2012;-3,4;False;IPV848;1;-57,5
2012-03-31 22:00:00;1;2012;-4,3;False;IPV848;2;26,5
2012-06-30 22:00:00;1;2012;-7,1;False;IPV848;3;65,1
2012-09-30 22:00:00;1;2012;-8,6;False;IPV848;4;21,1
2012-12-31 23:00:00;1;2013;-8,7;False;IPV848;1;1,2
2013-03-31 22:00:00;1;2013;-11,7;False;IPV848;2;34,5
2013-06-30 22:00:00;1;2013;-12,6;False;IPV848;3;7,7
2013-09-30 22:00:00;1;2013;-15,7;False;IPV848;4;24,6
2013-12-31 23:00:00;1;2014;0,2;False;IPV848;1;-101,3
2014-03-31 22:00:00;1;2014;1,1;False;IPV848;2;450,0
2014-06-30 22:00:00;1;2014;-1,1;False;IPV848;3;-200,0
2014-09-30 22:00:00;1;2014;-0,7;False;IPV848;4;-36,4
2014-12-31 23:00:00;1;2015;1,7;False;IPV848;1;-342,9
2015-03-31 22:00:00;1;2015;2,7;False;IPV848;2;58,8
2015-06-30 22:00:00;1;2015;2,9;False;IPV848;3;7,4
2015-09-30 22:00:00;1;2015;2,6;False;IPV848;4;-10,3
2015-12-31 23:00:00;1;2016;0,8;False;IPV848;1;-69,2
2016-03-31 22:00:00;1;2016;1,4;False;IPV848;2;75,0
2016-06-30 22:00:00;1;2016;2,3;False;IPV848;3;64,3
2016-09-30 22:00:00;1;2016;0,8;False;IPV848;4;-65,2
2016-12-31 23:00:00;1;2017;1,1;False;IPV848;1;37,5
2017-03-31 22:00:00;1;2017;1,0;False;IPV848;2;-9,1
2017-06-30 22:00:00;1;2017;1,5;False;IPV848;3;50,0
2017-09-30 22:00:00;1;2017;0,2;False;IPV848;4;-86,7
2017-12-31 23:00:00;1;2018;1,3;False;IPV848;1;550,0
2018-03-31 22:00:00;1;2018;3,0;False;IPV848;2;130,8
2018-06-30 22:00:00;1;2018;3,6;False;IPV848;3;20,0
2018-09-30 22:00:00;1;2018;2,7;False;IPV848;4;-25,0
2018-12-31 23:00:00;1;2019;1,1;False;IPV848;1;-59,3
2019-03-31 22:00:00;1;2019;2,1;False;IPV848;2;90,9
2019-06-30 22:00:00;1;2019;2,4;False;IPV848;3;14,3
2019-09-30 22:00:00;1;2019;2,2;False;IPV848;4;-8,3
2019-12-31 23:00:00;1;2020;-0,8;False;IPV848;1;-136,4
2020-03-31 22:00:00;1;2020;1,1;False;IPV848;2;-237,5
2020-06-30 22:00:00;1;2020;0,2;False;IPV848;3;-81,8
2020-09-30 22:00:00;1;2020;0,4;False;IPV848;4;100,0
2020-12-31 23:00:00;1;2021;-1,4;False;IPV848;1;-450,0
2021-03-31 22:00:00;1;2021;2,4;False;IPV848;2;-271,4
2021-06-30 22:00:00;1;2021;2,6;False;IPV848;3;8,3
2021-09-30 22:00:00;1;2021;4,9;False;IPV848;4;88,5
2021-12-31 23:00:00;1;2022;0,5;False;IPV848;1;-89,8
2022-03-31 22:00:00;1;2022;2,8;False;IPV848;2;460,0
2022-06-30 22:00:00;1;2022;4,2;False;IPV848;3;50,0
2022-09-30 22:00:00;1;2022;2,8;False;IPV848;4;-33,3
2022-12-31 23:00:00;1;2023;-1,2;False;IPV848;1;-142,9
2023-03-31 22:00:00;1;2023;1,8;False;IPV848;2;-250,0
2023-06-30 22:00:00;1;2023;2,4;False;IPV848;3;33,3
2023-09-30 22:00:00;1;2023;2,2;False;IPV848;4;-8,3
2023-12-31 23:00:00;1;2024;2,2;False;IPV848;1;0,0
2024-03-31 22:00:00;1;2024;5,7;False;IPV848;2;159,1
2024-06-30 22:00:00;1;2024;8,4;False;IPV848;3;47,4
2024-09-30 22:00:00;1;2024;9,1;False;IPV848;4;8,3
2024-12-31 23:00:00;1;2025;3,9;False;IPV848;1;-57,1
2025-03-31 22:00:00;1;2025;8,7;False;IPV848;2;123,1
2025-06-30 22:00:00;1;2025;11,9;False;IPV848;3;36,8
2025-09-30 22:00:00;1;2025;13,5;False;IPV848;4;13,4
2006-12-31 23:00:00;1;2007;17,3;False;IPV849;1;0,0
2007-03-31 22:00:00;1;2007;16,5;False;IPV849;2;-4,6
2007-06-30 22:00:00;1;2007;14,1;False;IPV849;3;-14,5
2007-09-30 22:00:00;1;2007;9,3;False;IPV849;4;-34,0
2007-12-31 23:00:00;1;2008;6,9;False;IPV849;1;-25,8
2008-03-31 22:00:00;1;2008;5,0;False;IPV849;2;-27,5
2008-06-30 22:00:00;1;2008;2,9;False;IPV849;3;-42,0
2008-09-30 22:00:00;1;2008;-2,0;False;IPV849;4;-169,0
2008-12-31 23:00:00;1;2009;-2,2;False;IPV849;1;10,0
2009-03-31 22:00:00;1;2009;-1,0;False;IPV849;2;-54,5
2009-06-30 22:00:00;1;2009;-0,1;False;IPV849;3;-90,0
2009-09-30 22:00:00;1;2009;1,9;False;IPV849;4;-2000,0
2009-12-31 23:00:00;1;2010;2,1;False;IPV849;1;10,5
2010-03-31 22:00:00;1;2010;3,0;False;IPV849;2;42,9
2010-06-30 22:00:00;1;2010;-0,9;False;IPV849;3;-130,0
2010-09-30 22:00:00;1;2010;1,7;False;IPV849;4;-288,9
2010-12-31 23:00:00;1;2011;-3,7;False;IPV849;1;-317,6
2011-03-31 22:00:00;1;2011;-7,8;False;IPV849;2;110,8
2011-06-30 22:00:00;1;2011;-4,7;False;IPV849;3;-39,7
2011-09-30 22:00:00;1;2011;-8,0;False;IPV849;4;70,2
2011-12-31 23:00:00;1;2012;-7,0;False;IPV849;1;-12,5
2012-03-31 22:00:00;1;2012;-7,4;False;IPV849;2;5,7
2012-06-30 22:00:00;1;2012;-9,8;False;IPV849;3;32,4
2012-09-30 22:00:00;1;2012;-8,6;False;IPV849;4;-12,2
2012-12-31 23:00:00;1;2013;-13,7;False;IPV849;1;59,3
2013-03-31 22:00:00;1;2013;-15,6;False;IPV849;2;13,9
2013-06-30 22:00:00;1;2013;-14,0;False;IPV849;3;-10,3
2013-09-30 22:00:00;1;2013;-15,7;False;IPV849;4;12,1
2013-12-31 23:00:00;1;2014;-7,5;False;IPV849;1;-52,2
2014-03-31 22:00:00;1;2014;-3,5;False;IPV849;2;-53,3
2014-06-30 22:00:00;1;2014;-4,6;False;IPV849;3;31,4
2014-09-30 22:00:00;1;2014;-0,7;False;IPV849;4;-84,8
2014-12-31 23:00:00;1;2015;0,8;False;IPV849;1;-214,3
2015-03-31 22:00:00;1;2015;0,9;False;IPV849;2;12,5
2015-06-30 22:00:00;1;2015;3,3;False;IPV849;3;266,7
2015-09-30 22:00:00;1;2015;2,6;False;IPV849;4;-21,2
2015-12-31 23:00:00;1;2016;1,7;False;IPV849;1;-34,6
2016-03-31 22:00:00;1;2016;1,3;False;IPV849;2;-23,5
2016-06-30 22:00:00;1;2016;2,0;False;IPV849;3;53,8
2016-09-30 22:00:00;1;2016;0,8;False;IPV849;4;-60,0
2016-12-31 23:00:00;1;2017;1,1;False;IPV849;1;37,5
2017-03-31 22:00:00;1;2017;0,4;False;IPV849;2;-63,6
2017-06-30 22:00:00;1;2017;0,0;False;IPV849;3;-100,0
2017-09-30 22:00:00;1;2017;0,2;False;IPV849;4;inf
2017-12-31 23:00:00;1;2018;0,3;False;IPV849;1;50,0
2018-03-31 22:00:00;1;2018;2,2;False;IPV849;2;633,3
2018-06-30 22:00:00;1;2018;2,2;False;IPV849;3;0,0
2018-09-30 22:00:00;1;2018;2,7;False;IPV849;4;22,7
2018-12-31 23:00:00;1;2019;2,4;False;IPV849;1;-11,1
2019-03-31 22:00:00;1;2019;1,7;False;IPV849;2;-29,2
2019-06-30 22:00:00;1;2019;1,5;False;IPV849;3;-11,8
2019-09-30 22:00:00;1;2019;2,2;False;IPV849;4;46,7
2019-12-31 23:00:00;1;2020;0,3;False;IPV849;1;-86,4
2020-03-31 22:00:00;1;2020;1,3;False;IPV849;2;333,3
2020-06-30 22:00:00;1;2020;0,0;False;IPV849;3;-100,0
2020-09-30 22:00:00;1;2020;0,4;False;IPV849;4;inf
2020-12-31 23:00:00;1;2021;-0,2;False;IPV849;1;-150,0
2021-03-31 22:00:00;1;2021;1,7;False;IPV849;2;-950,0
2021-06-30 22:00:00;1;2021;2,9;False;IPV849;3;70,6
2021-09-30 22:00:00;1;2021;4,9;False;IPV849;4;69,0
2021-12-31 23:00:00;1;2022;6,9;False;IPV849;1;40,8
2022-03-31 22:00:00;1;2022;5,3;False;IPV849;2;-23,2
2022-06-30 22:00:00;1;2022;6,5;False;IPV849;3;22,6
2022-09-30 22:00:00;1;2022;2,8;False;IPV849;4;-56,9
2022-12-31 23:00:00;1;2023;1,1;False;IPV849;1;-60,7
2023-03-31 22:00:00;1;2023;1,8;False;IPV849;2;63,6
2023-06-30 22:00:00;1;2023;1,1;False;IPV849;3;-38,9
2023-09-30 22:00:00;1;2023;2,2;False;IPV849;4;100,0
2023-12-31 23:00:00;1;2024;5,7;False;IPV849;1;159,1
2024-03-31 22:00:00;1;2024;6,2;False;IPV849;2;8,8
2024-06-30 22:00:00;1;2024;8,2;False;IPV849;3;32,3
2024-09-30 22:00:00;1;2024;9,1;False;IPV849;4;11,0
2024-12-31 23:00:00;1;2025;10,9;False;IPV849;1;19,8
2025-03-31 22:00:00;1;2025;12,2;False;IPV849;2;11,9
2025-06-30 22:00:00;1;2025;12,5;False;IPV849;3;2,5
2025-09-30 22:00:00;1;2025;13,5;False;IPV849;4;8,0
2006-12-31 23:00:00;1;2007;3,2;False;IPV850;1;0,0
2007-03-31 22:00:00;1;2007;3,6;False;IPV850;2;12,5
2007-06-30 22:00:00;1;2007;1,2;False;IPV850;3;-66,7
2007-09-30 22:00:00;1;2007;1,0;False;IPV850;4;-16,7
2007-12-31 23:00:00;1;2008;1,0;False;IPV850;1;0,0
2008-03-31 22:00:00;1;2008;1,7;False;IPV850;2;70,0
2008-06-30 22:00:00;1;2008;-0,7;False;IPV850;3;-141,2
2008-09-30 22:00:00;1;2008;-3,9;False;IPV850;4;457,1
2008-12-31 23:00:00;1;2009;0,8;False;IPV850;1;-120,5
2009-03-31 22:00:00;1;2009;2,9;False;IPV850;2;262,5
2009-06-30 22:00:00;1;2009;0,1;False;IPV850;3;-96,6
2009-09-30 22:00:00;1;2009;-1,9;False;IPV850;4;-2000,0
2009-12-31 23:00:00;1;2010;0,9;False;IPV850;1;-147,4
2010-03-31 22:00:00;1;2010;3,8;False;IPV850;2;322,2
2010-06-30 22:00:00;1;2010;-3,6;False;IPV850;3;-194,7
2010-09-30 22:00:00;1;2010;0,6;False;IPV850;4;-116,7
2010-12-31 23:00:00;1;2011;-4,4;False;IPV850;1;-833,3
2011-03-31 22:00:00;1;2011;-0,6;False;IPV850;2;-86,4
2011-06-30 22:00:00;1;2011;-0,3;False;IPV850;3;-50,0
2011-09-30 22:00:00;1;2011;-2,9;False;IPV850;4;866,7
2011-12-31 23:00:00;1;2012;-3,4;False;IPV850;1;17,2
2012-03-31 22:00:00;1;2012;-1,0;False;IPV850;2;-70,6
2012-06-30 22:00:00;1;2012;-2,9;False;IPV850;3;190,0
2012-09-30 22:00:00;1;2012;-1,7;False;IPV850;4;-41,4
2012-12-31 23:00:00;1;2013;-8,7;False;IPV850;1;411,8
2013-03-31 22:00:00;1;2013;-3,2;False;IPV850;2;-63,2
2013-06-30 22:00:00;1;2013;-1,0;False;IPV850;3;-68,8
2013-09-30 22:00:00;1;2013;-3,5;False;IPV850;4;250,0
2013-12-31 23:00:00;1;2014;0,2;False;IPV850;1;-105,7
2014-03-31 22:00:00;1;2014;0,9;False;IPV850;2;350,0
2014-06-30 22:00:00;1;2014;-2,2;False;IPV850;3;-344,4
2014-09-30 22:00:00;1;2014;0,4;False;IPV850;4;-118,2
2014-12-31 23:00:00;1;2015;1,7;False;IPV850;1;325,0
2015-03-31 22:00:00;1;2015;1,0;False;IPV850;2;-41,2
2015-06-30 22:00:00;1;2015;0,2;False;IPV850;3;-80,0
2015-09-30 22:00:00;1;2015;-0,3;False;IPV850;4;-250,0
2015-12-31 23:00:00;1;2016;0,8;False;IPV850;1;-366,7
2016-03-31 22:00:00;1;2016;0,6;False;IPV850;2;-25,0
2016-06-30 22:00:00;1;2016;0,8;False;IPV850;3;33,3
2016-09-30 22:00:00;1;2016;-1,5;False;IPV850;4;-287,5
2016-12-31 23:00:00;1;2017;1,1;False;IPV850;1;-173,3
2017-03-31 22:00:00;1;2017;-0,2;False;IPV850;2;-118,2
2017-06-30 22:00:00;1;2017;0,5;False;IPV850;3;-350,0
2017-09-30 22:00:00;1;2017;-1,3;False;IPV850;4;-360,0
2017-12-31 23:00:00;1;2018;1,3;False;IPV850;1;-200,0
2018-03-31 22:00:00;1;2018;1,7;False;IPV850;2;30,8
2018-06-30 22:00:00;1;2018;0,5;False;IPV850;3;-70,6
2018-09-30 22:00:00;1;2018;-0,9;False;IPV850;4;-280,0
2018-12-31 23:00:00;1;2019;1,1;False;IPV850;1;-222,2
2019-03-31 22:00:00;1;2019;1,0;False;IPV850;2;-9,1
2019-06-30 22:00:00;1;2019;0,3;False;IPV850;3;-70,0
2019-09-30 22:00:00;1;2019;-0,2;False;IPV850;4;-166,7
2019-12-31 23:00:00;1;2020;-0,8;False;IPV850;1;300,0
2020-03-31 22:00:00;1;2020;1,9;False;IPV850;2;-337,5
2020-06-30 22:00:00;1;2020;-1,0;False;IPV850;3;-152,6
2020-09-30 22:00:00;1;2020;0,3;False;IPV850;4;-130,0
2020-12-31 23:00:00;1;2021;-1,4;False;IPV850;1;-566,7
2021-03-31 22:00:00;1;2021;3,8;False;IPV850;2;-371,4
2021-06-30 22:00:00;1;2021;0,2;False;IPV850;3;-94,7
2021-09-30 22:00:00;1;2021;2,2;False;IPV850;4;1000,0
2021-12-31 23:00:00;1;2022;0,5;False;IPV850;1;-77,3
2022-03-31 22:00:00;1;2022;2,3;False;IPV850;2;360,0
2022-06-30 22:00:00;1;2022;1,3;False;IPV850;3;-43,5
2022-09-30 22:00:00;1;2022;-1,3;False;IPV850;4;-200,0
2022-12-31 23:00:00;1;2023;-1,2;False;IPV850;1;-7,7
2023-03-31 22:00:00;1;2023;3,0;False;IPV850;2;-350,0
2023-06-30 22:00:00;1;2023;0,6;False;IPV850;3;-80,0
2023-09-30 22:00:00;1;2023;-0,2;False;IPV850;4;-133,3
2023-12-31 23:00:00;1;2024;2,2;False;IPV850;1;-1200,0
2024-03-31 22:00:00;1;2024;3,5;False;IPV850;2;59,1
2024-06-30 22:00:00;1;2024;2,6;False;IPV850;3;-25,7
2024-09-30 22:00:00;1;2024;0,6;False;IPV850;4;-76,9
2024-12-31 23:00:00;1;2025;3,9;False;IPV850;1;550,0
2025-03-31 22:00:00;1;2025;4,6;False;IPV850;2;17,9
2025-06-30 22:00:00;1;2025;2,9;False;IPV850;3;-37,0
2025-09-30 22:00:00;1;2025;1,5;False;IPV850;4;-48,3
2006-12-31 23:00:00;1;2007;2,8;False;IPV851;1;0,0
2007-03-31 22:00:00;1;2007;6,6;False;IPV851;2;135,7
2007-06-30 22:00:00;1;2007;7,5;False;IPV851;3;13,6
2007-09-30 22:00:00;1;2007;6,3;False;IPV851;4;-16,0
2007-12-31 23:00:00;1;2008;0,2;False;IPV851;1;-96,8
2008-03-31 22:00:00;1;2008;-1,4;False;IPV851;2;-800,0
2008-06-30 22:00:00;1;2008;-3,9;False;IPV851;3;178,6
2008-09-30 22:00:00;1;2008;-7,3;False;IPV851;4;87,2
2008-12-31 23:00:00;1;2009;-4,0;False;IPV851;1;-45,2
2009-03-31 22:00:00;1;2009;-3,4;False;IPV851;2;-15,0
2009-06-30 22:00:00;1;2009;-4,1;False;IPV851;3;20,6
2009-09-30 22:00:00;1;2009;-3,9;False;IPV851;4;-4,9
2009-12-31 23:00:00;1;2010;-1,2;False;IPV851;1;-69,2
2010-03-31 22:00:00;1;2010;-0,1;False;IPV851;2;-91,7
2010-06-30 22:00:00;1;2010;-2,7;False;IPV851;3;2600,0
2010-09-30 22:00:00;1;2010;-2,3;False;IPV851;4;-14,8
2010-12-31 23:00:00;1;2011;-4,9;False;IPV851;1;113,0
2011-03-31 22:00:00;1;2011;-6,2;False;IPV851;2;26,5
2011-06-30 22:00:00;1;2011;-9,9;False;IPV851;3;59,7
2011-09-30 22:00:00;1;2011;-12,3;False;IPV851;4;24,2
2011-12-31 23:00:00;1;2012;-6,3;False;IPV851;1;-48,8
2012-03-31 22:00:00;1;2012;-9,7;False;IPV851;2;54,0
2012-06-30 22:00:00;1;2012;-13,1;False;IPV851;3;35,1
2012-09-30 22:00:00;1;2012;-14,7;False;IPV851;4;12,2
2012-12-31 23:00:00;1;2013;-4,4;False;IPV851;1;-70,1
2013-03-31 22:00:00;1;2013;-6,1;False;IPV851;2;38,6
2013-06-30 22:00:00;1;2013;-4,3;False;IPV851;3;-29,5
2013-09-30 22:00:00;1;2013;-5,8;False;IPV851;4;34,9
2013-12-31 23:00:00;1;2014;-0,1;False;IPV851;1;-98,3
2014-03-31 22:00:00;1;2014;3,0;False;IPV851;2;-3100,0
2014-06-30 22:00:00;1;2014;3,2;False;IPV851;3;6,7
2014-09-30 22:00:00;1;2014;2,4;False;IPV851;4;-25,0
2014-12-31 23:00:00;1;2015;-1,2;False;IPV851;1;-150,0
2015-03-31 22:00:00;1;2015;2,9;False;IPV851;2;-341,7
2015-06-30 22:00:00;1;2015;2,8;False;IPV851;3;-3,4
2015-09-30 22:00:00;1;2015;2,6;False;IPV851;4;-7,1
2015-12-31 23:00:00;1;2016;1,0;False;IPV851;1;-61,5
2016-03-31 22:00:00;1;2016;1,3;False;IPV851;2;30,0
2016-06-30 22:00:00;1;2016;1,3;False;IPV851;3;0,0
2016-09-30 22:00:00;1;2016;1,5;False;IPV851;4;15,4
2016-12-31 23:00:00;1;2017;1,2;False;IPV851;1;-20,0
2017-03-31 22:00:00;1;2017;1,9;False;IPV851;2;58,3
2017-06-30 22:00:00;1;2017;2,7;False;IPV851;3;42,1
2017-09-30 22:00:00;1;2017;3,9;False;IPV851;4;44,4
2017-12-31 23:00:00;1;2018;0,5;False;IPV851;1;-87,2
2018-03-31 22:00:00;1;2018;2,0;False;IPV851;2;300,0
2018-06-30 22:00:00;1;2018;3,4;False;IPV851;3;70,0
2018-09-30 22:00:00;1;2018;3,4;False;IPV851;4;0,0
2018-12-31 23:00:00;1;2019;0,7;False;IPV851;1;-79,4
2019-03-31 22:00:00;1;2019;2,5;False;IPV851;2;257,1
2019-06-30 22:00:00;1;2019;3,9;False;IPV851;3;56,0
2019-09-30 22:00:00;1;2019;3,8;False;IPV851;4;-2,6
2019-12-31 23:00:00;1;2020;0,0;False;IPV851;1;-100,0
2020-03-31 22:00:00;1;2020;0,2;False;IPV851;2;inf
2020-06-30 22:00:00;1;2020;0,9;False;IPV851;3;350,0
2020-09-30 22:00:00;1;2020;1,1;False;IPV851;4;22,2
2020-12-31 23:00:00;1;2021;0,1;False;IPV851;1;-90,9
2021-03-31 22:00:00;1;2021;3,3;False;IPV851;2;3200,0
2021-06-30 22:00:00;1;2021;5,3;False;IPV851;3;60,6
2021-09-30 22:00:00;1;2021;6,7;False;IPV851;4;26,4
2021-12-31 23:00:00;1;2022;2,0;False;IPV851;1;-70,1
2022-03-31 22:00:00;1;2022;4,4;False;IPV851;2;120,0
2022-06-30 22:00:00;1;2022;5,5;False;IPV851;3;25,0
2022-09-30 22:00:00;1;2022;4,7;False;IPV851;4;-14,5
2022-12-31 23:00:00;1;2023;-0,3;False;IPV851;1;-106,4
2023-03-31 22:00:00;1;2023;2,2;False;IPV851;2;-833,3
2023-06-30 22:00:00;1;2023;4,6;False;IPV851;3;109,1
2023-09-30 22:00:00;1;2023;3,8;False;IPV851;4;-17,4
2023-12-31 23:00:00;1;2024;2,0;False;IPV851;1;-47,4
2024-03-31 22:00:00;1;2024;6,4;False;IPV851;2;220,0
2024-06-30 22:00:00;1;2024;9,7;False;IPV851;3;51,6
2024-09-30 22:00:00;1;2024;12,0;False;IPV851;4;23,7
2024-12-31 23:00:00;1;2025;2,7;False;IPV851;1;-77,5
2025-03-31 22:00:00;1;2025;7,8;False;IPV851;2;188,9
2025-06-30 22:00:00;1;2025;11,6;False;IPV851;3;48,7
2025-09-30 22:00:00;1;2025;14,1;False;IPV851;4;21,6
2006-12-31 23:00:00;1;2007;15,1;False;IPV852;1;0,0
2007-03-31 22:00:00;1;2007;13,5;False;IPV852;2;-10,6
2007-06-30 22:00:00;1;2007;10,6;False;IPV852;3;-21,5
2007-09-30 22:00:00;1;2007;6,3;False;IPV852;4;-40,6
2007-12-31 23:00:00;1;2008;3,7;False;IPV852;1;-41,3
2008-03-31 22:00:00;1;2008;-1,7;False;IPV852;2;-145,9
2008-06-30 22:00:00;1;2008;-4,9;False;IPV852;3;188,2
2008-09-30 22:00:00;1;2008;-7,3;False;IPV852;4;49,0
2008-12-31 23:00:00;1;2009;-11,2;False;IPV852;1;53,4
2009-03-31 22:00:00;1;2009;-9,1;False;IPV852;2;-18,8
2009-06-30 22:00:00;1;2009;-7,5;False;IPV852;3;-17,6
2009-09-30 22:00:00;1;2009;-3,9;False;IPV852;4;-48,0
2009-12-31 23:00:00;1;2010;-1,1;False;IPV852;1;-71,8
2010-03-31 22:00:00;1;2010;-0,7;False;IPV852;2;-36,4
2010-06-30 22:00:00;1;2010;-2,5;False;IPV852;3;257,1
2010-09-30 22:00:00;1;2010;-2,3;False;IPV852;4;-8,0
2010-12-31 23:00:00;1;2011;-5,9;False;IPV852;1;156,5
2011-03-31 22:00:00;1;2011;-8,2;False;IPV852;2;39,0
2011-06-30 22:00:00;1;2011;-9,5;False;IPV852;3;15,9
2011-09-30 22:00:00;1;2011;-12,3;False;IPV852;4;29,5
2011-12-31 23:00:00;1;2012;-13,5;False;IPV852;1;9,8
2012-03-31 22:00:00;1;2012;-15,6;False;IPV852;2;15,6
2012-06-30 22:00:00;1;2012;-15,4;False;IPV852;3;-1,3
2012-09-30 22:00:00;1;2012;-14,7;False;IPV852;4;-4,5
2012-12-31 23:00:00;1;2013;-13,0;False;IPV852;1;-11,6
2013-03-31 22:00:00;1;2013;-11,2;False;IPV852;2;-13,8
2013-06-30 22:00:00;1;2013;-6,1;False;IPV852;3;-45,5
2013-09-30 22:00:00;1;2013;-5,8;False;IPV852;4;-4,9
2013-12-31 23:00:00;1;2014;-1,6;False;IPV852;1;-72,4
2014-03-31 22:00:00;1;2014;3,2;False;IPV852;2;-300,0
2014-06-30 22:00:00;1;2014;1,5;False;IPV852;3;-53,1
2014-09-30 22:00:00;1;2014;2,4;False;IPV852;4;60,0
2014-12-31 23:00:00;1;2015;1,3;False;IPV852;1;-45,8
2015-03-31 22:00:00;1;2015;2,4;False;IPV852;2;84,6
2015-06-30 22:00:00;1;2015;2,1;False;IPV852;3;-12,5
2015-09-30 22:00:00;1;2015;2,6;False;IPV852;4;23,8
2015-12-31 23:00:00;1;2016;4,9;False;IPV852;1;88,5
2016-03-31 22:00:00;1;2016;1,0;False;IPV852;2;-79,6
2016-06-30 22:00:00;1;2016;1,1;False;IPV852;3;10,0
2016-09-30 22:00:00;1;2016;1,5;False;IPV852;4;36,4
2016-12-31 23:00:00;1;2017;1,7;False;IPV852;1;13,3
2017-03-31 22:00:00;1;2017;2,1;False;IPV852;2;23,5
2017-06-30 22:00:00;1;2017;2,8;False;IPV852;3;33,3
2017-09-30 22:00:00;1;2017;3,9;False;IPV852;4;39,3
2017-12-31 23:00:00;1;2018;3,2;False;IPV852;1;-17,9
2018-03-31 22:00:00;1;2018;3,9;False;IPV852;2;21,9
2018-06-30 22:00:00;1;2018;4,7;False;IPV852;3;20,5
2018-09-30 22:00:00;1;2018;3,4;False;IPV852;4;-27,7
2018-12-31 23:00:00;1;2019;3,6;False;IPV852;1;5,9
2019-03-31 22:00:00;1;2019;3,9;False;IPV852;2;8,3
2019-06-30 22:00:00;1;2019;3,8;False;IPV852;3;-2,6
2019-09-30 22:00:00;1;2019;3,8;False;IPV852;4;0,0
2019-12-31 23:00:00;1;2020;3,1;False;IPV852;1;-18,4
2020-03-31 22:00:00;1;2020;1,5;False;IPV852;2;-51,6
2020-06-30 22:00:00;1;2020;0,9;False;IPV852;3;-40,0
2020-09-30 22:00:00;1;2020;1,1;False;IPV852;4;22,2
2020-12-31 23:00:00;1;2021;1,2;False;IPV852;1;9,1
2021-03-31 22:00:00;1;2021;4,2;False;IPV852;2;250,0
2021-06-30 22:00:00;1;2021;5,5;False;IPV852;3;31,0
2021-09-30 22:00:00;1;2021;6,7;False;IPV852;4;21,8
2021-12-31 23:00:00;1;2022;8,7;False;IPV852;1;29,9
2022-03-31 22:00:00;1;2022;7,9;False;IPV852;2;-9,2
2022-06-30 22:00:00;1;2022;6,9;False;IPV852;3;-12,7
2022-09-30 22:00:00;1;2022;4,7;False;IPV852;4;-31,9
2022-12-31 23:00:00;1;2023;2,3;False;IPV852;1;-51,1
2023-03-31 22:00:00;1;2023;2,5;False;IPV852;2;8,7
2023-06-30 22:00:00;1;2023;3,8;False;IPV852;3;52,0
2023-09-30 22:00:00;1;2023;3,8;False;IPV852;4;0,0
2023-12-31 23:00:00;1;2024;6,2;False;IPV852;1;63,2
2024-03-31 22:00:00;1;2024;8,1;False;IPV852;2;30,6
2024-06-30 22:00:00;1;2024;8,9;False;IPV852;3;9,9
2024-09-30 22:00:00;1;2024;12,0;False;IPV852;4;34,8
2024-12-31 23:00:00;1;2025;12,8;False;IPV852;1;6,7
2025-03-31 22:00:00;1;2025;13,4;False;IPV852;2;4,7
2025-06-30 22:00:00;1;2025;14,0;False;IPV852;3;4,5
2025-09-30 22:00:00;1;2025;14,1;False;IPV852;4;0,7
2006-12-31 23:00:00;1;2007;2,8;False;IPV853;1;0,0
2007-03-31 22:00:00;1;2007;3,7;False;IPV853;2;32,1
2007-06-30 22:00:00;1;2007;0,8;False;IPV853;3;-78,4
2007-09-30 22:00:00;1;2007;-1,1;False;IPV853;4;-237,5
2007-12-31 23:00:00;1;2008;0,2;False;IPV853;1;-118,2
2008-03-31 22:00:00;1;2008;-1,6;False;IPV853;2;-900,0
2008-06-30 22:00:00;1;2008;-2,5;False;IPV853;3;56,2
2008-09-30 22:00:00;1;2008;-3,6;False;IPV853;4;44,0
2008-12-31 23:00:00;1;2009;-4,0;False;IPV853;1;11,1
2009-03-31 22:00:00;1;2009;0,7;False;IPV853;2;-117,5
2009-06-30 22:00:00;1;2009;-0,7;False;IPV853;3;-200,0
2009-09-30 22:00:00;1;2009;0,2;False;IPV853;4;-128,6
2009-12-31 23:00:00;1;2010;-1,2;False;IPV853;1;-700,0
2010-03-31 22:00:00;1;2010;1,1;False;IPV853;2;-191,7
2010-06-30 22:00:00;1;2010;-2,6;False;IPV853;3;-336,4
2010-09-30 22:00:00;1;2010;0,5;False;IPV853;4;-119,2
2010-12-31 23:00:00;1;2011;-4,9;False;IPV853;1;-1080,0
2011-03-31 22:00:00;1;2011;-1,3;False;IPV853;2;-73,5
2011-06-30 22:00:00;1;2011;-3,9;False;IPV853;3;200,0
2011-09-30 22:00:00;1;2011;-2,6;False;IPV853;4;-33,3
2011-12-31 23:00:00;1;2012;-6,3;False;IPV853;1;142,3
2012-03-31 22:00:00;1;2012;-3,7;False;IPV853;2;-41,3
2012-06-30 22:00:00;1;2012;-3,7;False;IPV853;3;0,0
2012-09-30 22:00:00;1;2012;-1,9;False;IPV853;4;-48,6
2012-12-31 23:00:00;1;2013;-4,4;False;IPV853;1;131,6
2013-03-31 22:00:00;1;2013;-1,7;False;IPV853;2;-61,4
2013-06-30 22:00:00;1;2013;1,9;False;IPV853;3;-211,8
2013-09-30 22:00:00;1;2013;-1,6;False;IPV853;4;-184,2
2013-12-31 23:00:00;1;2014;-0,1;False;IPV853;1;-93,8
2014-03-31 22:00:00;1;2014;3,1;False;IPV853;2;-3200,0
2014-06-30 22:00:00;1;2014;0,2;False;IPV853;3;-93,5
2014-09-30 22:00:00;1;2014;-0,7;False;IPV853;4;-450,0
2014-12-31 23:00:00;1;2015;-1,2;False;IPV853;1;71,4
2015-03-31 22:00:00;1;2015;4,2;False;IPV853;2;-450,0
2015-06-30 22:00:00;1;2015;-0,1;False;IPV853;3;-102,4
2015-09-30 22:00:00;1;2015;-0,2;False;IPV853;4;100,0
2015-12-31 23:00:00;1;2016;1,0;False;IPV853;1;-600,0
2016-03-31 22:00:00;1;2016;0,4;False;IPV853;2;-60,0
2016-06-30 22:00:00;1;2016;0,0;False;IPV853;3;-100,0
2016-09-30 22:00:00;1;2016;0,1;False;IPV853;4;inf
2016-12-31 23:00:00;1;2017;1,2;False;IPV853;1;1100,0
2017-03-31 22:00:00;1;2017;0,7;False;IPV853;2;-41,7
2017-06-30 22:00:00;1;2017;0,7;False;IPV853;3;0,0
2017-09-30 22:00:00;1;2017;1,2;False;IPV853;4;71,4
2017-12-31 23:00:00;1;2018;0,5;False;IPV853;1;-58,3
2018-03-31 22:00:00;1;2018;1,4;False;IPV853;2;180,0
2018-06-30 22:00:00;1;2018;1,4;False;IPV853;3;0,0
2018-09-30 22:00:00;1;2018;0,0;False;IPV853;4;-100,0
2018-12-31 23:00:00;1;2019;0,7;False;IPV853;1;inf
2019-03-31 22:00:00;1;2019;1,8;False;IPV853;2;157,1
2019-06-30 22:00:00;1;2019;1,4;False;IPV853;3;-22,2
2019-09-30 22:00:00;1;2019;0,0;False;IPV853;4;-100,0
2019-12-31 23:00:00;1;2020;0,0;False;IPV853;1;0,0
2020-03-31 22:00:00;1;2020;0,2;False;IPV853;2;inf
2020-06-30 22:00:00;1;2020;0,7;False;IPV853;3;250,0
2020-09-30 22:00:00;1;2020;0,2;False;IPV853;4;-71,4
2020-12-31 23:00:00;1;2021;0,1;False;IPV853;1;-50,0
2021-03-31 22:00:00;1;2021;3,1;False;IPV853;2;3000,0
2021-06-30 22:00:00;1;2021;1,9;False;IPV853;3;-38,7
2021-09-30 22:00:00;1;2021;1,4;False;IPV853;4;-26,3
2021-12-31 23:00:00;1;2022;2,0;False;IPV853;1;42,9
2022-03-31 22:00:00;1;2022;2,4;False;IPV853;2;20,0
2022-06-30 22:00:00;1;2022;1,0;False;IPV853;3;-58,3
2022-09-30 22:00:00;1;2022;-0,8;False;IPV853;4;-180,0
2022-12-31 23:00:00;1;2023;-0,3;False;IPV853;1;-62,5
2023-03-31 22:00:00;1;2023;2,5;False;IPV853;2;-933,3
2023-06-30 22:00:00;1;2023;2,4;False;IPV853;3;-4,0
2023-09-30 22:00:00;1;2023;-0,8;False;IPV853;4;-133,3
2023-12-31 23:00:00;1;2024;2,0;False;IPV853;1;-350,0
2024-03-31 22:00:00;1;2024;4,3;False;IPV853;2;115,0
2024-06-30 22:00:00;1;2024;3,1;False;IPV853;3;-27,9
2024-09-30 22:00:00;1;2024;2,1;False;IPV853;4;-32,3
2024-12-31 23:00:00;1;2025;2,7;False;IPV853;1;28,6
2025-03-31 22:00:00;1;2025;4,9;False;IPV853;2;81,5
2025-06-30 22:00:00;1;2025;3,6;False;IPV853;3;-26,5
2025-09-30 22:00:00;1;2025;2,2;False;IPV853;4;-38,9
2006-12-31 23:00:00;1;2007;1,9;False;IPV854;1;0,0
2007-03-31 22:00:00;1;2007;5,2;False;IPV854;2;173,7
2007-06-30 22:00:00;1;2007;7,7;False;IPV854;3;48,1
2007-09-30 22:00:00;1;2007;11,3;False;IPV854;4;46,8
2007-12-31 23:00:00;1;2008;0,7;False;IPV854;1;-93,8
2008-03-31 22:00:00;1;2008;1,9;False;IPV854;2;171,4
2008-06-30 22:00:00;1;2008;2,9;False;IPV854;3;52,6
2008-09-30 22:00:00;1;2008;2,7;False;IPV854;4;-6,9
2008-12-31 23:00:00;1;2009;-1,8;False;IPV854;1;-166,7
2009-03-31 22:00:00;1;2009;-3,2;False;IPV854;2;77,8
2009-06-30 22:00:00;1;2009;-4,6;False;IPV854;3;43,7
2009-09-30 22:00:00;1;2009;-5,5;False;IPV854;4;19,6
2009-12-31 23:00:00;1;2010;-2,4;False;IPV854;1;-56,4
2010-03-31 22:00:00;1;2010;-0,5;False;IPV854;2;-79,2
2010-06-30 22:00:00;1;2010;-2,5;False;IPV854;3;400,0
2010-09-30 22:00:00;1;2010;-4,1;False;IPV854;4;64,0
2010-12-31 23:00:00;1;2011;-1,2;False;IPV854;1;-70,7
2011-03-31 22:00:00;1;2011;-2,5;False;IPV854;2;108,3
2011-06-30 22:00:00;1;2011;-5,5;False;IPV854;3;120,0
2011-09-30 22:00:00;1;2011;-7,4;False;IPV854;4;34,5
2011-12-31 23:00:00;1;2012;-4,3;False;IPV854;1;-41,9
2012-03-31 22:00:00;1;2012;-7,9;False;IPV854;2;83,7
2012-06-30 22:00:00;1;2012;-10,4;False;IPV854;3;31,6
2012-09-30 22:00:00;1;2012;-12,8;False;IPV854;4;23,1
2012-12-31 23:00:00;1;2013;-2,0;False;IPV854;1;-84,4
2013-03-31 22:00:00;1;2013;-4,2;False;IPV854;2;110,0
2013-06-30 22:00:00;1;2013;-2,8;False;IPV854;3;-33,3
2013-09-30 22:00:00;1;2013;-8,1;False;IPV854;4;189,3
2013-12-31 23:00:00;1;2014;1,4;False;IPV854;1;-117,3
2014-03-31 22:00:00;1;2014;4,5;False;IPV854;2;221,4
2014-06-30 22:00:00;1;2014;6,0;False;IPV854;3;33,3
2014-09-30 22:00:00;1;2014;4,8;False;IPV854;4;-20,0
2014-12-31 23:00:00;1;2015;2,0;False;IPV854;1;-58,3
2015-03-31 22:00:00;1;2015;4,5;False;IPV854;2;125,0
2015-06-30 22:00:00;1;2015;3,0;False;IPV854;3;-33,3
2015-09-30 22:00:00;1;2015;5,3;False;IPV854;4;76,7
2015-12-31 23:00:00;1;2016;3,2;False;IPV854;1;-39,6
2016-03-31 22:00:00;1;2016;6,5;False;IPV854;2;103,1
2016-06-30 22:00:00;1;2016;4,9;False;IPV854;3;-24,6
2016-09-30 22:00:00;1;2016;3,7;False;IPV854;4;-24,5
2016-12-31 23:00:00;1;2017;2,5;False;IPV854;1;-32,4
2017-03-31 22:00:00;1;2017;3,1;False;IPV854;2;24,0
2017-06-30 22:00:00;1;2017;5,0;False;IPV854;3;61,3
2017-09-30 22:00:00;1;2017;5,8;False;IPV854;4;16,0
2017-12-31 23:00:00;1;2018;1,5;False;IPV854;1;-74,1
2018-03-31 22:00:00;1;2018;2,0;False;IPV854;2;33,3
2018-06-30 22:00:00;1;2018;3,9;False;IPV854;3;95,0
2018-09-30 22:00:00;1;2018;8,9;False;IPV854;4;128,2
2018-12-31 23:00:00;1;2019;0,7;False;IPV854;1;-92,1
2019-03-31 22:00:00;1;2019;3,1;False;IPV854;2;342,9
2019-06-30 22:00:00;1;2019;1,7;False;IPV854;3;-45,2
2019-09-30 22:00:00;1;2019;3,5;False;IPV854;4;105,9
2019-12-31 23:00:00;1;2020;2,9;False;IPV854;1;-17,1
2020-03-31 22:00:00;1;2020;1,5;False;IPV854;2;-48,3
2020-06-30 22:00:00;1;2020;7,1;False;IPV854;3;373,3
2020-09-30 22:00:00;1;2020;4,9;False;IPV854;4;-31,0
2020-12-31 23:00:00;1;2021;-0,7;False;IPV854;1;-114,3
2021-03-31 22:00:00;1;2021;1,9;False;IPV854;2;-371,4
2021-06-30 22:00:00;1;2021;4,5;False;IPV854;3;136,8
2021-09-30 22:00:00;1;2021;7,1;False;IPV854;4;57,8
2021-12-31 23:00:00;1;2022;2,1;False;IPV854;1;-70,4
2022-03-31 22:00:00;1;2022;3,5;False;IPV854;2;66,7
2022-06-30 22:00:00;1;2022;4,4;False;IPV854;3;25,7
2022-09-30 22:00:00;1;2022;6,7;False;IPV854;4;52,3
2022-12-31 23:00:00;1;2023;4,1;False;IPV854;1;-38,8
2023-03-31 22:00:00;1;2023;5,3;False;IPV854;2;29,3
2023-06-30 22:00:00;1;2023;9,3;False;IPV854;3;75,5
2023-09-30 22:00:00;1;2023;6,8;False;IPV854;4;-26,9
2023-12-31 23:00:00;1;2024;5,4;False;IPV854;1;-20,6
2024-03-31 22:00:00;1;2024;10,0;False;IPV854;2;85,2
2024-06-30 22:00:00;1;2024;11,1;False;IPV854;3;11,0
2024-09-30 22:00:00;1;2024;13,3;False;IPV854;4;19,8
2024-12-31 23:00:00;1;2025;2,1;False;IPV854;1;-84,2
2025-03-31 22:00:00;1;2025;4,9;False;IPV854;2;133,3
2025-06-30 22:00:00;1;2025;6,8;False;IPV854;3;38,8
2025-09-30 22:00:00;1;2025;10,3;False;IPV854;4;51,5
2006-12-31 23:00:00;1;2007;14,0;False;IPV855;1;0,0
2007-03-31 22:00:00;1;2007;14,5;False;IPV855;2;3,6
2007-06-30 22:00:00;1;2007;12,3;False;IPV855;3;-15,2
2007-09-30 22:00:00;1;2007;11,3;False;IPV855;4;-8,1
2007-12-31 23:00:00;1;2008;10,0;False;IPV855;1;-11,5
2008-03-31 22:00:00;1;2008;7,8;False;IPV855;2;-22,0
2008-06-30 22:00:00;1;2008;6,4;False;IPV855;3;-17,9
2008-09-30 22:00:00;1;2008;2,7;False;IPV855;4;-57,8
2008-12-31 23:00:00;1;2009;0,1;False;IPV855;1;-96,3
2009-03-31 22:00:00;1;2009;-2,4;False;IPV855;2;-2500,0
2009-06-30 22:00:00;1;2009;-4,9;False;IPV855;3;104,2
2009-09-30 22:00:00;1;2009;-5,5;False;IPV855;4;12,2
2009-12-31 23:00:00;1;2010;-6,1;False;IPV855;1;10,9
2010-03-31 22:00:00;1;2010;-2,9;False;IPV855;2;-52,5
2010-06-30 22:00:00;1;2010;-3,4;False;IPV855;3;17,2
2010-09-30 22:00:00;1;2010;-4,1;False;IPV855;4;20,6
2010-12-31 23:00:00;1;2011;-3,0;False;IPV855;1;-26,8
2011-03-31 22:00:00;1;2011;-6,1;False;IPV855;2;103,3
2011-06-30 22:00:00;1;2011;-7,1;False;IPV855;3;16,4
2011-09-30 22:00:00;1;2011;-7,4;False;IPV855;4;4,2
2011-12-31 23:00:00;1;2012;-10,3;False;IPV855;1;39,2
2012-03-31 22:00:00;1;2012;-12,5;False;IPV855;2;21,4
2012-06-30 22:00:00;1;2012;-12,1;False;IPV855;3;-3,2
2012-09-30 22:00:00;1;2012;-12,8;False;IPV855;4;5,8
2012-12-31 23:00:00;1;2013;-10,7;False;IPV855;1;-16,4
2013-03-31 22:00:00;1;2013;-9,4;False;IPV855;2;-12,1
2013-06-30 22:00:00;1;2013;-5,5;False;IPV855;3;-41,5
2013-09-30 22:00:00;1;2013;-8,1;False;IPV855;4;47,3
2013-12-31 23:00:00;1;2014;-4,9;False;IPV855;1;-39,5
2014-03-31 22:00:00;1;2014;0,3;False;IPV855;2;-106,1
2014-06-30 22:00:00;1;2014;0,2;False;IPV855;3;-33,3
2014-09-30 22:00:00;1;2014;4,8;False;IPV855;4;2300,0
2014-12-31 23:00:00;1;2015;5,5;False;IPV855;1;14,6
2015-03-31 22:00:00;1;2015;4,9;False;IPV855;2;-10,9
2015-06-30 22:00:00;1;2015;1,9;False;IPV855;3;-61,2
2015-09-30 22:00:00;1;2015;5,3;False;IPV855;4;178,9
2015-12-31 23:00:00;1;2016;6,5;False;IPV855;1;22,6
2016-03-31 22:00:00;1;2016;7,3;False;IPV855;2;12,3
2016-06-30 22:00:00;1;2016;7,1;False;IPV855;3;-2,7
2016-09-30 22:00:00;1;2016;3,7;False;IPV855;4;-47,9
2016-12-31 23:00:00;1;2017;3,0;False;IPV855;1;-18,9
2017-03-31 22:00:00;1;2017;0,3;False;IPV855;2;-90,0
2017-06-30 22:00:00;1;2017;3,8;False;IPV855;3;1166,7
2017-09-30 22:00:00;1;2017;5,8;False;IPV855;4;52,6
2017-12-31 23:00:00;1;2018;4,8;False;IPV855;1;-17,2
2018-03-31 22:00:00;1;2018;4,7;False;IPV855;2;-2,1
2018-06-30 22:00:00;1;2018;4,8;False;IPV855;3;2,1
2018-09-30 22:00:00;1;2018;8,9;False;IPV855;4;85,4
2018-12-31 23:00:00;1;2019;8,0;False;IPV855;1;-10,1
2019-03-31 22:00:00;1;2019;10,0;False;IPV855;2;25,0
2019-06-30 22:00:00;1;2019;6,5;False;IPV855;3;-35,0
2019-09-30 22:00:00;1;2019;3,5;False;IPV855;4;-46,2
2019-12-31 23:00:00;1;2020;5,7;False;IPV855;1;62,9
2020-03-31 22:00:00;1;2020;1,9;False;IPV855;2;-66,7
2020-06-30 22:00:00;1;2020;9,0;False;IPV855;3;373,7
2020-09-30 22:00:00;1;2020;4,9;False;IPV855;4;-45,6
2020-12-31 23:00:00;1;2021;1,2;False;IPV855;1;-75,5
2021-03-31 22:00:00;1;2021;5,3;False;IPV855;2;341,7
2021-06-30 22:00:00;1;2021;2,3;False;IPV855;3;-56,6
2021-09-30 22:00:00;1;2021;7,1;False;IPV855;4;208,7
2021-12-31 23:00:00;1;2022;10,1;False;IPV855;1;42,3
2022-03-31 22:00:00;1;2022;8,7;False;IPV855;2;-13,9
2022-06-30 22:00:00;1;2022;7,0;False;IPV855;3;-19,5
2022-09-30 22:00:00;1;2022;6,7;False;IPV855;4;-4,3
2022-12-31 23:00:00;1;2023;8,7;False;IPV855;1;29,9
2023-03-31 22:00:00;1;2023;8,6;False;IPV855;2;-1,1
2023-06-30 22:00:00;1;2023;11,7;False;IPV855;3;36,0
2023-09-30 22:00:00;1;2023;6,8;False;IPV855;4;-41,9
2023-12-31 23:00:00;1;2024;8,2;False;IPV855;1;20,6
2024-03-31 22:00:00;1;2024;11,6;False;IPV855;2;41,5
2024-06-30 22:00:00;1;2024;8,6;False;IPV855;3;-25,9
2024-09-30 22:00:00;1;2024;13,3;False;IPV855;4;54,7
2024-12-31 23:00:00;1;2025;9,7;False;IPV855;1;-27,1
2025-03-31 22:00:00;1;2025;8,0;False;IPV855;2;-17,5
2025-06-30 22:00:00;1;2025;9,0;False;IPV855;3;12,5
2025-09-30 22:00:00;1;2025;10,3;False;IPV855;4;14,4
2006-12-31 23:00:00;1;2007;1,9;False;IPV856;1;0,0
2007-03-31 22:00:00;1;2007;3,3;False;IPV856;2;73,7
2007-06-30 22:00:00;1;2007;2,4;False;IPV856;3;-27,3
2007-09-30 22:00:00;1;2007;3,3;False;IPV856;4;37,5
2007-12-31 23:00:00;1;2008;0,7;False;IPV856;1;-78,8
2008-03-31 22:00:00;1;2008;1,2;False;IPV856;2;71,4
2008-06-30 22:00:00;1;2008;1,0;False;IPV856;3;-16,7
2008-09-30 22:00:00;1;2008;-0,3;False;IPV856;4;-130,0
2008-12-31 23:00:00;1;2009;-1,8;False;IPV856;1;500,0
2009-03-31 22:00:00;1;2009;-1,4;False;IPV856;2;-22,2
2009-06-30 22:00:00;1;2009;-1,5;False;IPV856;3;7,1
2009-09-30 22:00:00;1;2009;-0,9;False;IPV856;4;-40,0
2009-12-31 23:00:00;1;2010;-2,4;False;IPV856;1;166,7
2010-03-31 22:00:00;1;2010;2,0;False;IPV856;2;-183,3
2010-06-30 22:00:00;1;2010;-2,0;False;IPV856;3;-200,0
2010-09-30 22:00:00;1;2010;-1,7;False;IPV856;4;-15,0
2010-12-31 23:00:00;1;2011;-1,2;False;IPV856;1;-29,4
2011-03-31 22:00:00;1;2011;-1,3;False;IPV856;2;8,3
2011-06-30 22:00:00;1;2011;-3,1;False;IPV856;3;138,5
2011-09-30 22:00:00;1;2011;-2,0;False;IPV856;4;-35,5
2011-12-31 23:00:00;1;2012;-4,3;False;IPV856;1;115,0
2012-03-31 22:00:00;1;2012;-3,7;False;IPV856;2;-14,0
2012-06-30 22:00:00;1;2012;-2,7;False;IPV856;3;-27,0
2012-09-30 22:00:00;1;2012;-2,7;False;IPV856;4;0,0
2012-12-31 23:00:00;1;2013;-2,0;False;IPV856;1;-25,9
2013-03-31 22:00:00;1;2013;-2,3;False;IPV856;2;15,0
2013-06-30 22:00:00;1;2013;1,5;False;IPV856;3;-165,2
2013-09-30 22:00:00;1;2013;-5,4;False;IPV856;4;-460,0
2013-12-31 23:00:00;1;2014;1,4;False;IPV856;1;-125,9
2014-03-31 22:00:00;1;2014;3,1;False;IPV856;2;121,4
2014-06-30 22:00:00;1;2014;1,4;False;IPV856;3;-54,8
2014-09-30 22:00:00;1;2014;-1,1;False;IPV856;4;-178,6
2014-12-31 23:00:00;1;2015;2,0;False;IPV856;1;-281,8
2015-03-31 22:00:00;1;2015;2,5;False;IPV856;2;25,0
2015-06-30 22:00:00;1;2015;-1,4;False;IPV856;3;-156,0
2015-09-30 22:00:00;1;2015;2,2;False;IPV856;4;-257,1
2015-12-31 23:00:00;1;2016;3,2;False;IPV856;1;45,5
2016-03-31 22:00:00;1;2016;3,3;False;IPV856;2;3,1
2016-06-30 22:00:00;1;2016;-1,6;False;IPV856;3;-148,5
2016-09-30 22:00:00;1;2016;-1,1;False;IPV856;4;-31,2
2016-12-31 23:00:00;1;2017;2,5;False;IPV856;1;-327,3
2017-03-31 22:00:00;1;2017;0,6;False;IPV856;2;-76,0
2017-06-30 22:00:00;1;2017;1,8;False;IPV856;3;200,0
2017-09-30 22:00:00;1;2017;0,8;False;IPV856;4;-55,6
2017-12-31 23:00:00;1;2018;1,5;False;IPV856;1;87,5
2018-03-31 22:00:00;1;2018;0,5;False;IPV856;2;-66,7
2018-06-30 22:00:00;1;2018;1,9;False;IPV856;3;280,0
2018-09-30 22:00:00;1;2018;4,8;False;IPV856;4;152,6
2018-12-31 23:00:00;1;2019;0,7;False;IPV856;1;-85,4
2019-03-31 22:00:00;1;2019;2,3;False;IPV856;2;228,6
2019-06-30 22:00:00;1;2019;-1,4;False;IPV856;3;-160,9
2019-09-30 22:00:00;1;2019;1,8;False;IPV856;4;-228,6
2019-12-31 23:00:00;1;2020;2,9;False;IPV856;1;61,1
2020-03-31 22:00:00;1;2020;-1,3;False;IPV856;2;-144,8
2020-06-30 22:00:00;1;2020;5,5;False;IPV856;3;-523,1
2020-09-30 22:00:00;1;2020;-2,1;False;IPV856;4;-138,2
2020-12-31 23:00:00;1;2021;-0,7;False;IPV856;1;-66,7
2021-03-31 22:00:00;1;2021;2,6;False;IPV856;2;-471,4
2021-06-30 22:00:00;1;2021;2,5;False;IPV856;3;-3,8
2021-09-30 22:00:00;1;2021;2,5;False;IPV856;4;0,0
2021-12-31 23:00:00;1;2022;2,1;False;IPV856;1;-16,0
2022-03-31 22:00:00;1;2022;1,3;False;IPV856;2;-38,1
2022-06-30 22:00:00;1;2022;0,9;False;IPV856;3;-30,8
2022-09-30 22:00:00;1;2022;2,2;False;IPV856;4;144,4
2022-12-31 23:00:00;1;2023;4,1;False;IPV856;1;86,4
2023-03-31 22:00:00;1;2023;1,2;False;IPV856;2;-70,7
2023-06-30 22:00:00;1;2023;3,7;False;IPV856;3;208,3
2023-09-30 22:00:00;1;2023;-2,2;False;IPV856;4;-159,5
2023-12-31 23:00:00;1;2024;5,4;False;IPV856;1;-345,5
2024-03-31 22:00:00;1;2024;4,3;False;IPV856;2;-20,4
2024-06-30 22:00:00;1;2024;1,0;False;IPV856;3;-76,7
2024-09-30 22:00:00;1;2024;2,0;False;IPV856;4;100,0
2024-12-31 23:00:00;1;2025;2,1;False;IPV856;1;5,0
2025-03-31 22:00:00;1;2025;2,7;False;IPV856;2;28,6
2025-06-30 22:00:00;1;2025;1,8;False;IPV856;3;-33,3
2025-09-30 22:00:00;1;2025;3,2;False;IPV856;4;77,8
2006-12-31 23:00:00;1;2007;2,3;False;IPV857;1;0,0
2007-03-31 22:00:00;1;2007;5,9;False;IPV857;2;156,5
2007-06-30 22:00:00;1;2007;7,6;False;IPV857;3;28,8
2007-09-30 22:00:00;1;2007;8,8;False;IPV857;4;15,8
2007-12-31 23:00:00;1;2008;0,5;False;IPV857;1;-94,3
2008-03-31 22:00:00;1;2008;0,3;False;IPV857;2;-40,0
2008-06-30 22:00:00;1;2008;-0,4;False;IPV857;3;-233,3
2008-09-30 22:00:00;1;2008;-2,1;False;IPV857;4;425,0
2008-12-31 23:00:00;1;2009;-2,7;False;IPV857;1;28,6
2009-03-31 22:00:00;1;2009;-3,2;False;IPV857;2;18,5
2009-06-30 22:00:00;1;2009;-4,4;False;IPV857;3;37,5
2009-09-30 22:00:00;1;2009;-4,9;False;IPV857;4;11,4
2009-12-31 23:00:00;1;2010;-1,9;False;IPV857;1;-61,2
2010-03-31 22:00:00;1;2010;-0,3;False;IPV857;2;-84,2
2010-06-30 22:00:00;1;2010;-2,6;False;IPV857;3;766,7
2010-09-30 22:00:00;1;2010;-3,3;False;IPV857;4;26,9
2010-12-31 23:00:00;1;2011;-3,0;False;IPV857;1;-9,1
2011-03-31 22:00:00;1;2011;-4,3;False;IPV857;2;43,3
2011-06-30 22:00:00;1;2011;-7,6;False;IPV857;3;76,7
2011-09-30 22:00:00;1;2011;-9,8;False;IPV857;4;28,9
2011-12-31 23:00:00;1;2012;-5,5;False;IPV857;1;-43,9
2012-03-31 22:00:00;1;2012;-9,0;False;IPV857;2;63,6
2012-06-30 22:00:00;1;2012;-12,0;False;IPV857;3;33,3
2012-09-30 22:00:00;1;2012;-14,0;False;IPV857;4;16,7
2012-12-31 23:00:00;1;2013;-3,9;False;IPV857;1;-72,1
2013-03-31 22:00:00;1;2013;-5,6;False;IPV857;2;43,6
2013-06-30 22:00:00;1;2013;-4,0;False;IPV857;3;-28,6
2013-09-30 22:00:00;1;2013;-6,4;False;IPV857;4;60,0
2013-12-31 23:00:00;1;2014;0,1;False;IPV857;1;-101,6
2014-03-31 22:00:00;1;2014;3,2;False;IPV857;2;3100,0
2014-06-30 22:00:00;1;2014;3,5;False;IPV857;3;9,4
2014-09-30 22:00:00;1;2014;2,8;False;IPV857;4;-20,0
2014-12-31 23:00:00;1;2015;-0,8;False;IPV857;1;-128,6
2015-03-31 22:00:00;1;2015;3,1;False;IPV857;2;-487,5
2015-06-30 22:00:00;1;2015;2,8;False;IPV857;3;-9,7
2015-09-30 22:00:00;1;2015;3,0;False;IPV857;4;7,1
2015-12-31 23:00:00;1;2016;1,2;False;IPV857;1;-60,0
2016-03-31 22:00:00;1;2016;2,0;False;IPV857;2;66,7
2016-06-30 22:00:00;1;2016;1,8;False;IPV857;3;-10,0
2016-09-30 22:00:00;1;2016;1,7;False;IPV857;4;-5,6
2016-12-31 23:00:00;1;2017;1,4;False;IPV857;1;-17,6
2017-03-31 22:00:00;1;2017;2,1;False;IPV857;2;50,0
2017-06-30 22:00:00;1;2017;3,0;False;IPV857;3;42,9
2017-09-30 22:00:00;1;2017;4,1;False;IPV857;4;36,7
2017-12-31 23:00:00;1;2018;0,7;False;IPV857;1;-82,9
2018-03-31 22:00:00;1;2018;2,0;False;IPV857;2;185,7
2018-06-30 22:00:00;1;2018;3,5;False;IPV857;3;75,0
2018-09-30 22:00:00;1;2018;4,2;False;IPV857;4;20,0
2018-12-31 23:00:00;1;2019;0,7;False;IPV857;1;-83,3
2019-03-31 22:00:00;1;2019;2,6;False;IPV857;2;271,4
2019-06-30 22:00:00;1;2019;3,6;False;IPV857;3;38,5
2019-09-30 22:00:00;1;2019;3,8;False;IPV857;4;5,6
2019-12-31 23:00:00;1;2020;0,4;False;IPV857;1;-89,5
2020-03-31 22:00:00;1;2020;0,4;False;IPV857;2;0,0
2020-06-30 22:00:00;1;2020;1,8;False;IPV857;3;350,0
2020-09-30 22:00:00;1;2020;1,7;False;IPV857;4;-5,6
2020-12-31 23:00:00;1;2021;0,0;False;IPV857;1;-100,0
2021-03-31 22:00:00;1;2021;3,0;False;IPV857;2;inf
2021-06-30 22:00:00;1;2021;5,1;False;IPV857;3;70,0
2021-09-30 22:00:00;1;2021;6,8;False;IPV857;4;33,3
2021-12-31 23:00:00;1;2022;2,0;False;IPV857;1;-70,6
2022-03-31 22:00:00;1;2022;4,2;False;IPV857;2;110,0
2022-06-30 22:00:00;1;2022;5,3;False;IPV857;3;26,2
2022-09-30 22:00:00;1;2022;5,1;False;IPV857;4;-3,8
2022-12-31 23:00:00;1;2023;0,4;False;IPV857;1;-92,2
2023-03-31 22:00:00;1;2023;2,7;False;IPV857;2;575,0
2023-06-30 22:00:00;1;2023;5,3;False;IPV857;3;96,3
2023-09-30 22:00:00;1;2023;4,2;False;IPV857;4;-20,8
2023-12-31 23:00:00;1;2024;2,5;False;IPV857;1;-40,5
2024-03-31 22:00:00;1;2024;7,0;False;IPV857;2;180,0
2024-06-30 22:00:00;1;2024;9,9;False;IPV857;3;41,4
2024-09-30 22:00:00;1;2024;12,2;False;IPV857;4;23,2
2024-12-31 23:00:00;1;2025;2,6;False;IPV857;1;-78,7
2025-03-31 22:00:00;1;2025;7,3;False;IPV857;2;180,8
2025-06-30 22:00:00;1;2025;10,9;False;IPV857;3;49,3
2025-09-30 22:00:00;1;2025;13,5;False;IPV857;4;23,9
2006-12-31 23:00:00;1;2007;14,5;False;IPV858;1;0,0
2007-03-31 22:00:00;1;2007;13,9;False;IPV858;2;-4,1
2007-06-30 22:00:00;1;2007;11,4;False;IPV858;3;-18,0
2007-09-30 22:00:00;1;2007;8,8;False;IPV858;4;-22,8
2007-12-31 23:00:00;1;2008;6,9;False;IPV858;1;-21,6
2008-03-31 22:00:00;1;2008;3,1;False;IPV858;2;-55,1
2008-06-30 22:00:00;1;2008;0,8;False;IPV858;3;-74,2
2008-09-30 22:00:00;1;2008;-2,1;False;IPV858;4;-362,5
2008-12-31 23:00:00;1;2009;-5,2;False;IPV858;1;147,6
2009-03-31 22:00:00;1;2009;-5,6;False;IPV858;2;7,7
2009-06-30 22:00:00;1;2009;-6,1;False;IPV858;3;8,9
2009-09-30 22:00:00;1;2009;-4,9;False;IPV858;4;-19,7
2009-12-31 23:00:00;1;2010;-4,1;False;IPV858;1;-16,3
2010-03-31 22:00:00;1;2010;-2,0;False;IPV858;2;-51,2
2010-06-30 22:00:00;1;2010;-3,0;False;IPV858;3;50,0
2010-09-30 22:00:00;1;2010;-3,3;False;IPV858;4;10,0
2010-12-31 23:00:00;1;2011;-4,4;False;IPV858;1;33,3
2011-03-31 22:00:00;1;2011;-7,2;False;IPV858;2;63,6
2011-06-30 22:00:00;1;2011;-8,4;False;IPV858;3;16,7
2011-09-30 22:00:00;1;2011;-9,8;False;IPV858;4;16,7
2011-12-31 23:00:00;1;2012;-12,1;False;IPV858;1;23,5
2012-03-31 22:00:00;1;2012;-14,2;False;IPV858;2;17,4
2012-06-30 22:00:00;1;2012;-14,0;False;IPV858;3;-1,4
2012-09-30 22:00:00;1;2012;-14,0;False;IPV858;4;0,0
2012-12-31 23:00:00;1;2013;-12,5;False;IPV858;1;-10,7
2013-03-31 22:00:00;1;2013;-10,8;False;IPV858;2;-13,6
2013-06-30 22:00:00;1;2013;-6,1;False;IPV858;3;-43,5
2013-09-30 22:00:00;1;2013;-6,4;False;IPV858;4;4,9
2013-12-31 23:00:00;1;2014;-2,6;False;IPV858;1;-59,4
2014-03-31 22:00:00;1;2014;2,3;False;IPV858;2;-188,5
2014-06-30 22:00:00;1;2014;0,9;False;IPV858;3;-60,9
2014-09-30 22:00:00;1;2014;2,8;False;IPV858;4;211,1
2014-12-31 23:00:00;1;2015;1,8;False;IPV858;1;-35,7
2015-03-31 22:00:00;1;2015;2,7;False;IPV858;2;50,0
2015-06-30 22:00:00;1;2015;2,1;False;IPV858;3;-22,2
2015-09-30 22:00:00;1;2015;3,0;False;IPV858;4;42,9
2015-12-31 23:00:00;1;2016;5,1;False;IPV858;1;70,0
2016-03-31 22:00:00;1;2016;1,8;False;IPV858;2;-64,7
2016-06-30 22:00:00;1;2016;1,9;False;IPV858;3;5,6
2016-09-30 22:00:00;1;2016;1,7;False;IPV858;4;-10,5
2016-12-31 23:00:00;1;2017;1,9;False;IPV858;1;11,8
2017-03-31 22:00:00;1;2017;1,8;False;IPV858;2;-5,3
2017-06-30 22:00:00;1;2017;2,9;False;IPV858;3;61,1
2017-09-30 22:00:00;1;2017;4,1;False;IPV858;4;41,4
2017-12-31 23:00:00;1;2018;3,4;False;IPV858;1;-17,1
2018-03-31 22:00:00;1;2018;4,0;False;IPV858;2;17,6
2018-06-30 22:00:00;1;2018;4,7;False;IPV858;3;17,5
2018-09-30 22:00:00;1;2018;4,2;False;IPV858;4;-10,6
2018-12-31 23:00:00;1;2019;4,2;False;IPV858;1;0,0
2019-03-31 22:00:00;1;2019;4,7;False;IPV858;2;11,9
2019-06-30 22:00:00;1;2019;4,2;False;IPV858;3;-10,6
2019-09-30 22:00:00;1;2019;3,8;False;IPV858;4;-9,5
2019-12-31 23:00:00;1;2020;3,5;False;IPV858;1;-7,9
2020-03-31 22:00:00;1;2020;1,6;False;IPV858;2;-54,3
2020-06-30 22:00:00;1;2020;2,0;False;IPV858;3;25,0
2020-09-30 22:00:00;1;2020;1,7;False;IPV858;4;-15,0
2020-12-31 23:00:00;1;2021;1,2;False;IPV858;1;-29,4
2021-03-31 22:00:00;1;2021;4,3;False;IPV858;2;258,3
2021-06-30 22:00:00;1;2021;5,0;False;IPV858;3;16,3
2021-09-30 22:00:00;1;2021;6,8;False;IPV858;4;36,0
2021-12-31 23:00:00;1;2022;8,9;False;IPV858;1;30,9
2022-03-31 22:00:00;1;2022;8,0;False;IPV858;2;-10,1
2022-06-30 22:00:00;1;2022;6,9;False;IPV858;3;-13,7
2022-09-30 22:00:00;1;2022;5,1;False;IPV858;4;-26,1
2022-12-31 23:00:00;1;2023;3,4;False;IPV858;1;-33,3
2023-03-31 22:00:00;1;2023;3,5;False;IPV858;2;2,9
2023-06-30 22:00:00;1;2023;5,1;False;IPV858;3;45,7
2023-09-30 22:00:00;1;2023;4,2;False;IPV858;4;-17,6
2023-12-31 23:00:00;1;2024;6,5;False;IPV858;1;54,8
2024-03-31 22:00:00;1;2024;8,6;False;IPV858;2;32,3
2024-06-30 22:00:00;1;2024;8,8;False;IPV858;3;2,3
2024-09-30 22:00:00;1;2024;12,2;False;IPV858;4;38,6
2024-12-31 23:00:00;1;2025;12,3;False;IPV858;1;0,8
2025-03-31 22:00:00;1;2025;12,6;False;IPV858;2;2,4
2025-06-30 22:00:00;1;2025;13,2;False;IPV858;3;4,8
2025-09-30 22:00:00;1;2025;13,5;False;IPV858;4;2,3
2006-12-31 23:00:00;1;2007;2,3;False;IPV859;1;0,0
2007-03-31 22:00:00;1;2007;3,5;False;IPV859;2;52,2
2007-06-30 22:00:00;1;2007;1,6;False;IPV859;3;-54,3
2007-09-30 22:00:00;1;2007;1,2;False;IPV859;4;-25,0
2007-12-31 23:00:00;1;2008;0,5;False;IPV859;1;-58,3
2008-03-31 22:00:00;1;2008;-0,2;False;IPV859;2;-140,0
2008-06-30 22:00:00;1;2008;-0,6;False;IPV859;3;200,0
2008-09-30 22:00:00;1;2008;-1,8;False;IPV859;4;200,0
2008-12-31 23:00:00;1;2009;-2,7;False;IPV859;1;50,0
2009-03-31 22:00:00;1;2009;-0,6;False;IPV859;2;-77,8
2009-06-30 22:00:00;1;2009;-1,2;False;IPV859;3;100,0
2009-09-30 22:00:00;1;2009;-0,5;False;IPV859;4;-58,3
2009-12-31 23:00:00;1;2010;-1,9;False;IPV859;1;280,0
2010-03-31 22:00:00;1;2010;1,6;False;IPV859;2;-184,2
2010-06-30 22:00:00;1;2010;-2,2;False;IPV859;3;-237,5
2010-09-30 22:00:00;1;2010;-0,8;False;IPV859;4;-63,6
2010-12-31 23:00:00;1;2011;-3,0;False;IPV859;1;275,0
2011-03-31 22:00:00;1;2011;-1,3;False;IPV859;2;-56,7
2011-06-30 22:00:00;1;2011;-3,5;False;IPV859;3;169,2
2011-09-30 22:00:00;1;2011;-2,3;False;IPV859;4;-34,3
2011-12-31 23:00:00;1;2012;-5,5;False;IPV859;1;139,1
2012-03-31 22:00:00;1;2012;-3,7;False;IPV859;2;-32,7
2012-06-30 22:00:00;1;2012;-3,3;False;IPV859;3;-10,8
2012-09-30 22:00:00;1;2012;-2,2;False;IPV859;4;-33,3
2012-12-31 23:00:00;1;2013;-3,9;False;IPV859;1;77,3
2013-03-31 22:00:00;1;2013;-1,8;False;IPV859;2;-53,8
2013-06-30 22:00:00;1;2013;1,8;False;IPV859;3;-200,0
2013-09-30 22:00:00;1;2013;-2,5;False;IPV859;4;-238,9
2013-12-31 23:00:00;1;2014;0,1;False;IPV859;1;-104,0
2014-03-31 22:00:00;1;2014;3,1;False;IPV859;2;3000,0
2014-06-30 22:00:00;1;2014;0,4;False;IPV859;3;-87,1
2014-09-30 22:00:00;1;2014;-0,8;False;IPV859;4;-300,0
2014-12-31 23:00:00;1;2015;-0,8;False;IPV859;1;0,0
2015-03-31 22:00:00;1;2015;4,0;False;IPV859;2;-600,0
2015-06-30 22:00:00;1;2015;-0,3;False;IPV859;3;-107,5
2015-09-30 22:00:00;1;2015;0,1;False;IPV859;4;-133,3
2015-12-31 23:00:00;1;2016;1,2;False;IPV859;1;1100,0
2016-03-31 22:00:00;1;2016;0,7;False;IPV859;2;-41,7
2016-06-30 22:00:00;1;2016;-0,2;False;IPV859;3;-128,6
2016-09-30 22:00:00;1;2016;0,0;False;IPV859;4;-100,0
2016-12-31 23:00:00;1;2017;1,4;False;IPV859;1;inf
2017-03-31 22:00:00;1;2017;0,7;False;IPV859;2;-50,0
2017-06-30 22:00:00;1;2017;0,9;False;IPV859;3;28,6
2017-09-30 22:00:00;1;2017;1,1;False;IPV859;4;22,2
2017-12-31 23:00:00;1;2018;0,7;False;IPV859;1;-36,4
2018-03-31 22:00:00;1;2018;1,3;False;IPV859;2;85,7
2018-06-30 22:00:00;1;2018;1,5;False;IPV859;3;15,4
2018-09-30 22:00:00;1;2018;0,6;False;IPV859;4;-60,0
2018-12-31 23:00:00;1;2019;0,7;False;IPV859;1;16,7
2019-03-31 22:00:00;1;2019;1,9;False;IPV859;2;171,4
2019-06-30 22:00:00;1;2019;1,0;False;IPV859;3;-47,4
2019-09-30 22:00:00;1;2019;0,2;False;IPV859;4;-80,0
2019-12-31 23:00:00;1;2020;0,4;False;IPV859;1;100,0
2020-03-31 22:00:00;1;2020;0,0;False;IPV859;2;-100,0
2020-06-30 22:00:00;1;2020;1,4;False;IPV859;3;inf
2020-09-30 22:00:00;1;2020;-0,2;False;IPV859;4;-114,3
2020-12-31 23:00:00;1;2021;0,0;False;IPV859;1;-100,0
2021-03-31 22:00:00;1;2021;3,0;False;IPV859;2;inf
2021-06-30 22:00:00;1;2021;2,0;False;IPV859;3;-33,3
2021-09-30 22:00:00;1;2021;1,5;False;IPV859;4;-25,0
2021-12-31 23:00:00;1;2022;2,0;False;IPV859;1;33,3
2022-03-31 22:00:00;1;2022;2,2;False;IPV859;2;10,0
2022-06-30 22:00:00;1;2022;1,0;False;IPV859;3;-54,5
2022-09-30 22:00:00;1;2022;-0,2;False;IPV859;4;-120,0
2022-12-31 23:00:00;1;2023;0,4;False;IPV859;1;-300,0
2023-03-31 22:00:00;1;2023;2,3;False;IPV859;2;475,0
2023-06-30 22:00:00;1;2023;2,6;False;IPV859;3;13,0
2023-09-30 22:00:00;1;2023;-1,0;False;IPV859;4;-138,5
2023-12-31 23:00:00;1;2024;2,5;False;IPV859;1;-350,0
2024-03-31 22:00:00;1;2024;4,3;False;IPV859;2;72,0
2024-06-30 22:00:00;1;2024;2,8;False;IPV859;3;-34,9
2024-09-30 22:00:00;1;2024;2,1;False;IPV859;4;-25,0
2024-12-31 23:00:00;1;2025;2,6;False;IPV859;1;23,8
2025-03-31 22:00:00;1;2025;4,6;False;IPV859;2;76,9
2025-06-30 22:00:00;1;2025;3,3;False;IPV859;3;-28,3
2025-09-30 22:00:00;1;2025;2,3;False;IPV859;4;-30,3
2006-12-31 23:00:00;1;2007;1,2;False;IPV860;1;0,0
2007-03-31 22:00:00;1;2007;3,7;False;IPV860;2;208,3
2007-06-30 22:00:00;1;2007;2,7;False;IPV860;3;-27,0
2007-09-30 22:00:00;1;2007;-0,9;False;IPV860;4;-133,3
2007-12-31 23:00:00;1;2008;-1,8;False;IPV860;1;100,0
2008-03-31 22:00:00;1;2008;-4,2;False;IPV860;2;133,3
2008-06-30 22:00:00;1;2008;-8,9;False;IPV860;3;111,9
2008-09-30 22:00:00;1;2008;-14,6;False;IPV860;4;64,0
2008-12-31 23:00:00;1;2009;-4,0;False;IPV860;1;-72,6
2009-03-31 22:00:00;1;2009;-4,5;False;IPV860;2;12,5
2009-06-30 22:00:00;1;2009;-5,0;False;IPV860;3;11,1
2009-09-30 22:00:00;1;2009;-4,9;False;IPV860;4;-2,0
2009-12-31 23:00:00;1;2010;-1,5;False;IPV860;1;-69,4
2010-03-31 22:00:00;1;2010;-0,2;False;IPV860;2;-86,7
2010-06-30 22:00:00;1;2010;-2,2;False;IPV860;3;1000,0
2010-09-30 22:00:00;1;2010;-3,0;False;IPV860;4;36,4
2010-12-31 23:00:00;1;2011;-5,6;False;IPV860;1;86,7
2011-03-31 22:00:00;1;2011;-6,8;False;IPV860;2;21,4
2011-06-30 22:00:00;1;2011;-11,0;False;IPV860;3;61,8
2011-09-30 22:00:00;1;2011;-14,8;False;IPV860;4;34,5
2011-12-31 23:00:00;1;2012;-4,3;False;IPV860;1;-70,9
2012-03-31 22:00:00;1;2012;-8,7;False;IPV860;2;102,3
2012-06-30 22:00:00;1;2012;-13,8;False;IPV860;3;58,6
2012-09-30 22:00:00;1;2012;-15,3;False;IPV860;4;10,9
2012-12-31 23:00:00;1;2013;-7,1;False;IPV860;1;-53,6
2013-03-31 22:00:00;1;2013;-6,5;False;IPV860;2;-8,5
2013-06-30 22:00:00;1;2013;-6,8;False;IPV860;3;4,6
2013-09-30 22:00:00;1;2013;-7,6;False;IPV860;4;11,8
2013-12-31 23:00:00;1;2014;-0,5;False;IPV860;1;-93,4
2014-03-31 22:00:00;1;2014;1,2;False;IPV860;2;-340,0
2014-06-30 22:00:00;1;2014;1,3;False;IPV860;3;8,3
2014-09-30 22:00:00;1;2014;2,2;False;IPV860;4;69,2
2014-12-31 23:00:00;1;2015;-1,2;False;IPV860;1;-154,5
2015-03-31 22:00:00;1;2015;4,5;False;IPV860;2;-475,0
2015-06-30 22:00:00;1;2015;5,2;False;IPV860;3;15,6
2015-09-30 22:00:00;1;2015;5,6;False;IPV860;4;7,7
2015-12-31 23:00:00;1;2016;1,6;False;IPV860;1;-71,4
2016-03-31 22:00:00;1;2016;4,0;False;IPV860;2;150,0
2016-06-30 22:00:00;1;2016;6,1;False;IPV860;3;52,5
2016-09-30 22:00:00;1;2016;7,7;False;IPV860;4;26,2
2016-12-31 23:00:00;1;2017;2,8;False;IPV860;1;-63,6
2017-03-31 22:00:00;1;2017;5,7;False;IPV860;2;103,6
2017-06-30 22:00:00;1;2017;8,5;False;IPV860;3;49,1
2017-09-30 22:00:00;1;2017;10,2;False;IPV860;4;20,0
2017-12-31 23:00:00;1;2018;1,3;False;IPV860;1;-87,3
2018-03-31 22:00:00;1;2018;4,9;False;IPV860;2;276,9
2018-06-30 22:00:00;1;2018;7,5;False;IPV860;3;53,1
2018-09-30 22:00:00;1;2018;8,0;False;IPV860;4;6,7
2018-12-31 23:00:00;1;2019;0,6;False;IPV860;1;-92,5
2019-03-31 22:00:00;1;2019;2,2;False;IPV860;2;266,7
2019-06-30 22:00:00;1;2019;4,0;False;IPV860;3;81,8
2019-09-30 22:00:00;1;2019;3,2;False;IPV860;4;-20,0
2019-12-31 23:00:00;1;2020;0,1;False;IPV860;1;-96,9
2020-03-31 22:00:00;1;2020;0,9;False;IPV860;2;800,0
2020-06-30 22:00:00;1;2020;1,7;False;IPV860;3;88,9
2020-09-30 22:00:00;1;2020;0,0;False;IPV860;4;-100,0
2020-12-31 23:00:00;1;2021;1,2;False;IPV860;1;inf
2021-03-31 22:00:00;1;2021;3,8;False;IPV860;2;216,7
2021-06-30 22:00:00;1;2021;5,3;False;IPV860;3;39,5
2021-09-30 22:00:00;1;2021;6,3;False;IPV860;4;18,9
2021-12-31 23:00:00;1;2022;2,4;False;IPV860;1;-61,9
2022-03-31 22:00:00;1;2022;4,7;False;IPV860;2;95,8
2022-06-30 22:00:00;1;2022;7,1;False;IPV860;3;51,1
2022-09-30 22:00:00;1;2022;5,4;False;IPV860;4;-23,9
2022-12-31 23:00:00;1;2023;0,2;False;IPV860;1;-96,3
2023-03-31 22:00:00;1;2023;2,0;False;IPV860;2;900,0
2023-06-30 22:00:00;1;2023;4,7;False;IPV860;3;135,0
2023-09-30 22:00:00;1;2023;3,0;False;IPV860;4;-36,2
2023-12-31 23:00:00;1;2024;2,3;False;IPV860;1;-23,3
2024-03-31 22:00:00;1;2024;5,2;False;IPV860;2;126,1
2024-06-30 22:00:00;1;2024;8,1;False;IPV860;3;55,8
2024-09-30 22:00:00;1;2024;10,5;False;IPV860;4;29,6
2024-12-31 23:00:00;1;2025;3,3;False;IPV860;1;-68,6
2025-03-31 22:00:00;1;2025;6,3;False;IPV860;2;90,9
2025-06-30 22:00:00;1;2025;9,3;False;IPV860;3;47,6
2025-09-30 22:00:00;1;2025;10,9;False;IPV860;4;17,2
2006-12-31 23:00:00;1;2007;11,6;False;IPV861;1;0,0
2007-03-31 22:00:00;1;2007;8,8;False;IPV861;2;-24,1
2007-06-30 22:00:00;1;2007;5,3;False;IPV861;3;-39,8
2007-09-30 22:00:00;1;2007;-0,9;False;IPV861;4;-117,0
2007-12-31 23:00:00;1;2008;-3,8;False;IPV861;1;322,2
2008-03-31 22:00:00;1;2008;-8,3;False;IPV861;2;118,4
2008-06-30 22:00:00;1;2008;-12,1;False;IPV861;3;45,8
2008-09-30 22:00:00;1;2008;-14,6;False;IPV861;4;20,7
2008-12-31 23:00:00;1;2009;-16,4;False;IPV861;1;12,3
2009-03-31 22:00:00;1;2009;-14,9;False;IPV861;2;-9,1
2009-06-30 22:00:00;1;2009;-10,9;False;IPV861;3;-26,8
2009-09-30 22:00:00;1;2009;-4,9;False;IPV861;4;-55,0
2009-12-31 23:00:00;1;2010;-2,5;False;IPV861;1;-49,0
2010-03-31 22:00:00;1;2010;-0,5;False;IPV861;2;-80,0
2010-06-30 22:00:00;1;2010;-2,1;False;IPV861;3;320,0
2010-09-30 22:00:00;1;2010;-3,0;False;IPV861;4;42,9
2010-12-31 23:00:00;1;2011;-7,0;False;IPV861;1;133,3
2011-03-31 22:00:00;1;2011;-9,4;False;IPV861;2;34,3
2011-06-30 22:00:00;1;2011;-11,7;False;IPV861;3;24,5
2011-09-30 22:00:00;1;2011;-14,8;False;IPV861;4;26,5
2011-12-31 23:00:00;1;2012;-13,6;False;IPV861;1;-8,1
2012-03-31 22:00:00;1;2012;-16,5;False;IPV861;2;21,3
2012-06-30 22:00:00;1;2012;-17,4;False;IPV861;3;5,5
2012-09-30 22:00:00;1;2012;-15,3;False;IPV861;4;-12,1
2012-12-31 23:00:00;1;2013;-17,8;False;IPV861;1;16,3
2013-03-31 22:00:00;1;2013;-13,3;False;IPV861;2;-25,3
2013-06-30 22:00:00;1;2013;-8,5;False;IPV861;3;-36,1
2013-09-30 22:00:00;1;2013;-7,6;False;IPV861;4;-10,6
2013-12-31 23:00:00;1;2014;-1,1;False;IPV861;1;-85,5
2014-03-31 22:00:00;1;2014;0,1;False;IPV861;2;-109,1
2014-06-30 22:00:00;1;2014;0,4;False;IPV861;3;300,0
2014-09-30 22:00:00;1;2014;2,2;False;IPV861;4;450,0
2014-12-31 23:00:00;1;2015;1,5;False;IPV861;1;-31,8
2015-03-31 22:00:00;1;2015;5,5;False;IPV861;2;266,7
2015-06-30 22:00:00;1;2015;6,1;False;IPV861;3;10,9
2015-09-30 22:00:00;1;2015;5,6;False;IPV861;4;-8,2
2015-12-31 23:00:00;1;2016;8,6;False;IPV861;1;53,6
2016-03-31 22:00:00;1;2016;5,0;False;IPV861;2;-41,9
2016-06-30 22:00:00;1;2016;6,5;False;IPV861;3;30,0
2016-09-30 22:00:00;1;2016;7,7;False;IPV861;4;18,5
2016-12-31 23:00:00;1;2017;8,9;False;IPV861;1;15,6
2017-03-31 22:00:00;1;2017;9,5;False;IPV861;2;6,7
2017-06-30 22:00:00;1;2017;10,1;False;IPV861;3;6,3
2017-09-30 22:00:00;1;2017;10,2;False;IPV861;4;1,0
2017-12-31 23:00:00;1;2018;8,6;False;IPV861;1;-15,7
2018-03-31 22:00:00;1;2018;9,4;False;IPV861;2;9,3
2018-06-30 22:00:00;1;2018;9,2;False;IPV861;3;-2,1
2018-09-30 22:00:00;1;2018;8,0;False;IPV861;4;-13,0
2018-12-31 23:00:00;1;2019;7,2;False;IPV861;1;-10,0
2019-03-31 22:00:00;1;2019;5,2;False;IPV861;2;-27,8
2019-06-30 22:00:00;1;2019;4,5;False;IPV861;3;-13,5
2019-09-30 22:00:00;1;2019;3,2;False;IPV861;4;-28,9
2019-12-31 23:00:00;1;2020;2,7;False;IPV861;1;-15,6
2020-03-31 22:00:00;1;2020;1,8;False;IPV861;2;-33,3
2020-06-30 22:00:00;1;2020;0,9;False;IPV861;3;-50,0
2020-09-30 22:00:00;1;2020;0,0;False;IPV861;4;-100,0
2020-12-31 23:00:00;1;2021;1,1;False;IPV861;1;inf
2021-03-31 22:00:00;1;2021;2,9;False;IPV861;2;163,6
2021-06-30 22:00:00;1;2021;3,5;False;IPV861;3;20,7
2021-09-30 22:00:00;1;2021;6,3;False;IPV861;4;80,0
2021-12-31 23:00:00;1;2022;7,5;False;IPV861;1;19,0
2022-03-31 22:00:00;1;2022;7,2;False;IPV861;2;-4,0
2022-06-30 22:00:00;1;2022;8,1;False;IPV861;3;12,5
2022-09-30 22:00:00;1;2022;5,4;False;IPV861;4;-33,3
2022-12-31 23:00:00;1;2023;3,1;False;IPV861;1;-42,6
2023-03-31 22:00:00;1;2023;2,6;False;IPV861;2;-16,1
2023-06-30 22:00:00;1;2023;3,0;False;IPV861;3;15,4
2023-09-30 22:00:00;1;2023;3,0;False;IPV861;4;0,0
2023-12-31 23:00:00;1;2024;5,2;False;IPV861;1;73,3
2024-03-31 22:00:00;1;2024;6,4;False;IPV861;2;23,1
2024-06-30 22:00:00;1;2024;6,4;False;IPV861;3;0,0
2024-09-30 22:00:00;1;2024;10,5;False;IPV861;4;64,1
2024-12-31 23:00:00;1;2025;11,6;False;IPV861;1;10,5
2025-03-31 22:00:00;1;2025;11,6;False;IPV861;2;0,0
2025-06-30 22:00:00;1;2025;11,7;False;IPV861;3;0,9
2025-09-30 22:00:00;1;2025;10,9;False;IPV861;4;-6,8
2006-12-31 23:00:00;1;2007;1,2;False;IPV862;1;0,0
2007-03-31 22:00:00;1;2007;2,4;False;IPV862;2;100,0
2007-06-30 22:00:00;1;2007;-0,9;False;IPV862;3;-137,5
2007-09-30 22:00:00;1;2007;-3,5;False;IPV862;4;288,9
2007-12-31 23:00:00;1;2008;-1,8;False;IPV862;1;-48,6
2008-03-31 22:00:00;1;2008;-2,4;False;IPV862;2;33,3
2008-06-30 22:00:00;1;2008;-4,9;False;IPV862;3;104,2
2008-09-30 22:00:00;1;2008;-6,2;False;IPV862;4;26,5
2008-12-31 23:00:00;1;2009;-4,0;False;IPV862;1;-35,5
2009-03-31 22:00:00;1;2009;-0,6;False;IPV862;2;-85,0
2009-06-30 22:00:00;1;2009;-0,5;False;IPV862;3;-16,7
2009-09-30 22:00:00;1;2009;0,1;False;IPV862;4;-120,0
2009-12-31 23:00:00;1;2010;-1,5;False;IPV862;1;-1600,0
2010-03-31 22:00:00;1;2010;1,4;False;IPV862;2;-193,3
2010-06-30 22:00:00;1;2010;-2,0;False;IPV862;3;-242,9
2010-09-30 22:00:00;1;2010;-0,8;False;IPV862;4;-60,0
2010-12-31 23:00:00;1;2011;-5,6;False;IPV862;1;600,0
2011-03-31 22:00:00;1;2011;-1,3;False;IPV862;2;-76,8
2011-06-30 22:00:00;1;2011;-4,5;False;IPV862;3;246,2
2011-09-30 22:00:00;1;2011;-4,2;False;IPV862;4;-6,7
2011-12-31 23:00:00;1;2012;-4,3;False;IPV862;1;2,4
2012-03-31 22:00:00;1;2012;-4,6;False;IPV862;2;7,0
2012-06-30 22:00:00;1;2012;-5,5;False;IPV862;3;19,6
2012-09-30 22:00:00;1;2012;-1,8;False;IPV862;4;-67,3
2012-12-31 23:00:00;1;2013;-7,1;False;IPV862;1;294,4
2013-03-31 22:00:00;1;2013;0,6;False;IPV862;2;-108,5
2013-06-30 22:00:00;1;2013;-0,3;False;IPV862;3;-150,0
2013-09-30 22:00:00;1;2013;-0,8;False;IPV862;4;166,7
2013-12-31 23:00:00;1;2014;-0,5;False;IPV862;1;-37,5
2014-03-31 22:00:00;1;2014;1,7;False;IPV862;2;-440,0
2014-06-30 22:00:00;1;2014;0,1;False;IPV862;3;-94,1
2014-09-30 22:00:00;1;2014;0,9;False;IPV862;4;800,0
2014-12-31 23:00:00;1;2015;-1,2;False;IPV862;1;-233,3
2015-03-31 22:00:00;1;2015;5,8;False;IPV862;2;-583,3
2015-06-30 22:00:00;1;2015;0,6;False;IPV862;3;-89,7
2015-09-30 22:00:00;1;2015;0,4;False;IPV862;4;-33,3
2015-12-31 23:00:00;1;2016;1,6;False;IPV862;1;300,0
2016-03-31 22:00:00;1;2016;2,3;False;IPV862;2;43,7
2016-06-30 22:00:00;1;2016;2,0;False;IPV862;3;-13,0
2016-09-30 22:00:00;1;2016;1,5;False;IPV862;4;-25,0
2016-12-31 23:00:00;1;2017;2,8;False;IPV862;1;86,7
2017-03-31 22:00:00;1;2017;2,9;False;IPV862;2;3,6
2017-06-30 22:00:00;1;2017;2,6;False;IPV862;3;-10,3
2017-09-30 22:00:00;1;2017;1,6;False;IPV862;4;-38,5
2017-12-31 23:00:00;1;2018;1,3;False;IPV862;1;-18,8
2018-03-31 22:00:00;1;2018;3,6;False;IPV862;2;176,9
2018-06-30 22:00:00;1;2018;2,4;False;IPV862;3;-33,3
2018-09-30 22:00:00;1;2018;0,5;False;IPV862;4;-79,2
2018-12-31 23:00:00;1;2019;0,6;False;IPV862;1;20,0
2019-03-31 22:00:00;1;2019;1,6;False;IPV862;2;166,7
2019-06-30 22:00:00;1;2019;1,7;False;IPV862;3;6,2
2019-09-30 22:00:00;1;2019;-0,7;False;IPV862;4;-141,2
2019-12-31 23:00:00;1;2020;0,1;False;IPV862;1;-114,3
2020-03-31 22:00:00;1;2020;0,8;False;IPV862;2;700,0
2020-06-30 22:00:00;1;2020;0,8;False;IPV862;3;0,0
2020-09-30 22:00:00;1;2020;-1,7;False;IPV862;4;-312,5
2020-12-31 23:00:00;1;2021;1,2;False;IPV862;1;-170,6
2021-03-31 22:00:00;1;2021;2,6;False;IPV862;2;116,7
2021-06-30 22:00:00;1;2021;1,4;False;IPV862;3;-46,2
2021-09-30 22:00:00;1;2021;0,9;False;IPV862;4;-35,7
2021-12-31 23:00:00;1;2022;2,4;False;IPV862;1;166,7
2022-03-31 22:00:00;1;2022;2,2;False;IPV862;2;-8,3
2022-06-30 22:00:00;1;2022;2,3;False;IPV862;3;4,5
2022-09-30 22:00:00;1;2022;-1,6;False;IPV862;4;-169,6
2022-12-31 23:00:00;1;2023;0,2;False;IPV862;1;-112,5
2023-03-31 22:00:00;1;2023;1,8;False;IPV862;2;800,0
2023-06-30 22:00:00;1;2023;2,7;False;IPV862;3;50,0
2023-09-30 22:00:00;1;2023;-1,6;False;IPV862;4;-159,3
2023-12-31 23:00:00;1;2024;2,3;False;IPV862;1;-243,8
2024-03-31 22:00:00;1;2024;2,9;False;IPV862;2;26,1
2024-06-30 22:00:00;1;2024;2,7;False;IPV862;3;-6,9
2024-09-30 22:00:00;1;2024;2,2;False;IPV862;4;-18,5
2024-12-31 23:00:00;1;2025;3,3;False;IPV862;1;50,0
2025-03-31 22:00:00;1;2025;2,9;False;IPV862;2;-12,1
2025-06-30 22:00:00;1;2025;2,8;False;IPV862;3;-3,4
2025-09-30 22:00:00;1;2025;1,5;False;IPV862;4;-46,4
2006-12-31 23:00:00;1;2007;1,7;False;IPV863;1;0,0
2007-03-31 22:00:00;1;2007;6,0;False;IPV863;2;252,9
2007-06-30 22:00:00;1;2007;6,2;False;IPV863;3;3,3
2007-09-30 22:00:00;1;2007;5,9;False;IPV863;4;-4,8
2007-12-31 23:00:00;1;2008;0,2;False;IPV863;1;-96,6
2008-03-31 22:00:00;1;2008;1,4;False;IPV863;2;600,0
2008-06-30 22:00:00;1;2008;-0,1;False;IPV863;3;-107,1
2008-09-30 22:00:00;1;2008;-1,6;False;IPV863;4;1500,0
2008-12-31 23:00:00;1;2009;-6,5;False;IPV863;1;306,2
2009-03-31 22:00:00;1;2009;-7,2;False;IPV863;2;10,8
2009-06-30 22:00:00;1;2009;-10,0;False;IPV863;3;38,9
2009-09-30 22:00:00;1;2009;-10,4;False;IPV863;4;4,0
2009-12-31 23:00:00;1;2010;-1,4;False;IPV863;1;-86,5
2010-03-31 22:00:00;1;2010;-0,9;False;IPV863;2;-35,7
2010-06-30 22:00:00;1;2010;-2,2;False;IPV863;3;144,4
2010-09-30 22:00:00;1;2010;-2,4;False;IPV863;4;9,1
2010-12-31 23:00:00;1;2011;-1,3;False;IPV863;1;-45,8
2011-03-31 22:00:00;1;2011;-4,4;False;IPV863;2;238,5
2011-06-30 22:00:00;1;2011;-7,3;False;IPV863;3;65,9
2011-09-30 22:00:00;1;2011;-13,3;False;IPV863;4;82,2
2011-12-31 23:00:00;1;2012;-6,5;False;IPV863;1;-51,1
2012-03-31 22:00:00;1;2012;-7,8;False;IPV863;2;20,0
2012-06-30 22:00:00;1;2012;-11,2;False;IPV863;3;43,6
2012-09-30 22:00:00;1;2012;-11,5;False;IPV863;4;2,7
2012-12-31 23:00:00;1;2013;-8,1;False;IPV863;1;-29,6
2013-03-31 22:00:00;1;2013;-11,5;False;IPV863;2;42,0
2013-06-30 22:00:00;1;2013;-6,5;False;IPV863;3;-43,5
2013-09-30 22:00:00;1;2013;-5,3;False;IPV863;4;-18,5
2013-12-31 23:00:00;1;2014;-0,7;False;IPV863;1;-86,8
2014-03-31 22:00:00;1;2014;1,5;False;IPV863;2;-314,3
2014-06-30 22:00:00;1;2014;4,1;False;IPV863;3;173,3
2014-09-30 22:00:00;1;2014;2,4;False;IPV863;4;-41,5
2014-12-31 23:00:00;1;2015;2,0;False;IPV863;1;-16,7
2015-03-31 22:00:00;1;2015;4,2;False;IPV863;2;110,0
2015-06-30 22:00:00;1;2015;7,9;False;IPV863;3;88,1
2015-09-30 22:00:00;1;2015;8,7;False;IPV863;4;10,1
2015-12-31 23:00:00;1;2016;1,6;False;IPV863;1;-81,6
2016-03-31 22:00:00;1;2016;5,6;False;IPV863;2;250,0
2016-06-30 22:00:00;1;2016;7,3;False;IPV863;3;30,4
2016-09-30 22:00:00;1;2016;5,3;False;IPV863;4;-27,4
2016-12-31 23:00:00;1;2017;4,0;False;IPV863;1;-24,5
2017-03-31 22:00:00;1;2017;8,0;False;IPV863;2;100,0
2017-06-30 22:00:00;1;2017;10,5;False;IPV863;3;31,2
2017-09-30 22:00:00;1;2017;10,1;False;IPV863;4;-3,8
2017-12-31 23:00:00;1;2018;2,0;False;IPV863;1;-80,2
2018-03-31 22:00:00;1;2018;6,8;False;IPV863;2;240,0
2018-06-30 22:00:00;1;2018;8,1;False;IPV863;3;19,1
2018-09-30 22:00:00;1;2018;9,9;False;IPV863;4;22,2
2018-12-31 23:00:00;1;2019;3,7;False;IPV863;1;-62,6
2019-03-31 22:00:00;1;2019;1,9;False;IPV863;2;-48,6
2019-06-30 22:00:00;1;2019;4,8;False;IPV863;3;152,6
2019-09-30 22:00:00;1;2019;4,9;False;IPV863;4;2,1
2019-12-31 23:00:00;1;2020;6,0;False;IPV863;1;22,4
2020-03-31 22:00:00;1;2020;4,1;False;IPV863;2;-31,7
2020-06-30 22:00:00;1;2020;9,4;False;IPV863;3;129,3
2020-09-30 22:00:00;1;2020;10,4;False;IPV863;4;10,6
2020-12-31 23:00:00;1;2021;-1,4;False;IPV863;1;-113,5
2021-03-31 22:00:00;1;2021;0,4;False;IPV863;2;-128,6
2021-06-30 22:00:00;1;2021;0,9;False;IPV863;3;125,0
2021-09-30 22:00:00;1;2021;4,5;False;IPV863;4;400,0
2021-12-31 23:00:00;1;2022;2,7;False;IPV863;1;-40,0
2022-03-31 22:00:00;1;2022;3,3;False;IPV863;2;22,2
2022-06-30 22:00:00;1;2022;4,3;False;IPV863;3;30,3
2022-09-30 22:00:00;1;2022;5,9;False;IPV863;4;37,2
2022-12-31 23:00:00;1;2023;3,8;False;IPV863;1;-35,6
2023-03-31 22:00:00;1;2023;5,2;False;IPV863;2;36,8
2023-06-30 22:00:00;1;2023;8,6;False;IPV863;3;65,4
2023-09-30 22:00:00;1;2023;7,9;False;IPV863;4;-8,1
2023-12-31 23:00:00;1;2024;5,0;False;IPV863;1;-36,7
2024-03-31 22:00:00;1;2024;6,8;False;IPV863;2;36,0
2024-06-30 22:00:00;1;2024;10,5;False;IPV863;3;54,4
2024-09-30 22:00:00;1;2024;10,0;False;IPV863;4;-4,8
2024-12-31 23:00:00;1;2025;6,9;False;IPV863;1;-31,0
2025-03-31 22:00:00;1;2025;8,2;False;IPV863;2;18,8
2025-06-30 22:00:00;1;2025;8,1;False;IPV863;3;-1,2
2025-09-30 22:00:00;1;2025;10,2;False;IPV863;4;25,9
2006-12-31 23:00:00;1;2007;11,0;False;IPV864;1;0,0
2007-03-31 22:00:00;1;2007;13,5;False;IPV864;2;22,7
2007-06-30 22:00:00;1;2007;9,2;False;IPV864;3;-31,9
2007-09-30 22:00:00;1;2007;5,9;False;IPV864;4;-35,9
2007-12-31 23:00:00;1;2008;4,4;False;IPV864;1;-25,4
2008-03-31 22:00:00;1;2008;1,4;False;IPV864;2;-68,2
2008-06-30 22:00:00;1;2008;-0,4;False;IPV864;3;-128,6
2008-09-30 22:00:00;1;2008;-1,6;False;IPV864;4;300,0
2008-12-31 23:00:00;1;2009;-8,2;False;IPV864;1;412,5
2009-03-31 22:00:00;1;2009;-10,0;False;IPV864;2;22,0
2009-06-30 22:00:00;1;2009;-11,3;False;IPV864;3;13,0
2009-09-30 22:00:00;1;2009;-10,4;False;IPV864;4;-8,0
2009-12-31 23:00:00;1;2010;-5,5;False;IPV864;1;-47,1
2010-03-31 22:00:00;1;2010;-4,3;False;IPV864;2;-21,8
2010-06-30 22:00:00;1;2010;-2,6;False;IPV864;3;-39,5
2010-09-30 22:00:00;1;2010;-2,4;False;IPV864;4;-7,7
2010-12-31 23:00:00;1;2011;-2,2;False;IPV864;1;-8,3
2011-03-31 22:00:00;1;2011;-5,8;False;IPV864;2;163,6
2011-06-30 22:00:00;1;2011;-7,5;False;IPV864;3;29,3
2011-09-30 22:00:00;1;2011;-13,3;False;IPV864;4;77,3
2011-12-31 23:00:00;1;2012;-18,0;False;IPV864;1;35,3
2012-03-31 22:00:00;1;2012;-16,4;False;IPV864;2;-8,9
2012-06-30 22:00:00;1;2012;-17,0;False;IPV864;3;3,7
2012-09-30 22:00:00;1;2012;-11,5;False;IPV864;4;-32,4
2012-12-31 23:00:00;1;2013;-13,0;False;IPV864;1;13,0
2013-03-31 22:00:00;1;2013;-15,1;False;IPV864;2;16,2
2013-06-30 22:00:00;1;2013;-6,8;False;IPV864;3;-55,0
2013-09-30 22:00:00;1;2013;-5,3;False;IPV864;4;-22,1
2013-12-31 23:00:00;1;2014;2,4;False;IPV864;1;-145,3
2014-03-31 22:00:00;1;2014;8,7;False;IPV864;2;262,5
2014-06-30 22:00:00;1;2014;5,4;False;IPV864;3;-37,9
2014-09-30 22:00:00;1;2014;2,4;False;IPV864;4;-55,6
2014-12-31 23:00:00;1;2015;5,2;False;IPV864;1;116,7
2015-03-31 22:00:00;1;2015;5,1;False;IPV864;2;-1,9
2015-06-30 22:00:00;1;2015;6,2;False;IPV864;3;21,6
2015-09-30 22:00:00;1;2015;8,7;False;IPV864;4;40,3
2015-12-31 23:00:00;1;2016;8,3;False;IPV864;1;-4,6
2016-03-31 22:00:00;1;2016;10,1;False;IPV864;2;21,7
2016-06-30 22:00:00;1;2016;8,1;False;IPV864;3;-19,8
2016-09-30 22:00:00;1;2016;5,3;False;IPV864;4;-34,6
2016-12-31 23:00:00;1;2017;7,8;False;IPV864;1;47,2
2017-03-31 22:00:00;1;2017;7,8;False;IPV864;2;0,0
2017-06-30 22:00:00;1;2017;8,4;False;IPV864;3;7,7
2017-09-30 22:00:00;1;2017;10,1;False;IPV864;4;20,2
2017-12-31 23:00:00;1;2018;7,9;False;IPV864;1;-21,8
2018-03-31 22:00:00;1;2018;8,8;False;IPV864;2;11,4
2018-06-30 22:00:00;1;2018;7,7;False;IPV864;3;-12,5
2018-09-30 22:00:00;1;2018;9,9;False;IPV864;4;28,6
2018-12-31 23:00:00;1;2019;11,9;False;IPV864;1;20,2
2019-03-31 22:00:00;1;2019;4,9;False;IPV864;2;-58,8
2019-06-30 22:00:00;1;2019;6,6;False;IPV864;3;34,7
2019-09-30 22:00:00;1;2019;4,9;False;IPV864;4;-25,8
2019-12-31 23:00:00;1;2020;7,2;False;IPV864;1;46,9
2020-03-31 22:00:00;1;2020;7,2;False;IPV864;2;0,0
2020-06-30 22:00:00;1;2020;9,5;False;IPV864;3;31,9
2020-09-30 22:00:00;1;2020;10,4;False;IPV864;4;9,5
2020-12-31 23:00:00;1;2021;2,7;False;IPV864;1;-74,0
2021-03-31 22:00:00;1;2021;6,5;False;IPV864;2;140,7
2021-06-30 22:00:00;1;2021;1,8;False;IPV864;3;-72,3
2021-09-30 22:00:00;1;2021;4,5;False;IPV864;4;150,0
2021-12-31 23:00:00;1;2022;8,9;False;IPV864;1;97,8
2022-03-31 22:00:00;1;2022;7,5;False;IPV864;2;-15,7
2022-06-30 22:00:00;1;2022;8,1;False;IPV864;3;8,0
2022-09-30 22:00:00;1;2022;5,9;False;IPV864;4;-27,2
2022-12-31 23:00:00;1;2023;7,0;False;IPV864;1;18,6
2023-03-31 22:00:00;1;2023;7,8;False;IPV864;2;11,4
2023-06-30 22:00:00;1;2023;10,2;False;IPV864;3;30,8
2023-09-30 22:00:00;1;2023;7,9;False;IPV864;4;-22,5
2023-12-31 23:00:00;1;2024;9,1;False;IPV864;1;15,2
2024-03-31 22:00:00;1;2024;9,5;False;IPV864;2;4,4
2024-06-30 22:00:00;1;2024;9,8;False;IPV864;3;3,2
2024-09-30 22:00:00;1;2024;10,0;False;IPV864;4;2,0
2024-12-31 23:00:00;1;2025;12,0;False;IPV864;1;20,0
2025-03-31 22:00:00;1;2025;11,4;False;IPV864;2;-5,0
2025-06-30 22:00:00;1;2025;7,6;False;IPV864;3;-33,3
2025-09-30 22:00:00;1;2025;10,2;False;IPV864;4;34,2
2006-12-31 23:00:00;1;2007;1,7;False;IPV865;1;0,0
2007-03-31 22:00:00;1;2007;4,3;False;IPV865;2;152,9
2007-06-30 22:00:00;1;2007;0,2;False;IPV865;3;-95,3
2007-09-30 22:00:00;1;2007;-0,3;False;IPV865;4;-250,0
2007-12-31 23:00:00;1;2008;0,2;False;IPV865;1;-166,7
2008-03-31 22:00:00;1;2008;1,2;False;IPV865;2;500,0
2008-06-30 22:00:00;1;2008;-1,6;False;IPV865;3;-233,3
2008-09-30 22:00:00;1;2008;-1,5;False;IPV865;4;-6,2
2008-12-31 23:00:00;1;2009;-6,5;False;IPV865;1;333,3
2009-03-31 22:00:00;1;2009;-0,7;False;IPV865;2;-89,2
2009-06-30 22:00:00;1;2009;-3,0;False;IPV865;3;328,6
2009-09-30 22:00:00;1;2009;-0,4;False;IPV865;4;-86,7
2009-12-31 23:00:00;1;2010;-1,4;False;IPV865;1;250,0
2010-03-31 22:00:00;1;2010;0,5;False;IPV865;2;-135,7
2010-06-30 22:00:00;1;2010;-1,2;False;IPV865;3;-340,0
2010-09-30 22:00:00;1;2010;-0,2;False;IPV865;4;-83,3
2010-12-31 23:00:00;1;2011;-1,3;False;IPV865;1;550,0
2011-03-31 22:00:00;1;2011;-3,2;False;IPV865;2;146,2
2011-06-30 22:00:00;1;2011;-3,0;False;IPV865;3;-6,2
2011-09-30 22:00:00;1;2011;-6,5;False;IPV865;4;116,7
2011-12-31 23:00:00;1;2012;-6,5;False;IPV865;1;0,0
2012-03-31 22:00:00;1;2012;-1,3;False;IPV865;2;-80,0
2012-06-30 22:00:00;1;2012;-3,7;False;IPV865;3;184,6
2012-09-30 22:00:00;1;2012;-0,4;False;IPV865;4;-89,2
2012-12-31 23:00:00;1;2013;-8,1;False;IPV865;1;1925,0
2013-03-31 22:00:00;1;2013;-3,7;False;IPV865;2;-54,3
2013-06-30 22:00:00;1;2013;5,7;False;IPV865;3;-254,1
2013-09-30 22:00:00;1;2013;1,3;False;IPV865;4;-77,2
2013-12-31 23:00:00;1;2014;-0,7;False;IPV865;1;-153,8
2014-03-31 22:00:00;1;2014;2,2;False;IPV865;2;-414,3
2014-06-30 22:00:00;1;2014;2,5;False;IPV865;3;13,6
2014-09-30 22:00:00;1;2014;-1,6;False;IPV865;4;-164,0
2014-12-31 23:00:00;1;2015;2,0;False;IPV865;1;-225,0
2015-03-31 22:00:00;1;2015;2,2;False;IPV865;2;10,0
2015-06-30 22:00:00;1;2015;3,5;False;IPV865;3;59,1
2015-09-30 22:00:00;1;2015;0,7;False;IPV865;4;-80,0
2015-12-31 23:00:00;1;2016;1,6;False;IPV865;1;128,6
2016-03-31 22:00:00;1;2016;3,9;False;IPV865;2;143,8
2016-06-30 22:00:00;1;2016;1,7;False;IPV865;3;-56,4
2016-09-30 22:00:00;1;2016;-1,9;False;IPV865;4;-211,8
2016-12-31 23:00:00;1;2017;4,0;False;IPV865;1;-310,5
2017-03-31 22:00:00;1;2017;3,9;False;IPV865;2;-2,5
2017-06-30 22:00:00;1;2017;2,3;False;IPV865;3;-41,0
2017-09-30 22:00:00;1;2017;-0,4;False;IPV865;4;-117,4
2017-12-31 23:00:00;1;2018;2,0;False;IPV865;1;-600,0
2018-03-31 22:00:00;1;2018;4,7;False;IPV865;2;135,0
2018-06-30 22:00:00;1;2018;1,3;False;IPV865;3;-72,3
2018-09-30 22:00:00;1;2018;1,7;False;IPV865;4;30,8
2018-12-31 23:00:00;1;2019;3,7;False;IPV865;1;117,6
2019-03-31 22:00:00;1;2019;-1,8;False;IPV865;2;-148,6
2019-06-30 22:00:00;1;2019;2,9;False;IPV865;3;-261,1
2019-09-30 22:00:00;1;2019;0,0;False;IPV865;4;-100,0
2019-12-31 23:00:00;1;2020;6,0;False;IPV865;1;inf
2020-03-31 22:00:00;1;2020;-1,8;False;IPV865;2;-130,0
2020-06-30 22:00:00;1;2020;5,1;False;IPV865;3;-383,3
2020-09-30 22:00:00;1;2020;0,9;False;IPV865;4;-82,4
2020-12-31 23:00:00;1;2021;-1,4;False;IPV865;1;-255,6
2021-03-31 22:00:00;1;2021;1,9;False;IPV865;2;-235,7
2021-06-30 22:00:00;1;2021;0,5;False;IPV865;3;-73,7
2021-09-30 22:00:00;1;2021;3,6;False;IPV865;4;620,0
2021-12-31 23:00:00;1;2022;2,7;False;IPV865;1;-25,0
2022-03-31 22:00:00;1;2022;0,6;False;IPV865;2;-77,8
2022-06-30 22:00:00;1;2022;1,0;False;IPV865;3;66,7
2022-09-30 22:00:00;1;2022;1,5;False;IPV865;4;50,0
2022-12-31 23:00:00;1;2023;3,8;False;IPV865;1;153,3
2023-03-31 22:00:00;1;2023;1,3;False;IPV865;2;-65,8
2023-06-30 22:00:00;1;2023;3,2;False;IPV865;3;146,2
2023-09-30 22:00:00;1;2023;-0,6;False;IPV865;4;-118,8
2023-12-31 23:00:00;1;2024;5,0;False;IPV865;1;-933,3
2024-03-31 22:00:00;1;2024;1,7;False;IPV865;2;-66,0
2024-06-30 22:00:00;1;2024;3,4;False;IPV865;3;100,0
2024-09-30 22:00:00;1;2024;-0,4;False;IPV865;4;-111,8
2024-12-31 23:00:00;1;2025;6,9;False;IPV865;1;-1825,0
2025-03-31 22:00:00;1;2025;1,2;False;IPV865;2;-82,6
2025-06-30 22:00:00;1;2025;-0,1;False;IPV865;3;-108,3
2025-09-30 22:00:00;1;2025;2,0;False;IPV865;4;-2100,0
2006-12-31 23:00:00;1;2007;1,4;False;IPV866;1;0,0
2007-03-31 22:00:00;1;2007;4,4;False;IPV866;2;214,3
2007-06-30 22:00:00;1;2007;3,8;False;IPV866;3;-13,6
2007-09-30 22:00:00;1;2007;1,3;False;IPV866;4;-65,8
2007-12-31 23:00:00;1;2008;-1,2;False;IPV866;1;-192,3
2008-03-31 22:00:00;1;2008;-2,3;False;IPV866;2;91,7
2008-06-30 22:00:00;1;2008;-6,0;False;IPV866;3;160,9
2008-09-30 22:00:00;1;2008;-10,3;False;IPV866;4;71,7
2008-12-31 23:00:00;1;2009;-5,0;False;IPV866;1;-51,5
2009-03-31 22:00:00;1;2009;-5,6;False;IPV866;2;12,0
2009-06-30 22:00:00;1;2009;-6,9;False;IPV866;3;23,2
2009-09-30 22:00:00;1;2009;-7,0;False;IPV866;4;1,4
2009-12-31 23:00:00;1;2010;-1,5;False;IPV866;1;-78,6
2010-03-31 22:00:00;1;2010;-0,5;False;IPV866;2;-66,7
2010-06-30 22:00:00;1;2010;-2,2;False;IPV866;3;340,0
2010-09-30 22:00:00;1;2010;-2,8;False;IPV866;4;27,3
2010-12-31 23:00:00;1;2011;-4,2;False;IPV866;1;50,0
2011-03-31 22:00:00;1;2011;-6,0;False;IPV866;2;42,9
2011-06-30 22:00:00;1;2011;-9,8;False;IPV866;3;63,3
2011-09-30 22:00:00;1;2011;-14,3;False;IPV866;4;45,9
2011-12-31 23:00:00;1;2012;-4,9;False;IPV866;1;-65,7
2012-03-31 22:00:00;1;2012;-8,5;False;IPV866;2;73,5
2012-06-30 22:00:00;1;2012;-13,1;False;IPV866;3;54,1
2012-09-30 22:00:00;1;2012;-14,3;False;IPV866;4;9,2
2012-12-31 23:00:00;1;2013;-7,3;False;IPV866;1;-49,0
2013-03-31 22:00:00;1;2013;-7,5;False;IPV866;2;2,7
2013-06-30 22:00:00;1;2013;-6,8;False;IPV866;3;-9,3
2013-09-30 22:00:00;1;2013;-7,2;False;IPV866;4;5,9
2013-12-31 23:00:00;1;2014;-0,5;False;IPV866;1;-93,1
2014-03-31 22:00:00;1;2014;1,3;False;IPV866;2;-360,0
2014-06-30 22:00:00;1;2014;1,6;False;IPV866;3;23,1
2014-09-30 22:00:00;1;2014;2,2;False;IPV866;4;37,5
2014-12-31 23:00:00;1;2015;-0,9;False;IPV866;1;-140,9
2015-03-31 22:00:00;1;2015;4,5;False;IPV866;2;-600,0
2015-06-30 22:00:00;1;2015;5,4;False;IPV866;3;20,0
2015-09-30 22:00:00;1;2015;5,9;False;IPV866;4;9,3
2015-12-31 23:00:00;1;2016;1,6;False;IPV866;1;-72,9
2016-03-31 22:00:00;1;2016;4,1;False;IPV866;2;156,2
2016-06-30 22:00:00;1;2016;6,2;False;IPV866;3;51,2
2016-09-30 22:00:00;1;2016;7,4;False;IPV866;4;19,4
2016-12-31 23:00:00;1;2017;2,9;False;IPV866;1;-60,8
2017-03-31 22:00:00;1;2017;5,9;False;IPV866;2;103,4
2017-06-30 22:00:00;1;2017;8,7;False;IPV866;3;47,5
2017-09-30 22:00:00;1;2017;10,2;False;IPV866;4;17,2
2017-12-31 23:00:00;1;2018;1,4;False;IPV866;1;-86,3
2018-03-31 22:00:00;1;2018;5,1;False;IPV866;2;264,3
2018-06-30 22:00:00;1;2018;7,5;False;IPV866;3;47,1
2018-09-30 22:00:00;1;2018;8,1;False;IPV866;4;8,0
2018-12-31 23:00:00;1;2019;0,9;False;IPV866;1;-88,9
2019-03-31 22:00:00;1;2019;2,2;False;IPV866;2;144,4
2019-06-30 22:00:00;1;2019;4,1;False;IPV866;3;86,4
2019-09-30 22:00:00;1;2019;3,4;False;IPV866;4;-17,1
2019-12-31 23:00:00;1;2020;0,7;False;IPV866;1;-79,4
2020-03-31 22:00:00;1;2020;1,2;False;IPV866;2;71,4
2020-06-30 22:00:00;1;2020;2,4;False;IPV866;3;100,0
2020-09-30 22:00:00;1;2020;1,0;False;IPV866;4;-58,3
2020-12-31 23:00:00;1;2021;0,9;False;IPV866;1;-10,0
2021-03-31 22:00:00;1;2021;3,4;False;IPV866;2;277,8
2021-06-30 22:00:00;1;2021;4,7;False;IPV866;3;38,2
2021-09-30 22:00:00;1;2021;6,1;False;IPV866;4;29,8
2021-12-31 23:00:00;1;2022;2,5;False;IPV866;1;-59,0
2022-03-31 22:00:00;1;2022;4,5;False;IPV866;2;80,0
2022-06-30 22:00:00;1;2022;6,8;False;IPV866;3;51,1
2022-09-30 22:00:00;1;2022;5,5;False;IPV866;4;-19,1
2022-12-31 23:00:00;1;2023;0,5;False;IPV866;1;-90,9
2023-03-31 22:00:00;1;2023;2,3;False;IPV866;2;360,0
2023-06-30 22:00:00;1;2023;5,1;False;IPV866;3;121,7
2023-09-30 22:00:00;1;2023;3,5;False;IPV866;4;-31,4
2023-12-31 23:00:00;1;2024;2,6;False;IPV866;1;-25,7
2024-03-31 22:00:00;1;2024;5,4;False;IPV866;2;107,7
2024-06-30 22:00:00;1;2024;8,3;False;IPV866;3;53,7
2024-09-30 22:00:00;1;2024;10,4;False;IPV866;4;25,3
2024-12-31 23:00:00;1;2025;3,7;False;IPV866;1;-64,4
2025-03-31 22:00:00;1;2025;6,5;False;IPV866;2;75,7
2025-06-30 22:00:00;1;2025;9,2;False;IPV866;3;41,5
2025-09-30 22:00:00;1;2025;10,9;False;IPV866;4;18,5
2006-12-31 23:00:00;1;2007;11,4;False;IPV867;1;0,0
2007-03-31 22:00:00;1;2007;10,3;False;IPV867;2;-9,6
2007-06-30 22:00:00;1;2007;6,5;False;IPV867;3;-36,9
2007-09-30 22:00:00;1;2007;1,3;False;IPV867;4;-80,0
2007-12-31 23:00:00;1;2008;-1,2;False;IPV867;1;-192,3
2008-03-31 22:00:00;1;2008;-5,2;False;IPV867;2;333,3
2008-06-30 22:00:00;1;2008;-8,3;False;IPV867;3;59,6
2008-09-30 22:00:00;1;2008;-10,3;False;IPV867;4;24,1
2008-12-31 23:00:00;1;2009;-13,7;False;IPV867;1;33,0
2009-03-31 22:00:00;1;2009;-13,3;False;IPV867;2;-2,9
2009-06-30 22:00:00;1;2009;-11,2;False;IPV867;3;-15,8
2009-09-30 22:00:00;1;2009;-7,0;False;IPV867;4;-37,5
2009-12-31 23:00:00;1;2010;-3,6;False;IPV867;1;-48,6
2010-03-31 22:00:00;1;2010;-2,0;False;IPV867;2;-44,4
2010-06-30 22:00:00;1;2010;-2,3;False;IPV867;3;15,0
2010-09-30 22:00:00;1;2010;-2,8;False;IPV867;4;21,7
2010-12-31 23:00:00;1;2011;-5,5;False;IPV867;1;96,4
2011-03-31 22:00:00;1;2011;-8,2;False;IPV867;2;49,1
2011-06-30 22:00:00;1;2011;-10,3;False;IPV867;3;25,6
2011-09-30 22:00:00;1;2011;-14,3;False;IPV867;4;38,8
2011-12-31 23:00:00;1;2012;-14,9;False;IPV867;1;4,2
2012-03-31 22:00:00;1;2012;-16,5;False;IPV867;2;10,7
2012-06-30 22:00:00;1;2012;-17,4;False;IPV867;3;5,5
2012-09-30 22:00:00;1;2012;-14,3;False;IPV867;4;-17,8
2012-12-31 23:00:00;1;2013;-16,4;False;IPV867;1;14,7
2013-03-31 22:00:00;1;2013;-13,4;False;IPV867;2;-18,3
2013-06-30 22:00:00;1;2013;-8,1;False;IPV867;3;-39,6
2013-09-30 22:00:00;1;2013;-7,2;False;IPV867;4;-11,1
2013-12-31 23:00:00;1;2014;-0,4;False;IPV867;1;-94,4
2014-03-31 22:00:00;1;2014;1,6;False;IPV867;2;-500,0
2014-06-30 22:00:00;1;2014;1,1;False;IPV867;3;-31,2
2014-09-30 22:00:00;1;2014;2,2;False;IPV867;4;100,0
2014-12-31 23:00:00;1;2015;1,8;False;IPV867;1;-18,2
2015-03-31 22:00:00;1;2015;5,5;False;IPV867;2;205,6
2015-06-30 22:00:00;1;2015;6,1;False;IPV867;3;10,9
2015-09-30 22:00:00;1;2015;5,9;False;IPV867;4;-3,3
2015-12-31 23:00:00;1;2016;8,6;False;IPV867;1;45,8
2016-03-31 22:00:00;1;2016;5,5;False;IPV867;2;-36,0
2016-06-30 22:00:00;1;2016;6,6;False;IPV867;3;20,0
2016-09-30 22:00:00;1;2016;7,4;False;IPV867;4;12,1
2016-12-31 23:00:00;1;2017;8,8;False;IPV867;1;18,9
2017-03-31 22:00:00;1;2017;9,3;False;IPV867;2;5,7
2017-06-30 22:00:00;1;2017;10,0;False;IPV867;3;7,5
2017-09-30 22:00:00;1;2017;10,2;False;IPV867;4;2,0
2017-12-31 23:00:00;1;2018;8,6;False;IPV867;1;-15,7
2018-03-31 22:00:00;1;2018;9,3;False;IPV867;2;8,1
2018-06-30 22:00:00;1;2018;9,1;False;IPV867;3;-2,2
2018-09-30 22:00:00;1;2018;8,1;False;IPV867;4;-11,0
2018-12-31 23:00:00;1;2019;7,6;False;IPV867;1;-6,2
2019-03-31 22:00:00;1;2019;5,2;False;IPV867;2;-31,6
2019-06-30 22:00:00;1;2019;4,7;False;IPV867;3;-9,6
2019-09-30 22:00:00;1;2019;3,4;False;IPV867;4;-27,7
2019-12-31 23:00:00;1;2020;3,2;False;IPV867;1;-5,9
2020-03-31 22:00:00;1;2020;2,3;False;IPV867;2;-28,1
2020-06-30 22:00:00;1;2020;1,7;False;IPV867;3;-26,1
2020-09-30 22:00:00;1;2020;1,0;False;IPV867;4;-41,2
2020-12-31 23:00:00;1;2021;1,2;False;IPV867;1;20,0
2021-03-31 22:00:00;1;2021;3,2;False;IPV867;2;166,7
2021-06-30 22:00:00;1;2021;3,3;False;IPV867;3;3,1
2021-09-30 22:00:00;1;2021;6,1;False;IPV867;4;84,8
2021-12-31 23:00:00;1;2022;7,7;False;IPV867;1;26,2
2022-03-31 22:00:00;1;2022;7,2;False;IPV867;2;-6,5
2022-06-30 22:00:00;1;2022;8,1;False;IPV867;3;12,5
2022-09-30 22:00:00;1;2022;5,5;False;IPV867;4;-32,1
2022-12-31 23:00:00;1;2023;3,5;False;IPV867;1;-36,4
2023-03-31 22:00:00;1;2023;3,2;False;IPV867;2;-8,6
2023-06-30 22:00:00;1;2023;3,8;False;IPV867;3;18,7
2023-09-30 22:00:00;1;2023;3,5;False;IPV867;4;-7,9
2023-12-31 23:00:00;1;2024;5,6;False;IPV867;1;60,0
2024-03-31 22:00:00;1;2024;6,7;False;IPV867;2;19,6
2024-06-30 22:00:00;1;2024;6,8;False;IPV867;3;1,5
2024-09-30 22:00:00;1;2024;10,4;False;IPV867;4;52,9
2024-12-31 23:00:00;1;2025;11,7;False;IPV867;1;12,5
2025-03-31 22:00:00;1;2025;11,6;False;IPV867;2;-0,9
2025-06-30 22:00:00;1;2025;11,3;False;IPV867;3;-2,6
2025-09-30 22:00:00;1;2025;10,9;False;IPV867;4;-3,5
2006-12-31 23:00:00;1;2007;1,4;False;IPV868;1;0,0
2007-03-31 22:00:00;1;2007;3,0;False;IPV868;2;114,3
2007-06-30 22:00:00;1;2007;-0,5;False;IPV868;3;-116,7
2007-09-30 22:00:00;1;2007;-2,5;False;IPV868;4;400,0
2007-12-31 23:00:00;1;2008;-1,2;False;IPV868;1;-52,0
2008-03-31 22:00:00;1;2008;-1,2;False;IPV868;2;0,0
2008-06-30 22:00:00;1;2008;-3,8;False;IPV868;3;216,7
2008-09-30 22:00:00;1;2008;-4,6;False;IPV868;4;21,1
2008-12-31 23:00:00;1;2009;-5,0;False;IPV868;1;8,7
2009-03-31 22:00:00;1;2009;-0,6;False;IPV868;2;-88,0
2009-06-30 22:00:00;1;2009;-1,4;False;IPV868;3;133,3
2009-09-30 22:00:00;1;2009;-0,1;False;IPV868;4;-92,9
2009-12-31 23:00:00;1;2010;-1,5;False;IPV868;1;1400,0
2010-03-31 22:00:00;1;2010;1,0;False;IPV868;2;-166,7
2010-06-30 22:00:00;1;2010;-1,7;False;IPV868;3;-270,0
2010-09-30 22:00:00;1;2010;-0,6;False;IPV868;4;-64,7
2010-12-31 23:00:00;1;2011;-4,2;False;IPV868;1;600,0
2011-03-31 22:00:00;1;2011;-1,9;False;IPV868;2;-54,8
2011-06-30 22:00:00;1;2011;-4,0;False;IPV868;3;110,5
2011-09-30 22:00:00;1;2011;-5,0;False;IPV868;4;25,0
2011-12-31 23:00:00;1;2012;-4,9;False;IPV868;1;-2,0
2012-03-31 22:00:00;1;2012;-3,7;False;IPV868;2;-24,5
2012-06-30 22:00:00;1;2012;-5,0;False;IPV868;3;35,1
2012-09-30 22:00:00;1;2012;-1,4;False;IPV868;4;-72,0
2012-12-31 23:00:00;1;2013;-7,3;False;IPV868;1;421,4
2013-03-31 22:00:00;1;2013;-0,2;False;IPV868;2;-97,3
2013-06-30 22:00:00;1;2013;0,8;False;IPV868;3;-500,0
2013-09-30 22:00:00;1;2013;-0,5;False;IPV868;4;-162,5
2013-12-31 23:00:00;1;2014;-0,5;False;IPV868;1;0,0
2014-03-31 22:00:00;1;2014;1,8;False;IPV868;2;-460,0
2014-06-30 22:00:00;1;2014;0,3;False;IPV868;3;-83,3
2014-09-30 22:00:00;1;2014;0,6;False;IPV868;4;100,0
2014-12-31 23:00:00;1;2015;-0,9;False;IPV868;1;-250,0
2015-03-31 22:00:00;1;2015;5,4;False;IPV868;2;-700,0
2015-06-30 22:00:00;1;2015;0,9;False;IPV868;3;-83,3
2015-09-30 22:00:00;1;2015;0,4;False;IPV868;4;-55,6
2015-12-31 23:00:00;1;2016;1,6;False;IPV868;1;300,0
2016-03-31 22:00:00;1;2016;2,5;False;IPV868;2;56,2
2016-06-30 22:00:00;1;2016;2,0;False;IPV868;3;-20,0
2016-09-30 22:00:00;1;2016;1,2;False;IPV868;4;-40,0
2016-12-31 23:00:00;1;2017;2,9;False;IPV868;1;141,7
2017-03-31 22:00:00;1;2017;2,9;False;IPV868;2;0,0
2017-06-30 22:00:00;1;2017;2,6;False;IPV868;3;-10,3
2017-09-30 22:00:00;1;2017;1,4;False;IPV868;4;-46,2
2017-12-31 23:00:00;1;2018;1,4;False;IPV868;1;0,0
2018-03-31 22:00:00;1;2018;3,7;False;IPV868;2;164,3
2018-06-30 22:00:00;1;2018;2,3;False;IPV868;3;-37,8
2018-09-30 22:00:00;1;2018;0,6;False;IPV868;4;-73,9
2018-12-31 23:00:00;1;2019;0,9;False;IPV868;1;50,0
2019-03-31 22:00:00;1;2019;1,3;False;IPV868;2;44,4
2019-06-30 22:00:00;1;2019;1,8;False;IPV868;3;38,5
2019-09-30 22:00:00;1;2019;-0,7;False;IPV868;4;-138,9
2019-12-31 23:00:00;1;2020;0,7;False;IPV868;1;-200,0
2020-03-31 22:00:00;1;2020;0,5;False;IPV868;2;-28,6
2020-06-30 22:00:00;1;2020;1,2;False;IPV868;3;140,0
2020-09-30 22:00:00;1;2020;-1,4;False;IPV868;4;-216,7
2020-12-31 23:00:00;1;2021;0,9;False;IPV868;1;-164,3
2021-03-31 22:00:00;1;2021;2,5;False;IPV868;2;177,8
2021-06-30 22:00:00;1;2021;1,3;False;IPV868;3;-48,0
2021-09-30 22:00:00;1;2021;1,3;False;IPV868;4;0,0
2021-12-31 23:00:00;1;2022;2,5;False;IPV868;1;92,3
2022-03-31 22:00:00;1;2022;2,0;False;IPV868;2;-20,0
2022-06-30 22:00:00;1;2022;2,1;False;IPV868;3;5,0
2022-09-30 22:00:00;1;2022;-1,2;False;IPV868;4;-157,1
2022-12-31 23:00:00;1;2023;0,5;False;IPV868;1;-141,7
2023-03-31 22:00:00;1;2023;1,8;False;IPV868;2;260,0
2023-06-30 22:00:00;1;2023;2,7;False;IPV868;3;50,0
2023-09-30 22:00:00;1;2023;-1,5;False;IPV868;4;-155,6
2023-12-31 23:00:00;1;2024;2,6;False;IPV868;1;-273,3
2024-03-31 22:00:00;1;2024;2,8;False;IPV868;2;7,7
2024-06-30 22:00:00;1;2024;2,8;False;IPV868;3;0,0
2024-09-30 22:00:00;1;2024;1,9;False;IPV868;4;-32,1
2024-12-31 23:00:00;1;2025;3,7;False;IPV868;1;94,7
2025-03-31 22:00:00;1;2025;2,7;False;IPV868;2;-27,0
2025-06-30 22:00:00;1;2025;2,5;False;IPV868;3;-7,4
2025-09-30 22:00:00;1;2025;1,5;False;IPV868;4;-40,0
2006-12-31 23:00:00;1;2007;3,5;False;IPV869;1;0,0
2007-03-31 22:00:00;1;2007;7,1;False;IPV869;2;102,9
2007-06-30 22:00:00;1;2007;8,3;False;IPV869;3;16,9
2007-09-30 22:00:00;1;2007;5,0;False;IPV869;4;-39,8
2007-12-31 23:00:00;1;2008;0,6;False;IPV869;1;-88,0
2008-03-31 22:00:00;1;2008;-0,3;False;IPV869;2;-150,0
2008-06-30 22:00:00;1;2008;-3,0;False;IPV869;3;900,0
2008-09-30 22:00:00;1;2008;-6,8;False;IPV869;4;126,7
2008-12-31 23:00:00;1;2009;-2,9;False;IPV869;1;-57,4
2009-03-31 22:00:00;1;2009;-0,9;False;IPV869;2;-69,0
2009-06-30 22:00:00;1;2009;-1,8;False;IPV869;3;100,0
2009-09-30 22:00:00;1;2009;-1,6;False;IPV869;4;-11,1
2009-12-31 23:00:00;1;2010;0,1;False;IPV869;1;-106,2
2010-03-31 22:00:00;1;2010;1,7;False;IPV869;2;1600,0
2010-06-30 22:00:00;1;2010;-0,8;False;IPV869;3;-147,1
2010-09-30 22:00:00;1;2010;0,2;False;IPV869;4;-125,0
2010-12-31 23:00:00;1;2011;-6,1;False;IPV869;1;-3150,0
2011-03-31 22:00:00;1;2011;-7,9;False;IPV869;2;29,5
2011-06-30 22:00:00;1;2011;-9,4;False;IPV869;3;19,0
2011-09-30 22:00:00;1;2011;-13,5;False;IPV869;4;43,6
2011-12-31 23:00:00;1;2012;-5,0;False;IPV869;1;-63,0
2012-03-31 22:00:00;1;2012;-8,2;False;IPV869;2;64,0
2012-06-30 22:00:00;1;2012;-12,2;False;IPV869;3;48,8
2012-09-30 22:00:00;1;2012;-10,7;False;IPV869;4;-12,3
2012-12-31 23:00:00;1;2013;-10,6;False;IPV869;1;-0,9
2013-03-31 22:00:00;1;2013;-12,0;False;IPV869;2;13,2
2013-06-30 22:00:00;1;2013;-11,9;False;IPV869;3;-0,8
2013-09-30 22:00:00;1;2013;-13,2;False;IPV869;4;10,9
2013-12-31 23:00:00;1;2014;-1,1;False;IPV869;1;-91,7
2014-03-31 22:00:00;1;2014;1,3;False;IPV869;2;-218,2
2014-06-30 22:00:00;1;2014;-0,7;False;IPV869;3;-153,8
2014-09-30 22:00:00;1;2014;0,7;False;IPV869;4;-200,0
2014-12-31 23:00:00;1;2015;-0,3;False;IPV869;1;-142,9
2015-03-31 22:00:00;1;2015;1,8;False;IPV869;2;-700,0
2015-06-30 22:00:00;1;2015;1,0;False;IPV869;3;-44,4
2015-09-30 22:00:00;1;2015;1,1;False;IPV869;4;10,0
2015-12-31 23:00:00;1;2016;-0,6;False;IPV869;1;-154,5
2016-03-31 22:00:00;1;2016;-0,5;False;IPV869;2;-16,7
2016-06-30 22:00:00;1;2016;-0,1;False;IPV869;3;-80,0
2016-09-30 22:00:00;1;2016;-0,6;False;IPV869;4;500,0
2016-12-31 23:00:00;1;2017;0,8;False;IPV869;1;-233,3
2017-03-31 22:00:00;1;2017;1,2;False;IPV869;2;50,0
2017-06-30 22:00:00;1;2017;0,8;False;IPV869;3;-33,3
2017-09-30 22:00:00;1;2017;0,2;False;IPV869;4;-75,0
2017-12-31 23:00:00;1;2018;0,7;False;IPV869;1;250,0
2018-03-31 22:00:00;1;2018;1,9;False;IPV869;2;171,4
2018-06-30 22:00:00;1;2018;2,9;False;IPV869;3;52,6
2018-09-30 22:00:00;1;2018;3,0;False;IPV869;4;3,4
2018-12-31 23:00:00;1;2019;0,5;False;IPV869;1;-83,3
2019-03-31 22:00:00;1;2019;1,4;False;IPV869;2;180,0
2019-06-30 22:00:00;1;2019;1,9;False;IPV869;3;35,7
2019-09-30 22:00:00;1;2019;1,8;False;IPV869;4;-5,3
2019-12-31 23:00:00;1;2020;-0,7;False;IPV869;1;-138,9
2020-03-31 22:00:00;1;2020;1,2;False;IPV869;2;-271,4
2020-06-30 22:00:00;1;2020;1,1;False;IPV869;3;-8,3
2020-09-30 22:00:00;1;2020;1,5;False;IPV869;4;36,4
2020-12-31 23:00:00;1;2021;-1,5;False;IPV869;1;-200,0
2021-03-31 22:00:00;1;2021;2,1;False;IPV869;2;-240,0
2021-06-30 22:00:00;1;2021;3,0;False;IPV869;3;42,9
2021-09-30 22:00:00;1;2021;3,8;False;IPV869;4;26,7
2021-12-31 23:00:00;1;2022;1,4;False;IPV869;1;-63,2
2022-03-31 22:00:00;1;2022;4,4;False;IPV869;2;214,3
2022-06-30 22:00:00;1;2022;6,2;False;IPV869;3;40,9
2022-09-30 22:00:00;1;2022;3,5;False;IPV869;4;-43,5
2022-12-31 23:00:00;1;2023;-0,9;False;IPV869;1;-125,7
2023-03-31 22:00:00;1;2023;1,9;False;IPV869;2;-311,1
2023-06-30 22:00:00;1;2023;2,9;False;IPV869;3;52,6
2023-09-30 22:00:00;1;2023;1,9;False;IPV869;4;-34,5
2023-12-31 23:00:00;1;2024;1,8;False;IPV869;1;-5,3
2024-03-31 22:00:00;1;2024;5,5;False;IPV869;2;205,6
2024-06-30 22:00:00;1;2024;8,0;False;IPV869;3;45,5
2024-09-30 22:00:00;1;2024;8,5;False;IPV869;4;6,2
2024-12-31 23:00:00;1;2025;3,3;False;IPV869;1;-61,2
2025-03-31 22:00:00;1;2025;7,9;False;IPV869;2;139,4
2025-06-30 22:00:00;1;2025;11,0;False;IPV869;3;39,2
2025-09-30 22:00:00;1;2025;12,5;False;IPV869;4;13,6
2006-12-31 23:00:00;1;2007;15,7;False;IPV870;1;0,0
2007-03-31 22:00:00;1;2007;12,9;False;IPV870;2;-17,8
2007-06-30 22:00:00;1;2007;11,3;False;IPV870;3;-12,4
2007-09-30 22:00:00;1;2007;5,0;False;IPV870;4;-55,8
2007-12-31 23:00:00;1;2008;2,1;False;IPV870;1;-58,0
2008-03-31 22:00:00;1;2008;-2,2;False;IPV870;2;-204,8
2008-06-30 22:00:00;1;2008;-5,9;False;IPV870;3;168,2
2008-09-30 22:00:00;1;2008;-6,8;False;IPV870;4;15,3
2008-12-31 23:00:00;1;2009;-10,0;False;IPV870;1;47,1
2009-03-31 22:00:00;1;2009;-7,4;False;IPV870;2;-26,0
2009-06-30 22:00:00;1;2009;-5,7;False;IPV870;3;-23,0
2009-09-30 22:00:00;1;2009;-1,6;False;IPV870;4;-71,9
2009-12-31 23:00:00;1;2010;1,4;False;IPV870;1;-187,5
2010-03-31 22:00:00;1;2010;0,9;False;IPV870;2;-35,7
2010-06-30 22:00:00;1;2010;-0,6;False;IPV870;3;-166,7
2010-09-30 22:00:00;1;2010;0,2;False;IPV870;4;-133,3
2010-12-31 23:00:00;1;2011;-6,0;False;IPV870;1;-3100,0
2011-03-31 22:00:00;1;2011;-9,2;False;IPV870;2;53,3
2011-06-30 22:00:00;1;2011;-8,4;False;IPV870;3;-8,7
2011-09-30 22:00:00;1;2011;-13,5;False;IPV870;4;60,7
2011-12-31 23:00:00;1;2012;-12,5;False;IPV870;1;-7,4
2012-03-31 22:00:00;1;2012;-13,8;False;IPV870;2;10,4
2012-06-30 22:00:00;1;2012;-16,2;False;IPV870;3;17,4
2012-09-30 22:00:00;1;2012;-10,7;False;IPV870;4;-34,0
2012-12-31 23:00:00;1;2013;-16,0;False;IPV870;1;49,5
2013-03-31 22:00:00;1;2013;-14,4;False;IPV870;2;-10,0
2013-06-30 22:00:00;1;2013;-10,4;False;IPV870;3;-27,8
2013-09-30 22:00:00;1;2013;-13,2;False;IPV870;4;26,9
2013-12-31 23:00:00;1;2014;-3,9;False;IPV870;1;-70,5
2014-03-31 22:00:00;1;2014;-0,1;False;IPV870;2;-97,4
2014-06-30 22:00:00;1;2014;-2,2;False;IPV870;3;2100,0
2014-09-30 22:00:00;1;2014;0,7;False;IPV870;4;-131,8
2014-12-31 23:00:00;1;2015;1,6;False;IPV870;1;128,6
2015-03-31 22:00:00;1;2015;1,2;False;IPV870;2;-25,0
2015-06-30 22:00:00;1;2015;2,4;False;IPV870;3;100,0
2015-09-30 22:00:00;1;2015;1,1;False;IPV870;4;-54,2
2015-12-31 23:00:00;1;2016;0,8;False;IPV870;1;-27,3
2016-03-31 22:00:00;1;2016;-1,2;False;IPV870;2;-250,0
2016-06-30 22:00:00;1;2016;0,0;False;IPV870;3;-100,0
2016-09-30 22:00:00;1;2016;-0,6;False;IPV870;4;-inf
2016-12-31 23:00:00;1;2017;0,8;False;IPV870;1;-233,3
2017-03-31 22:00:00;1;2017;1,1;False;IPV870;2;37,5
2017-06-30 22:00:00;1;2017;0,4;False;IPV870;3;-63,6
2017-09-30 22:00:00;1;2017;0,2;False;IPV870;4;-50,0
2017-12-31 23:00:00;1;2018;0,1;False;IPV870;1;-50,0
2018-03-31 22:00:00;1;2018;1,0;False;IPV870;2;900,0
2018-06-30 22:00:00;1;2018;2,2;False;IPV870;3;120,0
2018-09-30 22:00:00;1;2018;3,0;False;IPV870;4;36,4
2018-12-31 23:00:00;1;2019;2,8;False;IPV870;1;-6,7
2019-03-31 22:00:00;1;2019;2,5;False;IPV870;2;-10,7
2019-06-30 22:00:00;1;2019;2,1;False;IPV870;3;-16,0
2019-09-30 22:00:00;1;2019;1,8;False;IPV870;4;-14,3
2019-12-31 23:00:00;1;2020;0,6;False;IPV870;1;-66,7
2020-03-31 22:00:00;1;2020;1,5;False;IPV870;2;150,0
2020-06-30 22:00:00;1;2020;0,9;False;IPV870;3;-40,0
2020-09-30 22:00:00;1;2020;1,5;False;IPV870;4;66,7
2020-12-31 23:00:00;1;2021;0,7;False;IPV870;1;-53,3
2021-03-31 22:00:00;1;2021;2,5;False;IPV870;2;257,1
2021-06-30 22:00:00;1;2021;3,5;False;IPV870;3;40,0
2021-09-30 22:00:00;1;2021;3,8;False;IPV870;4;8,6
2021-12-31 23:00:00;1;2022;6,9;False;IPV870;1;81,6
2022-03-31 22:00:00;1;2022;6,1;False;IPV870;2;-11,6
2022-06-30 22:00:00;1;2022;7,0;False;IPV870;3;14,8
2022-09-30 22:00:00;1;2022;3,5;False;IPV870;4;-50,0
2022-12-31 23:00:00;1;2023;1,1;False;IPV870;1;-68,6
2023-03-31 22:00:00;1;2023;1,1;False;IPV870;2;0,0
2023-06-30 22:00:00;1;2023;0,3;False;IPV870;3;-72,7
2023-09-30 22:00:00;1;2023;1,9;False;IPV870;4;533,3
2023-12-31 23:00:00;1;2024;4,7;False;IPV870;1;147,4
2024-03-31 22:00:00;1;2024;5,5;False;IPV870;2;17,0
2024-06-30 22:00:00;1;2024;6,9;False;IPV870;3;25,5
2024-09-30 22:00:00;1;2024;8,5;False;IPV870;4;23,2
2024-12-31 23:00:00;1;2025;10,1;False;IPV870;1;18,8
2025-03-31 22:00:00;1;2025;11,0;False;IPV870;2;8,9
2025-06-30 22:00:00;1;2025;11,5;False;IPV870;3;4,5
2025-09-30 22:00:00;1;2025;12,5;False;IPV870;4;8,7
2006-12-31 23:00:00;1;2007;3,5;False;IPV871;1;0,0
2007-03-31 22:00:00;1;2007;3,5;False;IPV871;2;0,0
2007-06-30 22:00:00;1;2007;1,1;False;IPV871;3;-68,6
2007-09-30 22:00:00;1;2007;-3,0;False;IPV871;4;-372,7
2007-12-31 23:00:00;1;2008;0,6;False;IPV871;1;-120,0
2008-03-31 22:00:00;1;2008;-0,9;False;IPV871;2;-250,0
2008-06-30 22:00:00;1;2008;-2,7;False;IPV871;3;200,0
2008-09-30 22:00:00;1;2008;-3,9;False;IPV871;4;44,4
2008-12-31 23:00:00;1;2009;-2,9;False;IPV871;1;-25,6
2009-03-31 22:00:00;1;2009;2,1;False;IPV871;2;-172,4
2009-06-30 22:00:00;1;2009;-0,9;False;IPV871;3;-142,9
2009-09-30 22:00:00;1;2009;0,2;False;IPV871;4;-122,2
2009-12-31 23:00:00;1;2010;0,1;False;IPV871;1;-50,0
2010-03-31 22:00:00;1;2010;1,6;False;IPV871;2;1500,0
2010-06-30 22:00:00;1;2010;-2,4;False;IPV871;3;-250,0
2010-09-30 22:00:00;1;2010;1,0;False;IPV871;4;-141,7
2010-12-31 23:00:00;1;2011;-6,1;False;IPV871;1;-710,0
2011-03-31 22:00:00;1;2011;-1,9;False;IPV871;2;-68,9
2011-06-30 22:00:00;1;2011;-1,6;False;IPV871;3;-15,8
2011-09-30 22:00:00;1;2011;-4,6;False;IPV871;4;187,5
2011-12-31 23:00:00;1;2012;-5,0;False;IPV871;1;8,7
2012-03-31 22:00:00;1;2012;-3,4;False;IPV871;2;-32,0
2012-06-30 22:00:00;1;2012;-4,3;False;IPV871;3;26,5
2012-09-30 22:00:00;1;2012;1,7;False;IPV871;4;-139,5
2012-12-31 23:00:00;1;2013;-10,6;False;IPV871;1;-723,5
2013-03-31 22:00:00;1;2013;-1,5;False;IPV871;2;-85,8
2013-06-30 22:00:00;1;2013;0,1;False;IPV871;3;-106,7
2013-09-30 22:00:00;1;2013;-1,5;False;IPV871;4;-1600,0
2013-12-31 23:00:00;1;2014;-1,1;False;IPV871;1;-26,7
2014-03-31 22:00:00;1;2014;2,4;False;IPV871;2;-318,2
2014-06-30 22:00:00;1;2014;-2,0;False;IPV871;3;-183,3
2014-09-30 22:00:00;1;2014;1,5;False;IPV871;4;-175,0
2014-12-31 23:00:00;1;2015;-0,3;False;IPV871;1;-120,0
2015-03-31 22:00:00;1;2015;2,1;False;IPV871;2;-800,0
2015-06-30 22:00:00;1;2015;-0,8;False;IPV871;3;-138,1
2015-09-30 22:00:00;1;2015;0,1;False;IPV871;4;-112,5
2015-12-31 23:00:00;1;2016;-0,6;False;IPV871;1;-700,0
2016-03-31 22:00:00;1;2016;0,1;False;IPV871;2;-116,7
2016-06-30 22:00:00;1;2016;0,3;False;IPV871;3;200,0
2016-09-30 22:00:00;1;2016;-0,4;False;IPV871;4;-233,3
2016-12-31 23:00:00;1;2017;0,8;False;IPV871;1;-300,0
2017-03-31 22:00:00;1;2017;0,3;False;IPV871;2;-62,5
2017-06-30 22:00:00;1;2017;-0,3;False;IPV871;3;-200,0
2017-09-30 22:00:00;1;2017;-0,6;False;IPV871;4;100,0
2017-12-31 23:00:00;1;2018;0,7;False;IPV871;1;-216,7
2018-03-31 22:00:00;1;2018;1,2;False;IPV871;2;71,4
2018-06-30 22:00:00;1;2018;0,9;False;IPV871;3;-25,0
2018-09-30 22:00:00;1;2018;0,2;False;IPV871;4;-77,8
2018-12-31 23:00:00;1;2019;0,5;False;IPV871;1;150,0
2019-03-31 22:00:00;1;2019;0,9;False;IPV871;2;80,0
2019-06-30 22:00:00;1;2019;0,5;False;IPV871;3;-44,4
2019-09-30 22:00:00;1;2019;-0,2;False;IPV871;4;-140,0
2019-12-31 23:00:00;1;2020;-0,7;False;IPV871;1;250,0
2020-03-31 22:00:00;1;2020;1,8;False;IPV871;2;-357,1
2020-06-30 22:00:00;1;2020;-0,1;False;IPV871;3;-105,6
2020-09-30 22:00:00;1;2020;0,4;False;IPV871;4;-500,0
2020-12-31 23:00:00;1;2021;-1,5;False;IPV871;1;-475,0
2021-03-31 22:00:00;1;2021;3,6;False;IPV871;2;-340,0
2021-06-30 22:00:00;1;2021;0,9;False;IPV871;3;-75,0
2021-09-30 22:00:00;1;2021;0,8;False;IPV871;4;-11,1
2021-12-31 23:00:00;1;2022;1,4;False;IPV871;1;75,0
2022-03-31 22:00:00;1;2022;2,9;False;IPV871;2;107,1
2022-06-30 22:00:00;1;2022;1,8;False;IPV871;3;-37,9
2022-09-30 22:00:00;1;2022;-2,5;False;IPV871;4;-238,9
2022-12-31 23:00:00;1;2023;-0,9;False;IPV871;1;-64,0
2023-03-31 22:00:00;1;2023;2,9;False;IPV871;2;-422,2
2023-06-30 22:00:00;1;2023;1,0;False;IPV871;3;-65,5
2023-09-30 22:00:00;1;2023;-0,9;False;IPV871;4;-190,0
2023-12-31 23:00:00;1;2024;1,8;False;IPV871;1;-300,0
2024-03-31 22:00:00;1;2024;3,6;False;IPV871;2;100,0
2024-06-30 22:00:00;1;2024;2,4;False;IPV871;3;-33,3
2024-09-30 22:00:00;1;2024;0,5;False;IPV871;4;-79,2
2024-12-31 23:00:00;1;2025;3,3;False;IPV871;1;560,0
2025-03-31 22:00:00;1;2025;4,4;False;IPV871;2;33,3
2025-06-30 22:00:00;1;2025;2,8;False;IPV871;3;-36,4
2025-09-30 22:00:00;1;2025;1,4;False;IPV871;4;-50,0
2006-12-31 23:00:00;1;2007;5,4;False;IPV872;1;0,0
2007-03-31 22:00:00;1;2007;7,4;False;IPV872;2;37,0
2007-06-30 22:00:00;1;2007;9,7;False;IPV872;3;31,1
2007-09-30 22:00:00;1;2007;12,2;False;IPV872;4;25,8
2007-12-31 23:00:00;1;2008;0,1;False;IPV872;1;-99,2
2008-03-31 22:00:00;1;2008;2,1;False;IPV872;2;2000,0
2008-06-30 22:00:00;1;2008;3,0;False;IPV872;3;42,9
2008-09-30 22:00:00;1;2008;1,2;False;IPV872;4;-60,0
2008-12-31 23:00:00;1;2009;0,2;False;IPV872;1;-83,3
2009-03-31 22:00:00;1;2009;-0,7;False;IPV872;2;-450,0
2009-06-30 22:00:00;1;2009;-1,3;False;IPV872;3;85,7
2009-09-30 22:00:00;1;2009;-2,3;False;IPV872;4;76,9
2009-12-31 23:00:00;1;2010;-0,4;False;IPV872;1;-82,6
2010-03-31 22:00:00;1;2010;1,9;False;IPV872;2;-575,0
2010-06-30 22:00:00;1;2010;-2,0;False;IPV872;3;-205,3
2010-09-30 22:00:00;1;2010;-1,2;False;IPV872;4;-40,0
2010-12-31 23:00:00;1;2011;-3,0;False;IPV872;1;150,0
2011-03-31 22:00:00;1;2011;-3,6;False;IPV872;2;20,0
2011-06-30 22:00:00;1;2011;-4,6;False;IPV872;3;27,8
2011-09-30 22:00:00;1;2011;-7,0;False;IPV872;4;52,2
2011-12-31 23:00:00;1;2012;-4,8;False;IPV872;1;-31,4
2012-03-31 22:00:00;1;2012;-7,3;False;IPV872;2;52,1
2012-06-30 22:00:00;1;2012;-10,4;False;IPV872;3;42,5
2012-09-30 22:00:00;1;2012;-11,5;False;IPV872;4;10,6
2012-12-31 23:00:00;1;2013;-10,3;False;IPV872;1;-10,4
2013-03-31 22:00:00;1;2013;-13,8;False;IPV872;2;34,0
2013-06-30 22:00:00;1;2013;-13,8;False;IPV872;3;0,0
2013-09-30 22:00:00;1;2013;-17,2;False;IPV872;4;24,6
2013-12-31 23:00:00;1;2014;-1,4;False;IPV872;1;-91,9
2014-03-31 22:00:00;1;2014;-0,7;False;IPV872;2;-50,0
2014-06-30 22:00:00;1;2014;-0,8;False;IPV872;3;14,3
2014-09-30 22:00:00;1;2014;-0,9;False;IPV872;4;12,5
2014-12-31 23:00:00;1;2015;2,2;False;IPV872;1;-344,4
2015-03-31 22:00:00;1;2015;4,4;False;IPV872;2;100,0
2015-06-30 22:00:00;1;2015;5,1;False;IPV872;3;15,9
2015-09-30 22:00:00;1;2015;6,2;False;IPV872;4;21,6
2015-12-31 23:00:00;1;2016;0,2;False;IPV872;1;-96,8
2016-03-31 22:00:00;1;2016;5,7;False;IPV872;2;2750,0
2016-06-30 22:00:00;1;2016;5,4;False;IPV872;3;-5,3
2016-09-30 22:00:00;1;2016;2,3;False;IPV872;4;-57,4
2016-12-31 23:00:00;1;2017;3,0;False;IPV872;1;30,4
2017-03-31 22:00:00;1;2017;3,4;False;IPV872;2;13,3
2017-06-30 22:00:00;1;2017;2,7;False;IPV872;3;-20,6
2017-09-30 22:00:00;1;2017;1,6;False;IPV872;4;-40,7
2017-12-31 23:00:00;1;2018;5,4;False;IPV872;1;237,5
2018-03-31 22:00:00;1;2018;6,3;False;IPV872;2;16,7
2018-06-30 22:00:00;1;2018;10,0;False;IPV872;3;58,7
2018-09-30 22:00:00;1;2018;10,1;False;IPV872;4;1,0
2018-12-31 23:00:00;1;2019;6,7;False;IPV872;1;-33,7
2019-03-31 22:00:00;1;2019;7,7;False;IPV872;2;14,9
2019-06-30 22:00:00;1;2019;8,4;False;IPV872;3;9,1
2019-09-30 22:00:00;1;2019;9,8;False;IPV872;4;16,7
2019-12-31 23:00:00;1;2020;0,3;False;IPV872;1;-96,9
2020-03-31 22:00:00;1;2020;-0,3;False;IPV872;2;-200,0
2020-06-30 22:00:00;1;2020;2,5;False;IPV872;3;-933,3
2020-09-30 22:00:00;1;2020;-0,6;False;IPV872;4;-124,0
2020-12-31 23:00:00;1;2021;-1,2;False;IPV872;1;100,0
2021-03-31 22:00:00;1;2021;2,0;False;IPV872;2;-266,7
2021-06-30 22:00:00;1;2021;3,7;False;IPV872;3;85,0
2021-09-30 22:00:00;1;2021;5,0;False;IPV872;4;35,1
2021-12-31 23:00:00;1;2022;2,2;False;IPV872;1;-56,0
2022-03-31 22:00:00;1;2022;2,9;False;IPV872;2;31,8
2022-06-30 22:00:00;1;2022;3,0;False;IPV872;3;3,4
2022-09-30 22:00:00;1;2022;6,6;False;IPV872;4;120,0
2022-12-31 23:00:00;1;2023;0,1;False;IPV872;1;-98,5
2023-03-31 22:00:00;1;2023;3,0;False;IPV872;2;2900,0
2023-06-30 22:00:00;1;2023;0,9;False;IPV872;3;-70,0
2023-09-30 22:00:00;1;2023;3,1;False;IPV872;4;244,4
2023-12-31 23:00:00;1;2024;3,0;False;IPV872;1;-3,2
2024-03-31 22:00:00;1;2024;4,1;False;IPV872;2;36,7
2024-06-30 22:00:00;1;2024;4,8;False;IPV872;3;17,1
2024-09-30 22:00:00;1;2024;9,7;False;IPV872;4;102,1
2024-12-31 23:00:00;1;2025;5,0;False;IPV872;1;-48,5
2025-03-31 22:00:00;1;2025;7,3;False;IPV872;2;46,0
2025-06-30 22:00:00;1;2025;7,1;False;IPV872;3;-2,7
2025-09-30 22:00:00;1;2025;14,4;False;IPV872;4;102,8
2006-12-31 23:00:00;1;2007;18,2;False;IPV873;1;0,0
2007-03-31 22:00:00;1;2007;15,3;False;IPV873;2;-15,9
2007-06-30 22:00:00;1;2007;13,7;False;IPV873;3;-10,5
2007-09-30 22:00:00;1;2007;12,2;False;IPV873;4;-10,9
2007-12-31 23:00:00;1;2008;6,6;False;IPV873;1;-45,9
2008-03-31 22:00:00;1;2008;6,6;False;IPV873;2;0,0
2008-06-30 22:00:00;1;2008;5,3;False;IPV873;3;-19,7
2008-09-30 22:00:00;1;2008;1,2;False;IPV873;4;-77,4
2008-12-31 23:00:00;1;2009;1,2;False;IPV873;1;0,0
2009-03-31 22:00:00;1;2009;-1,6;False;IPV873;2;-233,3
2009-06-30 22:00:00;1;2009;-3,0;False;IPV873;3;87,5
2009-09-30 22:00:00;1;2009;-2,3;False;IPV873;4;-23,3
2009-12-31 23:00:00;1;2010;-2,8;False;IPV873;1;21,7
2010-03-31 22:00:00;1;2010;0,3;False;IPV873;2;-110,7
2010-06-30 22:00:00;1;2010;-3,0;False;IPV873;3;-1100,0
2010-09-30 22:00:00;1;2010;-1,2;False;IPV873;4;-60,0
2010-12-31 23:00:00;1;2011;-3,7;False;IPV873;1;208,3
2011-03-31 22:00:00;1;2011;-6,5;False;IPV873;2;75,7
2011-06-30 22:00:00;1;2011;-3,8;False;IPV873;3;-41,5
2011-09-30 22:00:00;1;2011;-7,0;False;IPV873;4;84,2
2011-12-31 23:00:00;1;2012;-8,8;False;IPV873;1;25,7
2012-03-31 22:00:00;1;2012;-10,6;False;IPV873;2;20,5
2012-06-30 22:00:00;1;2012;-12,6;False;IPV873;3;18,9
2012-09-30 22:00:00;1;2012;-11,5;False;IPV873;4;-8,7
2012-12-31 23:00:00;1;2013;-16,6;False;IPV873;1;44,3
2013-03-31 22:00:00;1;2013;-17,7;False;IPV873;2;6,6
2013-06-30 22:00:00;1;2013;-14,9;False;IPV873;3;-15,8
2013-09-30 22:00:00;1;2013;-17,2;False;IPV873;4;15,4
2013-12-31 23:00:00;1;2014;-8,9;False;IPV873;1;-48,3
2014-03-31 22:00:00;1;2014;-4,6;False;IPV873;2;-48,3
2014-06-30 22:00:00;1;2014;-4,7;False;IPV873;3;2,2
2014-09-30 22:00:00;1;2014;-0,9;False;IPV873;4;-80,9
2014-12-31 23:00:00;1;2015;2,7;False;IPV873;1;-400,0
2015-03-31 22:00:00;1;2015;4,2;False;IPV873;2;55,6
2015-06-30 22:00:00;1;2015;5,1;False;IPV873;3;21,4
2015-09-30 22:00:00;1;2015;6,2;False;IPV873;4;21,6
2015-12-31 23:00:00;1;2016;4,1;False;IPV873;1;-33,9
2016-03-31 22:00:00;1;2016;7,6;False;IPV873;2;85,4
2016-06-30 22:00:00;1;2016;6,5;False;IPV873;3;-14,5
2016-09-30 22:00:00;1;2016;2,3;False;IPV873;4;-64,6
2016-12-31 23:00:00;1;2017;5,2;False;IPV873;1;126,1
2017-03-31 22:00:00;1;2017;0,0;False;IPV873;2;-100,0
2017-06-30 22:00:00;1;2017;-0,4;False;IPV873;3;-inf
2017-09-30 22:00:00;1;2017;1,6;False;IPV873;4;-500,0
2017-12-31 23:00:00;1;2018;4,0;False;IPV873;1;150,0
2018-03-31 22:00:00;1;2018;4,5;False;IPV873;2;12,5
2018-06-30 22:00:00;1;2018;8,8;False;IPV873;3;95,6
2018-09-30 22:00:00;1;2018;10,1;False;IPV873;4;14,8
2018-12-31 23:00:00;1;2019;11,5;False;IPV873;1;13,9
2019-03-31 22:00:00;1;2019;11,6;False;IPV873;2;0,9
2019-06-30 22:00:00;1;2019;8,5;False;IPV873;3;-26,7
2019-09-30 22:00:00;1;2019;9,8;False;IPV873;4;15,3
2019-12-31 23:00:00;1;2020;3,2;False;IPV873;1;-67,3
2020-03-31 22:00:00;1;2020;1,7;False;IPV873;2;-46,9
2020-06-30 22:00:00;1;2020;3,8;False;IPV873;3;123,5
2020-09-30 22:00:00;1;2020;-0,6;False;IPV873;4;-115,8
2020-12-31 23:00:00;1;2021;-2,1;False;IPV873;1;250,0
2021-03-31 22:00:00;1;2021;1,7;False;IPV873;2;-181,0
2021-06-30 22:00:00;1;2021;0,5;False;IPV873;3;-70,6
2021-09-30 22:00:00;1;2021;5,0;False;IPV873;4;900,0
2021-12-31 23:00:00;1;2022;8,6;False;IPV873;1;72,0
2022-03-31 22:00:00;1;2022;5,9;False;IPV873;2;-31,4
2022-06-30 22:00:00;1;2022;4,3;False;IPV873;3;-27,1
2022-09-30 22:00:00;1;2022;6,6;False;IPV873;4;53,5
2022-12-31 23:00:00;1;2023;4,4;False;IPV873;1;-33,3
2023-03-31 22:00:00;1;2023;6,7;False;IPV873;2;52,3
2023-06-30 22:00:00;1;2023;4,4;False;IPV873;3;-34,3
2023-09-30 22:00:00;1;2023;3,1;False;IPV873;4;-29,5
2023-12-31 23:00:00;1;2024;6,0;False;IPV873;1;93,5
2024-03-31 22:00:00;1;2024;4,2;False;IPV873;2;-30,0
2024-06-30 22:00:00;1;2024;7,1;False;IPV873;3;69,0
2024-09-30 22:00:00;1;2024;9,7;False;IPV873;4;36,6
2024-12-31 23:00:00;1;2025;11,8;False;IPV873;1;21,6
2025-03-31 22:00:00;1;2025;13,1;False;IPV873;2;11,0
2025-06-30 22:00:00;1;2025;12,0;False;IPV873;3;-8,4
2025-09-30 22:00:00;1;2025;14,4;False;IPV873;4;20,0
2006-12-31 23:00:00;1;2007;5,4;False;IPV874;1;0,0
2007-03-31 22:00:00;1;2007;2,0;False;IPV874;2;-63,0
2007-06-30 22:00:00;1;2007;2,1;False;IPV874;3;5,0
2007-09-30 22:00:00;1;2007;2,2;False;IPV874;4;4,8
2007-12-31 23:00:00;1;2008;0,1;False;IPV874;1;-95,5
2008-03-31 22:00:00;1;2008;1,9;False;IPV874;2;1800,0
2008-06-30 22:00:00;1;2008;0,9;False;IPV874;3;-52,6
2008-09-30 22:00:00;1;2008;-1,8;False;IPV874;4;-300,0
2008-12-31 23:00:00;1;2009;0,2;False;IPV874;1;-111,1
2009-03-31 22:00:00;1;2009;-0,9;False;IPV874;2;-550,0
2009-06-30 22:00:00;1;2009;-0,6;False;IPV874;3;-33,3
2009-09-30 22:00:00;1;2009;-1,0;False;IPV874;4;66,7
2009-12-31 23:00:00;1;2010;-0,4;False;IPV874;1;-60,0
2010-03-31 22:00:00;1;2010;2,3;False;IPV874;2;-675,0
2010-06-30 22:00:00;1;2010;-3,8;False;IPV874;3;-265,2
2010-09-30 22:00:00;1;2010;0,8;False;IPV874;4;-121,1
2010-12-31 23:00:00;1;2011;-3,0;False;IPV874;1;-475,0
2011-03-31 22:00:00;1;2011;-0,6;False;IPV874;2;-80,0
2011-06-30 22:00:00;1;2011;-1,1;False;IPV874;3;83,3
2011-09-30 22:00:00;1;2011;-2,5;False;IPV874;4;127,3
2011-12-31 23:00:00;1;2012;-4,8;False;IPV874;1;92,0
2012-03-31 22:00:00;1;2012;-2,7;False;IPV874;2;-43,7
2012-06-30 22:00:00;1;2012;-3,3;False;IPV874;3;22,2
2012-09-30 22:00:00;1;2012;-1,3;False;IPV874;4;-60,6
2012-12-31 23:00:00;1;2013;-10,3;False;IPV874;1;692,3
2013-03-31 22:00:00;1;2013;-3,9;False;IPV874;2;-62,1
2013-06-30 22:00:00;1;2013;0,0;False;IPV874;3;-100,0
2013-09-30 22:00:00;1;2013;-3,9;False;IPV874;4;-inf
2013-12-31 23:00:00;1;2014;-1,4;False;IPV874;1;-64,1
2014-03-31 22:00:00;1;2014;0,7;False;IPV874;2;-150,0
2014-06-30 22:00:00;1;2014;-0,1;False;IPV874;3;-114,3
2014-09-30 22:00:00;1;2014;0,0;False;IPV874;4;-100,0
2014-12-31 23:00:00;1;2015;2,2;False;IPV874;1;inf
2015-03-31 22:00:00;1;2015;2,2;False;IPV874;2;0,0
2015-06-30 22:00:00;1;2015;0,7;False;IPV874;3;-68,2
2015-09-30 22:00:00;1;2015;1,0;False;IPV874;4;42,9
2015-12-31 23:00:00;1;2016;0,2;False;IPV874;1;-80,0
2016-03-31 22:00:00;1;2016;5,6;False;IPV874;2;2700,0
2016-06-30 22:00:00;1;2016;-0,3;False;IPV874;3;-105,4
2016-09-30 22:00:00;1;2016;-3,0;False;IPV874;4;900,0
2016-12-31 23:00:00;1;2017;3,0;False;IPV874;1;-200,0
2017-03-31 22:00:00;1;2017;0,3;False;IPV874;2;-90,0
2017-06-30 22:00:00;1;2017;-0,6;False;IPV874;3;-300,0
2017-09-30 22:00:00;1;2017;-1,1;False;IPV874;4;83,3
2017-12-31 23:00:00;1;2018;5,4;False;IPV874;1;-590,9
2018-03-31 22:00:00;1;2018;0,8;False;IPV874;2;-85,2
2018-06-30 22:00:00;1;2018;3,5;False;IPV874;3;337,5
2018-09-30 22:00:00;1;2018;0,1;False;IPV874;4;-97,1
2018-12-31 23:00:00;1;2019;6,7;False;IPV874;1;6600,0
2019-03-31 22:00:00;1;2019;0,9;False;IPV874;2;-86,6
2019-06-30 22:00:00;1;2019;0,7;False;IPV874;3;-22,2
2019-09-30 22:00:00;1;2019;1,3;False;IPV874;4;85,7
2019-12-31 23:00:00;1;2020;0,3;False;IPV874;1;-76,9
2020-03-31 22:00:00;1;2020;-0,6;False;IPV874;2;-300,0
2020-06-30 22:00:00;1;2020;2,9;False;IPV874;3;-583,3
2020-09-30 22:00:00;1;2020;-3,1;False;IPV874;4;-206,9
2020-12-31 23:00:00;1;2021;-1,2;False;IPV874;1;-61,3
2021-03-31 22:00:00;1;2021;3,2;False;IPV874;2;-366,7
2021-06-30 22:00:00;1;2021;1,6;False;IPV874;3;-50,0
2021-09-30 22:00:00;1;2021;1,3;False;IPV874;4;-18,8
2021-12-31 23:00:00;1;2022;2,2;False;IPV874;1;69,2
2022-03-31 22:00:00;1;2022;0,7;False;IPV874;2;-68,2
2022-06-30 22:00:00;1;2022;0,1;False;IPV874;3;-85,7
2022-09-30 22:00:00;1;2022;3,5;False;IPV874;4;3400,0
2022-12-31 23:00:00;1;2023;0,1;False;IPV874;1;-97,1
2023-03-31 22:00:00;1;2023;2,9;False;IPV874;2;2800,0
2023-06-30 22:00:00;1;2023;-2,1;False;IPV874;3;-172,4
2023-09-30 22:00:00;1;2023;2,2;False;IPV874;4;-204,8
2023-12-31 23:00:00;1;2024;3,0;False;IPV874;1;36,4
2024-03-31 22:00:00;1;2024;1,1;False;IPV874;2;-63,3
2024-06-30 22:00:00;1;2024;0,7;False;IPV874;3;-36,4
2024-09-30 22:00:00;1;2024;4,6;False;IPV874;4;557,1
2024-12-31 23:00:00;1;2025;5,0;False;IPV874;1;8,7
2025-03-31 22:00:00;1;2025;2,2;False;IPV874;2;-56,0
2025-06-30 22:00:00;1;2025;-0,2;False;IPV874;3;-109,1
2025-09-30 22:00:00;1;2025;6,8;False;IPV874;4;-3500,0
2006-12-31 23:00:00;1;2007;4,7;False;IPV875;1;0,0
2007-03-31 22:00:00;1;2007;7,3;False;IPV875;2;55,3
2007-06-30 22:00:00;1;2007;9,2;False;IPV875;3;26,0
2007-09-30 22:00:00;1;2007;9,6;False;IPV875;4;4,3
2007-12-31 23:00:00;1;2008;0,3;False;IPV875;1;-96,9
2008-03-31 22:00:00;1;2008;1,3;False;IPV875;2;333,3
2008-06-30 22:00:00;1;2008;1,0;False;IPV875;3;-23,1
2008-09-30 22:00:00;1;2008;-1,5;False;IPV875;4;-250,0
2008-12-31 23:00:00;1;2009;-0,6;False;IPV875;1;-60,0
2009-03-31 22:00:00;1;2009;-0,7;False;IPV875;2;16,7
2009-06-30 22:00:00;1;2009;-1,4;False;IPV875;3;100,0
2009-09-30 22:00:00;1;2009;-2,1;False;IPV875;4;50,0
2009-12-31 23:00:00;1;2010;-0,3;False;IPV875;1;-85,7
2010-03-31 22:00:00;1;2010;1,8;False;IPV875;2;-700,0
2010-06-30 22:00:00;1;2010;-1,7;False;IPV875;3;-194,4
2010-09-30 22:00:00;1;2010;-0,8;False;IPV875;4;-52,9
2010-12-31 23:00:00;1;2011;-3,8;False;IPV875;1;375,0
2011-03-31 22:00:00;1;2011;-4,8;False;IPV875;2;26,3
2011-06-30 22:00:00;1;2011;-6,0;False;IPV875;3;25,0
2011-09-30 22:00:00;1;2011;-8,8;False;IPV875;4;46,7
2011-12-31 23:00:00;1;2012;-4,8;False;IPV875;1;-45,5
2012-03-31 22:00:00;1;2012;-7,6;False;IPV875;2;58,3
2012-06-30 22:00:00;1;2012;-11,0;False;IPV875;3;44,7
2012-09-30 22:00:00;1;2012;-11,2;False;IPV875;4;1,8
2012-12-31 23:00:00;1;2013;-10,5;False;IPV875;1;-6,2
2013-03-31 22:00:00;1;2013;-12,8;False;IPV875;2;21,9
2013-06-30 22:00:00;1;2013;-12,7;False;IPV875;3;-0,8
2013-09-30 22:00:00;1;2013;-14,9;False;IPV875;4;17,3
2013-12-31 23:00:00;1;2014;-1,2;False;IPV875;1;-91,9
2014-03-31 22:00:00;1;2014;0,9;False;IPV875;2;-175,0
2014-06-30 22:00:00;1;2014;-0,7;False;IPV875;3;-177,8
2014-09-30 22:00:00;1;2014;0,4;False;IPV875;4;-157,1
2014-12-31 23:00:00;1;2015;0,2;False;IPV875;1;-50,0
2015-03-31 22:00:00;1;2015;2,3;False;IPV875;2;1050,0
2015-06-30 22:00:00;1;2015;1,8;False;IPV875;3;-21,7
2015-09-30 22:00:00;1;2015;2,1;False;IPV875;4;16,7
2015-12-31 23:00:00;1;2016;-0,4;False;IPV875;1;-119,0
2016-03-31 22:00:00;1;2016;0,8;False;IPV875;2;-300,0
2016-06-30 22:00:00;1;2016;1,0;False;IPV875;3;25,0
2016-09-30 22:00:00;1;2016;0,0;False;IPV875;4;-100,0
2016-12-31 23:00:00;1;2017;1,2;False;IPV875;1;inf
2017-03-31 22:00:00;1;2017;1,5;False;IPV875;2;25,0
2017-06-30 22:00:00;1;2017;1,1;False;IPV875;3;-26,7
2017-09-30 22:00:00;1;2017;0,4;False;IPV875;4;-63,6
2017-12-31 23:00:00;1;2018;1,4;False;IPV875;1;250,0
2018-03-31 22:00:00;1;2018;2,6;False;IPV875;2;85,7
2018-06-30 22:00:00;1;2018;3,9;False;IPV875;3;50,0
2018-09-30 22:00:00;1;2018;4,1;False;IPV875;4;5,1
2018-12-31 23:00:00;1;2019;1,5;False;IPV875;1;-63,4
2019-03-31 22:00:00;1;2019;2,4;False;IPV875;2;60,0
2019-06-30 22:00:00;1;2019;2,9;False;IPV875;3;20,8
2019-09-30 22:00:00;1;2019;3,0;False;IPV875;4;3,4
2019-12-31 23:00:00;1;2020;-0,5;False;IPV875;1;-116,7
2020-03-31 22:00:00;1;2020;0,9;False;IPV875;2;-280,0
2020-06-30 22:00:00;1;2020;1,3;False;IPV875;3;44,4
2020-09-30 22:00:00;1;2020;1,2;False;IPV875;4;-7,7
2020-12-31 23:00:00;1;2021;-1,4;False;IPV875;1;-216,7
2021-03-31 22:00:00;1;2021;2,1;False;IPV875;2;-250,0
2021-06-30 22:00:00;1;2021;3,1;False;IPV875;3;47,6
2021-09-30 22:00:00;1;2021;4,0;False;IPV875;4;29,0
2021-12-31 23:00:00;1;2022;1,6;False;IPV875;1;-60,0
2022-03-31 22:00:00;1;2022;4,1;False;IPV875;2;156,2
2022-06-30 22:00:00;1;2022;5,7;False;IPV875;3;39,0
2022-09-30 22:00:00;1;2022;4,0;False;IPV875;4;-29,8
2022-12-31 23:00:00;1;2023;-0,8;False;IPV875;1;-120,0
2023-03-31 22:00:00;1;2023;2,1;False;IPV875;2;-362,5
2023-06-30 22:00:00;1;2023;2,6;False;IPV875;3;23,8
2023-09-30 22:00:00;1;2023;2,1;False;IPV875;4;-19,2
2023-12-31 23:00:00;1;2024;2,0;False;IPV875;1;-4,8
2024-03-31 22:00:00;1;2024;5,3;False;IPV875;2;165,0
2024-06-30 22:00:00;1;2024;7,5;False;IPV875;3;41,5
2024-09-30 22:00:00;1;2024;8,7;False;IPV875;4;16,0
2024-12-31 23:00:00;1;2025;3,6;False;IPV875;1;-58,6
2025-03-31 22:00:00;1;2025;7,8;False;IPV875;2;116,7
2025-06-30 22:00:00;1;2025;10,4;False;IPV875;3;33,3
2025-09-30 22:00:00;1;2025;12,8;False;IPV875;4;23,1
2006-12-31 23:00:00;1;2007;17,3;False;IPV876;1;0,0
2007-03-31 22:00:00;1;2007;14,4;False;IPV876;2;-16,8
2007-06-30 22:00:00;1;2007;12,8;False;IPV876;3;-11,1
2007-09-30 22:00:00;1;2007;9,6;False;IPV876;4;-25,0
2007-12-31 23:00:00;1;2008;5,0;False;IPV876;1;-47,9
2008-03-31 22:00:00;1;2008;3,5;False;IPV876;2;-30,0
2008-06-30 22:00:00;1;2008;1,4;False;IPV876;3;-60,0
2008-09-30 22:00:00;1;2008;-1,5;False;IPV876;4;-207,1
2008-12-31 23:00:00;1;2009;-2,5;False;IPV876;1;66,7
2009-03-31 22:00:00;1;2009;-3,5;False;IPV876;2;40,0
2009-06-30 22:00:00;1;2009;-3,8;False;IPV876;3;8,6
2009-09-30 22:00:00;1;2009;-2,1;False;IPV876;4;-44,7
2009-12-31 23:00:00;1;2010;-1,8;False;IPV876;1;-14,3
2010-03-31 22:00:00;1;2010;0,4;False;IPV876;2;-122,2
2010-06-30 22:00:00;1;2010;-2,4;False;IPV876;3;-700,0
2010-09-30 22:00:00;1;2010;-0,8;False;IPV876;4;-66,7
2010-12-31 23:00:00;1;2011;-4,4;False;IPV876;1;450,0
2011-03-31 22:00:00;1;2011;-7,3;False;IPV876;2;65,9
2011-06-30 22:00:00;1;2011;-5,1;False;IPV876;3;-30,1
2011-09-30 22:00:00;1;2011;-8,8;False;IPV876;4;72,5
2011-12-31 23:00:00;1;2012;-9,8;False;IPV876;1;11,4
2012-03-31 22:00:00;1;2012;-11,6;False;IPV876;2;18,4
2012-06-30 22:00:00;1;2012;-13,8;False;IPV876;3;19,0
2012-09-30 22:00:00;1;2012;-11,2;False;IPV876;4;-18,8
2012-12-31 23:00:00;1;2013;-16,5;False;IPV876;1;47,3
2013-03-31 22:00:00;1;2013;-16,1;False;IPV876;2;-2,4
2013-06-30 22:00:00;1;2013;-12,9;False;IPV876;3;-19,9
2013-09-30 22:00:00;1;2013;-14,9;False;IPV876;4;15,5
2013-12-31 23:00:00;1;2014;-6,0;False;IPV876;1;-59,7
2014-03-31 22:00:00;1;2014;-1,6;False;IPV876;2;-73,3
2014-06-30 22:00:00;1;2014;-3,2;False;IPV876;3;100,0
2014-09-30 22:00:00;1;2014;0,4;False;IPV876;4;-112,5
2014-12-31 23:00:00;1;2015;1,8;False;IPV876;1;350,0
2015-03-31 22:00:00;1;2015;1,8;False;IPV876;2;0,0
2015-06-30 22:00:00;1;2015;3,0;False;IPV876;3;66,7
2015-09-30 22:00:00;1;2015;2,1;False;IPV876;4;-30,0
2015-12-31 23:00:00;1;2016;1,5;False;IPV876;1;-28,6
2016-03-31 22:00:00;1;2016;0,6;False;IPV876;2;-60,0
2016-06-30 22:00:00;1;2016;1,3;False;IPV876;3;116,7
2016-09-30 22:00:00;1;2016;0,0;False;IPV876;4;-100,0
2016-12-31 23:00:00;1;2017;1,6;False;IPV876;1;inf
2017-03-31 22:00:00;1;2017;0,8;False;IPV876;2;-50,0
2017-06-30 22:00:00;1;2017;0,2;False;IPV876;3;-75,0
2017-09-30 22:00:00;1;2017;0,4;False;IPV876;4;100,0
2017-12-31 23:00:00;1;2018;0,7;False;IPV876;1;75,0
2018-03-31 22:00:00;1;2018;1,5;False;IPV876;2;114,3
2018-06-30 22:00:00;1;2018;3,2;False;IPV876;3;113,3
2018-09-30 22:00:00;1;2018;4,1;False;IPV876;4;28,1
2018-12-31 23:00:00;1;2019;4,1;False;IPV876;1;0,0
2019-03-31 22:00:00;1;2019;3,9;False;IPV876;2;-4,9
2019-06-30 22:00:00;1;2019;3,1;False;IPV876;3;-20,5
2019-09-30 22:00:00;1;2019;3,0;False;IPV876;4;-3,2
2019-12-31 23:00:00;1;2020;1,0;False;IPV876;1;-66,7
2020-03-31 22:00:00;1;2020;1,5;False;IPV876;2;50,0
2020-06-30 22:00:00;1;2020;1,4;False;IPV876;3;-6,7
2020-09-30 22:00:00;1;2020;1,2;False;IPV876;4;-14,3
2020-12-31 23:00:00;1;2021;0,3;False;IPV876;1;-75,0
2021-03-31 22:00:00;1;2021;2,4;False;IPV876;2;700,0
2021-06-30 22:00:00;1;2021;3,0;False;IPV876;3;25,0
2021-09-30 22:00:00;1;2021;4,0;False;IPV876;4;33,3
2021-12-31 23:00:00;1;2022;7,1;False;IPV876;1;77,5
2022-03-31 22:00:00;1;2022;6,0;False;IPV876;2;-15,5
2022-06-30 22:00:00;1;2022;6,6;False;IPV876;3;10,0
2022-09-30 22:00:00;1;2022;4,0;False;IPV876;4;-39,4
2022-12-31 23:00:00;1;2023;1,6;False;IPV876;1;-60,0
2023-03-31 22:00:00;1;2023;2,0;False;IPV876;2;25,0
2023-06-30 22:00:00;1;2023;1,0;False;IPV876;3;-50,0
2023-09-30 22:00:00;1;2023;2,1;False;IPV876;4;110,0
2023-12-31 23:00:00;1;2024;4,9;False;IPV876;1;133,3
2024-03-31 22:00:00;1;2024;5,3;False;IPV876;2;8,2
2024-06-30 22:00:00;1;2024;6,9;False;IPV876;3;30,2
2024-09-30 22:00:00;1;2024;8,7;False;IPV876;4;26,1
2024-12-31 23:00:00;1;2025;10,4;False;IPV876;1;19,5
2025-03-31 22:00:00;1;2025;11,3;False;IPV876;2;8,7
2025-06-30 22:00:00;1;2025;11,6;False;IPV876;3;2,7
2025-09-30 22:00:00;1;2025;12,8;False;IPV876;4;10,3
2006-12-31 23:00:00;1;2007;4,7;False;IPV877;1;0,0
2007-03-31 22:00:00;1;2007;2,5;False;IPV877;2;-46,8
2007-06-30 22:00:00;1;2007;1,8;False;IPV877;3;-28,0
2007-09-30 22:00:00;1;2007;0,4;False;IPV877;4;-77,8
2007-12-31 23:00:00;1;2008;0,3;False;IPV877;1;-25,0
2008-03-31 22:00:00;1;2008;1,0;False;IPV877;2;233,3
2008-06-30 22:00:00;1;2008;-0,3;False;IPV877;3;-130,0
2008-09-30 22:00:00;1;2008;-2,5;False;IPV877;4;733,3
2008-12-31 23:00:00;1;2009;-0,6;False;IPV877;1;-76,0
2009-03-31 22:00:00;1;2009;-0,1;False;IPV877;2;-83,3
2009-06-30 22:00:00;1;2009;-0,7;False;IPV877;3;600,0
2009-09-30 22:00:00;1;2009;-0,7;False;IPV877;4;0,0
2009-12-31 23:00:00;1;2010;-0,3;False;IPV877;1;-57,1
2010-03-31 22:00:00;1;2010;2,1;False;IPV877;2;-800,0
2010-06-30 22:00:00;1;2010;-3,5;False;IPV877;3;-266,7
2010-09-30 22:00:00;1;2010;0,9;False;IPV877;4;-125,7
2010-12-31 23:00:00;1;2011;-3,8;False;IPV877;1;-522,2
2011-03-31 22:00:00;1;2011;-1,0;False;IPV877;2;-73,7
2011-06-30 22:00:00;1;2011;-1,2;False;IPV877;3;20,0
2011-09-30 22:00:00;1;2011;-3,1;False;IPV877;4;158,3
2011-12-31 23:00:00;1;2012;-4,8;False;IPV877;1;54,8
2012-03-31 22:00:00;1;2012;-2,9;False;IPV877;2;-39,6
2012-06-30 22:00:00;1;2012;-3,7;False;IPV877;3;27,6
2012-09-30 22:00:00;1;2012;-0,2;False;IPV877;4;-94,6
2012-12-31 23:00:00;1;2013;-10,5;False;IPV877;1;5150,0
2013-03-31 22:00:00;1;2013;-2,5;False;IPV877;2;-76,2
2013-06-30 22:00:00;1;2013;0,0;False;IPV877;3;-100,0
2013-09-30 22:00:00;1;2013;-2,5;False;IPV877;4;-inf
2013-12-31 23:00:00;1;2014;-1,2;False;IPV877;1;-52,0
2014-03-31 22:00:00;1;2014;2,1;False;IPV877;2;-275,0
2014-06-30 22:00:00;1;2014;-1,6;False;IPV877;3;-176,2
2014-09-30 22:00:00;1;2014;1,2;False;IPV877;4;-175,0
2014-12-31 23:00:00;1;2015;0,2;False;IPV877;1;-83,3
2015-03-31 22:00:00;1;2015;2,1;False;IPV877;2;950,0
2015-06-30 22:00:00;1;2015;-0,5;False;IPV877;3;-123,8
2015-09-30 22:00:00;1;2015;0,3;False;IPV877;4;-160,0
2015-12-31 23:00:00;1;2016;-0,4;False;IPV877;1;-233,3
2016-03-31 22:00:00;1;2016;1,2;False;IPV877;2;-400,0
2016-06-30 22:00:00;1;2016;0,2;False;IPV877;3;-83,3
2016-09-30 22:00:00;1;2016;-1,0;False;IPV877;4;-600,0
2016-12-31 23:00:00;1;2017;1,2;False;IPV877;1;-220,0
2017-03-31 22:00:00;1;2017;0,3;False;IPV877;2;-75,0
2017-06-30 22:00:00;1;2017;-0,4;False;IPV877;3;-233,3
2017-09-30 22:00:00;1;2017;-0,7;False;IPV877;4;75,0
2017-12-31 23:00:00;1;2018;1,4;False;IPV877;1;-300,0
2018-03-31 22:00:00;1;2018;1,1;False;IPV877;2;-21,4
2018-06-30 22:00:00;1;2018;1,3;False;IPV877;3;18,2
2018-09-30 22:00:00;1;2018;0,1;False;IPV877;4;-92,3
2018-12-31 23:00:00;1;2019;1,5;False;IPV877;1;1400,0
2019-03-31 22:00:00;1;2019;0,9;False;IPV877;2;-40,0
2019-06-30 22:00:00;1;2019;0,5;False;IPV877;3;-44,4
2019-09-30 22:00:00;1;2019;0,1;False;IPV877;4;-80,0
2019-12-31 23:00:00;1;2020;-0,5;False;IPV877;1;-600,0
2020-03-31 22:00:00;1;2020;1,4;False;IPV877;2;-380,0
2020-06-30 22:00:00;1;2020;0,4;False;IPV877;3;-71,4
2020-09-30 22:00:00;1;2020;-0,1;False;IPV877;4;-125,0
2020-12-31 23:00:00;1;2021;-1,4;False;IPV877;1;1300,0
2021-03-31 22:00:00;1;2021;3,6;False;IPV877;2;-357,1
2021-06-30 22:00:00;1;2021;1,0;False;IPV877;3;-72,2
2021-09-30 22:00:00;1;2021;0,9;False;IPV877;4;-10,0
2021-12-31 23:00:00;1;2022;1,6;False;IPV877;1;77,8
2022-03-31 22:00:00;1;2022;2,5;False;IPV877;2;56,2
2022-06-30 22:00:00;1;2022;1,5;False;IPV877;3;-40,0
2022-09-30 22:00:00;1;2022;-1,6;False;IPV877;4;-206,7
2022-12-31 23:00:00;1;2023;-0,8;False;IPV877;1;-50,0
2023-03-31 22:00:00;1;2023;2,9;False;IPV877;2;-462,5
2023-06-30 22:00:00;1;2023;0,6;False;IPV877;3;-79,3
2023-09-30 22:00:00;1;2023;-0,5;False;IPV877;4;-183,3
2023-12-31 23:00:00;1;2024;2,0;False;IPV877;1;-500,0
2024-03-31 22:00:00;1;2024;3,2;False;IPV877;2;60,0
2024-06-30 22:00:00;1;2024;2,1;False;IPV877;3;-34,4
2024-09-30 22:00:00;1;2024;1,1;False;IPV877;4;-47,6
2024-12-31 23:00:00;1;2025;3,6;False;IPV877;1;227,3
2025-03-31 22:00:00;1;2025;4,1;False;IPV877;2;13,9
2025-06-30 22:00:00;1;2025;2,4;False;IPV877;3;-41,5
2025-09-30 22:00:00;1;2025;2,2;False;IPV877;4;-8,3
2006-12-31 23:00:00;1;2007;1,0;False;IPV878;1;0,0
2007-03-31 22:00:00;1;2007;4,5;False;IPV878;2;350,0
2007-06-30 22:00:00;1;2007;5,6;False;IPV878;3;24,4
2007-09-30 22:00:00;1;2007;4,8;False;IPV878;4;-14,3
2007-12-31 23:00:00;1;2008;0,4;False;IPV878;1;-91,7
2008-03-31 22:00:00;1;2008;-2,6;False;IPV878;2;-750,0
2008-06-30 22:00:00;1;2008;-5,9;False;IPV878;3;126,9
2008-09-30 22:00:00;1;2008;-8,1;False;IPV878;4;37,3
2008-12-31 23:00:00;1;2009;-2,5;False;IPV878;1;-69,1
2009-03-31 22:00:00;1;2009;-1,2;False;IPV878;2;-52,0
2009-06-30 22:00:00;1;2009;-2,7;False;IPV878;3;125,0
2009-09-30 22:00:00;1;2009;-2,6;False;IPV878;4;-3,7
2009-12-31 23:00:00;1;2010;-1,8;False;IPV878;1;-30,8
2010-03-31 22:00:00;1;2010;0,0;False;IPV878;2;-100,0
2010-06-30 22:00:00;1;2010;-2,8;False;IPV878;3;-inf
2010-09-30 22:00:00;1;2010;-1,1;False;IPV878;4;-60,7
2010-12-31 23:00:00;1;2011;-6,8;False;IPV878;1;518,2
2011-03-31 22:00:00;1;2011;-7,1;False;IPV878;2;4,4
2011-06-30 22:00:00;1;2011;-9,7;False;IPV878;3;36,6
2011-09-30 22:00:00;1;2011;-14,4;False;IPV878;4;48,5
2011-12-31 23:00:00;1;2012;-5,1;False;IPV878;1;-64,6
2012-03-31 22:00:00;1;2012;-9,2;False;IPV878;2;80,4
2012-06-30 22:00:00;1;2012;-13,0;False;IPV878;3;41,3
2012-09-30 22:00:00;1;2012;-13,9;False;IPV878;4;6,9
2012-12-31 23:00:00;1;2013;-9,4;False;IPV878;1;-32,4
2013-03-31 22:00:00;1;2013;-10,3;False;IPV878;2;9,6
2013-06-30 22:00:00;1;2013;-10,6;False;IPV878;3;2,9
2013-09-30 22:00:00;1;2013;-12,0;False;IPV878;4;13,2
2013-12-31 23:00:00;1;2014;-0,9;False;IPV878;1;-92,5
2014-03-31 22:00:00;1;2014;0,9;False;IPV878;2;-200,0
2014-06-30 22:00:00;1;2014;-0,2;False;IPV878;3;-122,2
2014-09-30 22:00:00;1;2014;0,6;False;IPV878;4;-400,0
2014-12-31 23:00:00;1;2015;-1,4;False;IPV878;1;-333,3
2015-03-31 22:00:00;1;2015;1,6;False;IPV878;2;-214,3
2015-06-30 22:00:00;1;2015;1,0;False;IPV878;3;-37,5
2015-09-30 22:00:00;1;2015;0,6;False;IPV878;4;-40,0
2015-12-31 23:00:00;1;2016;-0,1;False;IPV878;1;-116,7
2016-03-31 22:00:00;1;2016;0,7;False;IPV878;2;-800,0
2016-06-30 22:00:00;1;2016;0,8;False;IPV878;3;14,3
2016-09-30 22:00:00;1;2016;0,6;False;IPV878;4;-25,0
2016-12-31 23:00:00;1;2017;1,1;False;IPV878;1;83,3
2017-03-31 22:00:00;1;2017;1,4;False;IPV878;2;27,3
2017-06-30 22:00:00;1;2017;1,3;False;IPV878;3;-7,1
2017-09-30 22:00:00;1;2017;2,2;False;IPV878;4;69,2
2017-12-31 23:00:00;1;2018;0,7;False;IPV878;1;-68,2
2018-03-31 22:00:00;1;2018;2,7;False;IPV878;2;285,7
2018-06-30 22:00:00;1;2018;4,3;False;IPV878;3;59,3
2018-09-30 22:00:00;1;2018;4,3;False;IPV878;4;0,0
2018-12-31 23:00:00;1;2019;1,0;False;IPV878;1;-76,7
2019-03-31 22:00:00;1;2019;3,1;False;IPV878;2;210,0
2019-06-30 22:00:00;1;2019;3,8;False;IPV878;3;22,6
2019-09-30 22:00:00;1;2019;4,4;False;IPV878;4;15,8
2019-12-31 23:00:00;1;2020;-0,7;False;IPV878;1;-115,9
2020-03-31 22:00:00;1;2020;1,7;False;IPV878;2;-342,9
2020-06-30 22:00:00;1;2020;0,8;False;IPV878;3;-52,9
2020-09-30 22:00:00;1;2020;0,9;False;IPV878;4;12,5
2020-12-31 23:00:00;1;2021;0,2;False;IPV878;1;-77,8
2021-03-31 22:00:00;1;2021;3,2;False;IPV878;2;1500,0
2021-06-30 22:00:00;1;2021;4,2;False;IPV878;3;31,2
2021-09-30 22:00:00;1;2021;5,3;False;IPV878;4;26,2
2021-12-31 23:00:00;1;2022;1,8;False;IPV878;1;-66,0
2022-03-31 22:00:00;1;2022;4,2;False;IPV878;2;133,3
2022-06-30 22:00:00;1;2022;5,9;False;IPV878;3;40,5
2022-09-30 22:00:00;1;2022;3,6;False;IPV878;4;-39,0
2022-12-31 23:00:00;1;2023;-0,2;False;IPV878;1;-105,6
2023-03-31 22:00:00;1;2023;2,2;False;IPV878;2;-1200,0
2023-06-30 22:00:00;1;2023;3,5;False;IPV878;3;59,1
2023-09-30 22:00:00;1;2023;3,2;False;IPV878;4;-8,6
2023-12-31 23:00:00;1;2024;2,2;False;IPV878;1;-31,2
2024-03-31 22:00:00;1;2024;6,1;False;IPV878;2;177,3
2024-06-30 22:00:00;1;2024;8,7;False;IPV878;3;42,6
2024-09-30 22:00:00;1;2024;10,5;False;IPV878;4;20,7
2024-12-31 23:00:00;1;2025;4,0;False;IPV878;1;-61,9
2025-03-31 22:00:00;1;2025;9,0;False;IPV878;2;125,0
2025-06-30 22:00:00;1;2025;12,8;False;IPV878;3;42,2
2025-09-30 22:00:00;1;2025;15,5;False;IPV878;4;21,1
2006-12-31 23:00:00;1;2007;11,6;False;IPV879;1;0,0
2007-03-31 22:00:00;1;2007;10,5;False;IPV879;2;-9,5
2007-06-30 22:00:00;1;2007;8,3;False;IPV879;3;-21,0
2007-09-30 22:00:00;1;2007;4,8;False;IPV879;4;-42,2
2007-12-31 23:00:00;1;2008;4,1;False;IPV879;1;-14,6
2008-03-31 22:00:00;1;2008;-2,3;False;IPV879;2;-156,1
2008-06-30 22:00:00;1;2008;-6,7;False;IPV879;3;191,3
2008-09-30 22:00:00;1;2008;-8,1;False;IPV879;4;20,9
2008-12-31 23:00:00;1;2009;-10,7;False;IPV879;1;32,1
2009-03-31 22:00:00;1;2009;-6,7;False;IPV879;2;-37,4
2009-06-30 22:00:00;1;2009;-5,0;False;IPV879;3;-25,4
2009-09-30 22:00:00;1;2009;-2,6;False;IPV879;4;-48,0
2009-12-31 23:00:00;1;2010;-1,9;False;IPV879;1;-26,9
2010-03-31 22:00:00;1;2010;-1,4;False;IPV879;2;-26,3
2010-06-30 22:00:00;1;2010;-2,7;False;IPV879;3;92,9
2010-09-30 22:00:00;1;2010;-1,1;False;IPV879;4;-59,3
2010-12-31 23:00:00;1;2011;-6,1;False;IPV879;1;454,5
2011-03-31 22:00:00;1;2011;-8,1;False;IPV879;2;32,8
2011-06-30 22:00:00;1;2011;-8,0;False;IPV879;3;-1,2
2011-09-30 22:00:00;1;2011;-14,4;False;IPV879;4;80,0
2011-12-31 23:00:00;1;2012;-12,8;False;IPV879;1;-11,1
2012-03-31 22:00:00;1;2012;-16,4;False;IPV879;2;28,1
2012-06-30 22:00:00;1;2012;-17,5;False;IPV879;3;6,7
2012-09-30 22:00:00;1;2012;-13,9;False;IPV879;4;-20,6
2012-12-31 23:00:00;1;2013;-17,8;False;IPV879;1;28,1
2013-03-31 22:00:00;1;2013;-14,9;False;IPV879;2;-16,3
2013-06-30 22:00:00;1;2013;-11,5;False;IPV879;3;-22,8
2013-09-30 22:00:00;1;2013;-12,0;False;IPV879;4;4,3
2013-12-31 23:00:00;1;2014;-3,8;False;IPV879;1;-68,3
2014-03-31 22:00:00;1;2014;-1,0;False;IPV879;2;-73,7
2014-06-30 22:00:00;1;2014;-1,7;False;IPV879;3;70,0
2014-09-30 22:00:00;1;2014;0,6;False;IPV879;4;-135,3
2014-12-31 23:00:00;1;2015;0,1;False;IPV879;1;-83,3
2015-03-31 22:00:00;1;2015;1,2;False;IPV879;2;1100,0
2015-06-30 22:00:00;1;2015;1,7;False;IPV879;3;41,7
2015-09-30 22:00:00;1;2015;0,6;False;IPV879;4;-64,7
2015-12-31 23:00:00;1;2016;2,0;False;IPV879;1;233,3
2016-03-31 22:00:00;1;2016;-0,3;False;IPV879;2;-115,0
2016-06-30 22:00:00;1;2016;0,4;False;IPV879;3;-233,3
2016-09-30 22:00:00;1;2016;0,6;False;IPV879;4;50,0
2016-12-31 23:00:00;1;2017;1,8;False;IPV879;1;200,0
2017-03-31 22:00:00;1;2017;1,4;False;IPV879;2;-22,2
2017-06-30 22:00:00;1;2017;1,2;False;IPV879;3;-14,3
2017-09-30 22:00:00;1;2017;2,2;False;IPV879;4;83,3
2017-12-31 23:00:00;1;2018;1,9;False;IPV879;1;-13,6
2018-03-31 22:00:00;1;2018;3,5;False;IPV879;2;84,2
2018-06-30 22:00:00;1;2018;5,2;False;IPV879;3;48,6
2018-09-30 22:00:00;1;2018;4,3;False;IPV879;4;-17,3
2018-12-31 23:00:00;1;2019;4,5;False;IPV879;1;4,7
2019-03-31 22:00:00;1;2019;4,7;False;IPV879;2;4,4
2019-06-30 22:00:00;1;2019;3,8;False;IPV879;3;-19,1
2019-09-30 22:00:00;1;2019;4,4;False;IPV879;4;15,8
2019-12-31 23:00:00;1;2020;2,6;False;IPV879;1;-40,9
2020-03-31 22:00:00;1;2020;2,9;False;IPV879;2;11,5
2020-06-30 22:00:00;1;2020;1,3;False;IPV879;3;-55,2
2020-09-30 22:00:00;1;2020;0,9;False;IPV879;4;-30,8
2020-12-31 23:00:00;1;2021;1,9;False;IPV879;1;111,1
2021-03-31 22:00:00;1;2021;2,4;False;IPV879;2;26,3
2021-06-30 22:00:00;1;2021;4,4;False;IPV879;3;83,3
2021-09-30 22:00:00;1;2021;5,3;False;IPV879;4;20,5
2021-12-31 23:00:00;1;2022;6,9;False;IPV879;1;30,2
2022-03-31 22:00:00;1;2022;6,3;False;IPV879;2;-8,7
2022-06-30 22:00:00;1;2022;7,0;False;IPV879;3;11,1
2022-09-30 22:00:00;1;2022;3,6;False;IPV879;4;-48,6
2022-12-31 23:00:00;1;2023;1,6;False;IPV879;1;-55,6
2023-03-31 22:00:00;1;2023;1,7;False;IPV879;2;6,2
2023-06-30 22:00:00;1;2023;1,3;False;IPV879;3;-23,5
2023-09-30 22:00:00;1;2023;3,2;False;IPV879;4;146,2
2023-12-31 23:00:00;1;2024;5,7;False;IPV879;1;78,1
2024-03-31 22:00:00;1;2024;7,2;False;IPV879;2;26,3
2024-06-30 22:00:00;1;2024;8,4;False;IPV879;3;16,7
2024-09-30 22:00:00;1;2024;10,5;False;IPV879;4;25,0
2024-12-31 23:00:00;1;2025;12,5;False;IPV879;1;19,0
2025-03-31 22:00:00;1;2025;13,5;False;IPV879;2;8,0
2025-06-30 22:00:00;1;2025;14,7;False;IPV879;3;8,9
2025-09-30 22:00:00;1;2025;15,5;False;IPV879;4;5,4
2006-12-31 23:00:00;1;2007;1,0;False;IPV880;1;0,0
2007-03-31 22:00:00;1;2007;3,5;False;IPV880;2;250,0
2007-06-30 22:00:00;1;2007;1,1;False;IPV880;3;-68,6
2007-09-30 22:00:00;1;2007;-0,8;False;IPV880;4;-172,7
2007-12-31 23:00:00;1;2008;0,4;False;IPV880;1;-150,0
2008-03-31 22:00:00;1;2008;-3,0;False;IPV880;2;-850,0
2008-06-30 22:00:00;1;2008;-3,4;False;IPV880;3;13,3
2008-09-30 22:00:00;1;2008;-2,3;False;IPV880;4;-32,4
2008-12-31 23:00:00;1;2009;-2,5;False;IPV880;1;8,7
2009-03-31 22:00:00;1;2009;1,4;False;IPV880;2;-156,0
2009-06-30 22:00:00;1;2009;-1,6;False;IPV880;3;-214,3
2009-09-30 22:00:00;1;2009;0,1;False;IPV880;4;-106,2
2009-12-31 23:00:00;1;2010;-1,8;False;IPV880;1;-1900,0
2010-03-31 22:00:00;1;2010;1,9;False;IPV880;2;-205,6
2010-06-30 22:00:00;1;2010;-2,9;False;IPV880;3;-252,6
2010-09-30 22:00:00;1;2010;1,8;False;IPV880;4;-162,1
2010-12-31 23:00:00;1;2011;-6,8;False;IPV880;1;-477,8
2011-03-31 22:00:00;1;2011;-0,3;False;IPV880;2;-95,6
2011-06-30 22:00:00;1;2011;-2,8;False;IPV880;3;833,3
2011-09-30 22:00:00;1;2011;-5,2;False;IPV880;4;85,7
2011-12-31 23:00:00;1;2012;-5,1;False;IPV880;1;-1,9
2012-03-31 22:00:00;1;2012;-4,3;False;IPV880;2;-15,7
2012-06-30 22:00:00;1;2012;-4,2;False;IPV880;3;-2,3
2012-09-30 22:00:00;1;2012;-1,0;False;IPV880;4;-76,2
2012-12-31 23:00:00;1;2013;-9,4;False;IPV880;1;840,0
2013-03-31 22:00:00;1;2013;-1,0;False;IPV880;2;-89,4
2013-06-30 22:00:00;1;2013;-0,3;False;IPV880;3;-70,0
2013-09-30 22:00:00;1;2013;-1,6;False;IPV880;4;433,3
2013-12-31 23:00:00;1;2014;-0,9;False;IPV880;1;-43,8
2014-03-31 22:00:00;1;2014;1,9;False;IPV880;2;-311,1
2014-06-30 22:00:00;1;2014;-1,1;False;IPV880;3;-157,9
2014-09-30 22:00:00;1;2014;0,7;False;IPV880;4;-163,6
2014-12-31 23:00:00;1;2015;-1,4;False;IPV880;1;-300,0
2015-03-31 22:00:00;1;2015;3,1;False;IPV880;2;-321,4
2015-06-30 22:00:00;1;2015;-0,6;False;IPV880;3;-119,4
2015-09-30 22:00:00;1;2015;-0,3;False;IPV880;4;-50,0
2015-12-31 23:00:00;1;2016;-0,1;False;IPV880;1;-66,7
2016-03-31 22:00:00;1;2016;0,8;False;IPV880;2;-900,0
2016-06-30 22:00:00;1;2016;0,1;False;IPV880;3;-87,5
2016-09-30 22:00:00;1;2016;-0,2;False;IPV880;4;-300,0
2016-12-31 23:00:00;1;2017;1,1;False;IPV880;1;-650,0
2017-03-31 22:00:00;1;2017;0,3;False;IPV880;2;-72,7
2017-06-30 22:00:00;1;2017;-0,1;False;IPV880;3;-133,3
2017-09-30 22:00:00;1;2017;0,9;False;IPV880;4;-1000,0
2017-12-31 23:00:00;1;2018;0,7;False;IPV880;1;-22,2
2018-03-31 22:00:00;1;2018;1,9;False;IPV880;2;171,4
2018-06-30 22:00:00;1;2018;1,6;False;IPV880;3;-15,8
2018-09-30 22:00:00;1;2018;0,0;False;IPV880;4;-100,0
2018-12-31 23:00:00;1;2019;1,0;False;IPV880;1;inf
2019-03-31 22:00:00;1;2019;2,1;False;IPV880;2;110,0
2019-06-30 22:00:00;1;2019;0,7;False;IPV880;3;-66,7
2019-09-30 22:00:00;1;2019;0,5;False;IPV880;4;-28,6
2019-12-31 23:00:00;1;2020;-0,7;False;IPV880;1;-240,0
2020-03-31 22:00:00;1;2020;2,4;False;IPV880;2;-442,9
2020-06-30 22:00:00;1;2020;-0,9;False;IPV880;3;-137,5
2020-09-30 22:00:00;1;2020;0,2;False;IPV880;4;-122,2
2020-12-31 23:00:00;1;2021;0,2;False;IPV880;1;0,0
2021-03-31 22:00:00;1;2021;3,0;False;IPV880;2;1400,0
2021-06-30 22:00:00;1;2021;1,0;False;IPV880;3;-66,7
2021-09-30 22:00:00;1;2021;1,1;False;IPV880;4;10,0
2021-12-31 23:00:00;1;2022;1,8;False;IPV880;1;63,6
2022-03-31 22:00:00;1;2022;2,4;False;IPV880;2;33,3
2022-06-30 22:00:00;1;2022;1,6;False;IPV880;3;-33,3
2022-09-30 22:00:00;1;2022;-2,1;False;IPV880;4;-231,2
2022-12-31 23:00:00;1;2023;-0,2;False;IPV880;1;-90,5
2023-03-31 22:00:00;1;2023;2,5;False;IPV880;2;-1350,0
2023-06-30 22:00:00;1;2023;1,2;False;IPV880;3;-52,0
2023-09-30 22:00:00;1;2023;-0,2;False;IPV880;4;-116,7
2023-12-31 23:00:00;1;2024;2,2;False;IPV880;1;-1200,0
2024-03-31 22:00:00;1;2024;3,9;False;IPV880;2;77,3
2024-06-30 22:00:00;1;2024;2,4;False;IPV880;3;-38,5
2024-09-30 22:00:00;1;2024;1,7;False;IPV880;4;-29,2
2024-12-31 23:00:00;1;2025;4,0;False;IPV880;1;135,3
2025-03-31 22:00:00;1;2025;4,8;False;IPV880;2;20,0
2025-06-30 22:00:00;1;2025;3,4;False;IPV880;3;-29,2
2025-09-30 22:00:00;1;2025;2,4;False;IPV880;4;-29,4
2006-12-31 23:00:00;1;2007;3,3;False;IPV881;1;0,0
2007-03-31 22:00:00;1;2007;5,5;False;IPV881;2;66,7
2007-06-30 22:00:00;1;2007;8,6;False;IPV881;3;56,4
2007-09-30 22:00:00;1;2007;12,4;False;IPV881;4;44,2
2007-12-31 23:00:00;1;2008;0,8;False;IPV881;1;-93,5
2008-03-31 22:00:00;1;2008;1,2;False;IPV881;2;50,0
2008-06-30 22:00:00;1;2008;1,6;False;IPV881;3;33,3
2008-09-30 22:00:00;1;2008;1,1;False;IPV881;4;-31,2
2008-12-31 23:00:00;1;2009;0,8;False;IPV881;1;-27,3
2009-03-31 22:00:00;1;2009;0,3;False;IPV881;2;-62,5
2009-06-30 22:00:00;1;2009;-0,7;False;IPV881;3;-333,3
2009-09-30 22:00:00;1;2009;-2,5;False;IPV881;4;257,1
2009-12-31 23:00:00;1;2010;-2,0;False;IPV881;1;-20,0
2010-03-31 22:00:00;1;2010;0,7;False;IPV881;2;-135,0
2010-06-30 22:00:00;1;2010;-2,2;False;IPV881;3;-414,3
2010-09-30 22:00:00;1;2010;-1,5;False;IPV881;4;-31,8
2010-12-31 23:00:00;1;2011;-2,4;False;IPV881;1;60,0
2011-03-31 22:00:00;1;2011;-2,6;False;IPV881;2;8,3
2011-06-30 22:00:00;1;2011;-3,3;False;IPV881;3;26,9
2011-09-30 22:00:00;1;2011;-8,0;False;IPV881;4;142,4
2011-12-31 23:00:00;1;2012;-3,2;False;IPV881;1;-60,0
2012-03-31 22:00:00;1;2012;-7,1;False;IPV881;2;121,9
2012-06-30 22:00:00;1;2012;-10,1;False;IPV881;3;42,3
2012-09-30 22:00:00;1;2012;-10,9;False;IPV881;4;7,9
2012-12-31 23:00:00;1;2013;-7,9;False;IPV881;1;-27,5
2013-03-31 22:00:00;1;2013;-11,2;False;IPV881;2;41,8
2013-06-30 22:00:00;1;2013;-11,0;False;IPV881;3;-1,8
2013-09-30 22:00:00;1;2013;-15,2;False;IPV881;4;38,2
2013-12-31 23:00:00;1;2014;-0,3;False;IPV881;1;-98,0
2014-03-31 22:00:00;1;2014;1,5;False;IPV881;2;-600,0
2014-06-30 22:00:00;1;2014;0,6;False;IPV881;3;-60,0
2014-09-30 22:00:00;1;2014;2,0;False;IPV881;4;233,3
2014-12-31 23:00:00;1;2015;2,0;False;IPV881;1;0,0
2015-03-31 22:00:00;1;2015;1,8;False;IPV881;2;-10,0
2015-06-30 22:00:00;1;2015;0,5;False;IPV881;3;-72,2
2015-09-30 22:00:00;1;2015;2,3;False;IPV881;4;360,0
2015-12-31 23:00:00;1;2016;0,3;False;IPV881;1;-87,0
2016-03-31 22:00:00;1;2016;4,2;False;IPV881;2;1300,0
2016-06-30 22:00:00;1;2016;2,9;False;IPV881;3;-31,0
2016-09-30 22:00:00;1;2016;1,5;False;IPV881;4;-48,3
2016-12-31 23:00:00;1;2017;2,7;False;IPV881;1;80,0
2017-03-31 22:00:00;1;2017;2,8;False;IPV881;2;3,7
2017-06-30 22:00:00;1;2017;2,1;False;IPV881;3;-25,0
2017-09-30 22:00:00;1;2017;2,7;False;IPV881;4;28,6
2017-12-31 23:00:00;1;2018;4,6;False;IPV881;1;70,4
2018-03-31 22:00:00;1;2018;6,3;False;IPV881;2;37,0
2018-06-30 22:00:00;1;2018;8,9;False;IPV881;3;41,3
2018-09-30 22:00:00;1;2018;8,5;False;IPV881;4;-4,5
2018-12-31 23:00:00;1;2019;4,3;False;IPV881;1;-49,4
2019-03-31 22:00:00;1;2019;7,6;False;IPV881;2;76,7
2019-06-30 22:00:00;1;2019;6,4;False;IPV881;3;-15,8
2019-09-30 22:00:00;1;2019;9,7;False;IPV881;4;51,6
2019-12-31 23:00:00;1;2020;0,4;False;IPV881;1;-95,9
2020-03-31 22:00:00;1;2020;1,4;False;IPV881;2;250,0
2020-06-30 22:00:00;1;2020;5,9;False;IPV881;3;321,4
2020-09-30 22:00:00;1;2020;4,2;False;IPV881;4;-28,8
2020-12-31 23:00:00;1;2021;-1,1;False;IPV881;1;-126,2
2021-03-31 22:00:00;1;2021;1,3;False;IPV881;2;-218,2
2021-06-30 22:00:00;1;2021;4,9;False;IPV881;3;276,9
2021-09-30 22:00:00;1;2021;5,7;False;IPV881;4;16,3
2021-12-31 23:00:00;1;2022;2,0;False;IPV881;1;-64,9
2022-03-31 22:00:00;1;2022;2,6;False;IPV881;2;30,0
2022-06-30 22:00:00;1;2022;3,4;False;IPV881;3;30,8
2022-09-30 22:00:00;1;2022;6,3;False;IPV881;4;85,3
2022-12-31 23:00:00;1;2023;2,8;False;IPV881;1;-55,6
2023-03-31 22:00:00;1;2023;5,1;False;IPV881;2;82,1
2023-06-30 22:00:00;1;2023;5,7;False;IPV881;3;11,8
2023-09-30 22:00:00;1;2023;4,7;False;IPV881;4;-17,5
2023-12-31 23:00:00;1;2024;4,6;False;IPV881;1;-2,1
2024-03-31 22:00:00;1;2024;5,8;False;IPV881;2;26,1
2024-06-30 22:00:00;1;2024;6,9;False;IPV881;3;19,0
2024-09-30 22:00:00;1;2024;10,8;False;IPV881;4;56,5
2024-12-31 23:00:00;1;2025;5,9;False;IPV881;1;-45,4
2025-03-31 22:00:00;1;2025;8,6;False;IPV881;2;45,8
2025-06-30 22:00:00;1;2025;9,1;False;IPV881;3;5,8
2025-09-30 22:00:00;1;2025;14,2;False;IPV881;4;56,0
2006-12-31 23:00:00;1;2007;13,9;False;IPV882;1;0,0
2007-03-31 22:00:00;1;2007;13,3;False;IPV882;2;-4,3
2007-06-30 22:00:00;1;2007;12,1;False;IPV882;3;-9,0
2007-09-30 22:00:00;1;2007;12,4;False;IPV882;4;2,5
2007-12-31 23:00:00;1;2008;9,7;False;IPV882;1;-21,8
2008-03-31 22:00:00;1;2008;7,8;False;IPV882;2;-19,6
2008-06-30 22:00:00;1;2008;5,1;False;IPV882;3;-34,6
2008-09-30 22:00:00;1;2008;1,1;False;IPV882;4;-78,4
2008-12-31 23:00:00;1;2009;1,2;False;IPV882;1;9,1
2009-03-31 22:00:00;1;2009;0,2;False;IPV882;2;-83,3
2009-06-30 22:00:00;1;2009;-1,1;False;IPV882;3;-650,0
2009-09-30 22:00:00;1;2009;-2,5;False;IPV882;4;127,3
2009-12-31 23:00:00;1;2010;-5,3;False;IPV882;1;112,0
2010-03-31 22:00:00;1;2010;-2,1;False;IPV882;2;-60,4
2010-06-30 22:00:00;1;2010;-3,9;False;IPV882;3;85,7
2010-09-30 22:00:00;1;2010;-1,5;False;IPV882;4;-61,5
2010-12-31 23:00:00;1;2011;-1,8;False;IPV882;1;20,0
2011-03-31 22:00:00;1;2011;-4,7;False;IPV882;2;161,1
2011-06-30 22:00:00;1;2011;-2,6;False;IPV882;3;-44,7
2011-09-30 22:00:00;1;2011;-8,0;False;IPV882;4;207,7
2011-12-31 23:00:00;1;2012;-8,7;False;IPV882;1;8,7
2012-03-31 22:00:00;1;2012;-12,2;False;IPV882;2;40,2
2012-06-30 22:00:00;1;2012;-14,4;False;IPV882;3;18,0
2012-09-30 22:00:00;1;2012;-10,9;False;IPV882;4;-24,3
2012-12-31 23:00:00;1;2013;-15,2;False;IPV882;1;39,4
2013-03-31 22:00:00;1;2013;-14,9;False;IPV882;2;-2,0
2013-06-30 22:00:00;1;2013;-11,8;False;IPV882;3;-20,8
2013-09-30 22:00:00;1;2013;-15,2;False;IPV882;4;28,8
2013-12-31 23:00:00;1;2014;-8,3;False;IPV882;1;-45,4
2014-03-31 22:00:00;1;2014;-3,1;False;IPV882;2;-62,7
2014-06-30 22:00:00;1;2014;-4,1;False;IPV882;3;32,3
2014-09-30 22:00:00;1;2014;2,0;False;IPV882;4;-148,8
2014-12-31 23:00:00;1;2015;4,4;False;IPV882;1;120,0
2015-03-31 22:00:00;1;2015;2,3;False;IPV882;2;-47,7
2015-06-30 22:00:00;1;2015;1,8;False;IPV882;3;-21,7
2015-09-30 22:00:00;1;2015;2,3;False;IPV882;4;27,8
2015-12-31 23:00:00;1;2016;0,6;False;IPV882;1;-73,9
2016-03-31 22:00:00;1;2016;4,8;False;IPV882;2;700,0
2016-06-30 22:00:00;1;2016;4,9;False;IPV882;3;2,1
2016-09-30 22:00:00;1;2016;1,5;False;IPV882;4;-69,4
2016-12-31 23:00:00;1;2017;3,9;False;IPV882;1;160,0
2017-03-31 22:00:00;1;2017;0,1;False;IPV882;2;-97,4
2017-06-30 22:00:00;1;2017;0,6;False;IPV882;3;500,0
2017-09-30 22:00:00;1;2017;2,7;False;IPV882;4;350,0
2017-12-31 23:00:00;1;2018;4,7;False;IPV882;1;74,1
2018-03-31 22:00:00;1;2018;6,2;False;IPV882;2;31,9
2018-06-30 22:00:00;1;2018;9,7;False;IPV882;3;56,5
2018-09-30 22:00:00;1;2018;8,5;False;IPV882;4;-12,4
2018-12-31 23:00:00;1;2019;8,2;False;IPV882;1;-3,5
2019-03-31 22:00:00;1;2019;9,9;False;IPV882;2;20,7
2019-06-30 22:00:00;1;2019;6,0;False;IPV882;3;-39,4
2019-09-30 22:00:00;1;2019;9,7;False;IPV882;4;61,7
2019-12-31 23:00:00;1;2020;5,5;False;IPV882;1;-43,3
2020-03-31 22:00:00;1;2020;3,4;False;IPV882;2;-38,2
2020-06-30 22:00:00;1;2020;9,2;False;IPV882;3;170,6
2020-09-30 22:00:00;1;2020;4,2;False;IPV882;4;-54,3
2020-12-31 23:00:00;1;2021;2,7;False;IPV882;1;-35,7
2021-03-31 22:00:00;1;2021;4,1;False;IPV882;2;51,9
2021-06-30 22:00:00;1;2021;3,2;False;IPV882;3;-22,0
2021-09-30 22:00:00;1;2021;5,7;False;IPV882;4;78,1
2021-12-31 23:00:00;1;2022;9,0;False;IPV882;1;57,9
2022-03-31 22:00:00;1;2022;7,1;False;IPV882;2;-21,1
2022-06-30 22:00:00;1;2022;4,2;False;IPV882;3;-40,8
2022-09-30 22:00:00;1;2022;6,3;False;IPV882;4;50,0
2022-12-31 23:00:00;1;2023;7,1;False;IPV882;1;12,7
2023-03-31 22:00:00;1;2023;8,9;False;IPV882;2;25,4
2023-06-30 22:00:00;1;2023;8,7;False;IPV882;3;-2,2
2023-09-30 22:00:00;1;2023;4,7;False;IPV882;4;-46,0
2023-12-31 23:00:00;1;2024;6,6;False;IPV882;1;40,4
2024-03-31 22:00:00;1;2024;5,5;False;IPV882;2;-16,7
2024-06-30 22:00:00;1;2024;5,9;False;IPV882;3;7,3
2024-09-30 22:00:00;1;2024;10,8;False;IPV882;4;83,1
2024-12-31 23:00:00;1;2025;12,1;False;IPV882;1;12,0
2025-03-31 22:00:00;1;2025;13,7;False;IPV882;2;13,2
2025-06-30 22:00:00;1;2025;13,1;False;IPV882;3;-4,4
2025-09-30 22:00:00;1;2025;14,2;False;IPV882;4;8,4
2006-12-31 23:00:00;1;2007;3,3;False;IPV883;1;0,0
2007-03-31 22:00:00;1;2007;2,1;False;IPV883;2;-36,4
2007-06-30 22:00:00;1;2007;3,0;False;IPV883;3;42,9
2007-09-30 22:00:00;1;2007;3,5;False;IPV883;4;16,7
2007-12-31 23:00:00;1;2008;0,8;False;IPV883;1;-77,1
2008-03-31 22:00:00;1;2008;0,4;False;IPV883;2;-50,0
2008-06-30 22:00:00;1;2008;0,4;False;IPV883;3;0,0
2008-09-30 22:00:00;1;2008;-0,4;False;IPV883;4;-200,0
2008-12-31 23:00:00;1;2009;0,8;False;IPV883;1;-300,0
2009-03-31 22:00:00;1;2009;-0,6;False;IPV883;2;-175,0
2009-06-30 22:00:00;1;2009;-1,0;False;IPV883;3;66,7
2009-09-30 22:00:00;1;2009;-1,8;False;IPV883;4;80,0
2009-12-31 23:00:00;1;2010;-2,0;False;IPV883;1;11,1
2010-03-31 22:00:00;1;2010;2,8;False;IPV883;2;-240,0
2010-06-30 22:00:00;1;2010;-2,9;False;IPV883;3;-203,6
2010-09-30 22:00:00;1;2010;0,7;False;IPV883;4;-124,1
2010-12-31 23:00:00;1;2011;-2,4;False;IPV883;1;-442,9
2011-03-31 22:00:00;1;2011;-0,2;False;IPV883;2;-91,7
2011-06-30 22:00:00;1;2011;-0,8;False;IPV883;3;300,0
2011-09-30 22:00:00;1;2011;-4,8;False;IPV883;4;500,0
2011-12-31 23:00:00;1;2012;-3,2;False;IPV883;1;-33,3
2012-03-31 22:00:00;1;2012;-4,0;False;IPV883;2;25,0
2012-06-30 22:00:00;1;2012;-3,3;False;IPV883;3;-17,5
2012-09-30 22:00:00;1;2012;-0,9;False;IPV883;4;-72,7
2012-12-31 23:00:00;1;2013;-7,9;False;IPV883;1;777,8
2013-03-31 22:00:00;1;2013;-3,6;False;IPV883;2;-54,4
2013-06-30 22:00:00;1;2013;0,2;False;IPV883;3;-105,6
2013-09-30 22:00:00;1;2013;-4,8;False;IPV883;4;-2500,0
2013-12-31 23:00:00;1;2014;-0,3;False;IPV883;1;-93,8
2014-03-31 22:00:00;1;2014;1,8;False;IPV883;2;-700,0
2014-06-30 22:00:00;1;2014;-0,9;False;IPV883;3;-150,0
2014-09-30 22:00:00;1;2014;1,4;False;IPV883;4;-255,6
2014-12-31 23:00:00;1;2015;2,0;False;IPV883;1;42,9
2015-03-31 22:00:00;1;2015;-0,3;False;IPV883;2;-115,0
2015-06-30 22:00:00;1;2015;-1,3;False;IPV883;3;333,3
2015-09-30 22:00:00;1;2015;1,9;False;IPV883;4;-246,2
2015-12-31 23:00:00;1;2016;0,3;False;IPV883;1;-84,2
2016-03-31 22:00:00;1;2016;3,9;False;IPV883;2;1200,0
2016-06-30 22:00:00;1;2016;-1,2;False;IPV883;3;-130,8
2016-09-30 22:00:00;1;2016;-1,4;False;IPV883;4;16,7
2016-12-31 23:00:00;1;2017;2,7;False;IPV883;1;-292,9
2017-03-31 22:00:00;1;2017;0,1;False;IPV883;2;-96,3
2017-06-30 22:00:00;1;2017;-0,7;False;IPV883;3;-800,0
2017-09-30 22:00:00;1;2017;0,7;False;IPV883;4;-200,0
2017-12-31 23:00:00;1;2018;4,6;False;IPV883;1;557,1
2018-03-31 22:00:00;1;2018;1,6;False;IPV883;2;-65,2
2018-06-30 22:00:00;1;2018;2,5;False;IPV883;3;56,2
2018-09-30 22:00:00;1;2018;-0,4;False;IPV883;4;-116,0
2018-12-31 23:00:00;1;2019;4,3;False;IPV883;1;-1175,0
2019-03-31 22:00:00;1;2019;3,1;False;IPV883;2;-27,9
2019-06-30 22:00:00;1;2019;-1,1;False;IPV883;3;-135,5
2019-09-30 22:00:00;1;2019;3,1;False;IPV883;4;-381,8
2019-12-31 23:00:00;1;2020;0,4;False;IPV883;1;-87,1
2020-03-31 22:00:00;1;2020;1,1;False;IPV883;2;175,0
2020-06-30 22:00:00;1;2020;4,4;False;IPV883;3;300,0
2020-09-30 22:00:00;1;2020;-1,6;False;IPV883;4;-136,4
2020-12-31 23:00:00;1;2021;-1,1;False;IPV883;1;-31,2
2021-03-31 22:00:00;1;2021;2,4;False;IPV883;2;-318,2
2021-06-30 22:00:00;1;2021;3,6;False;IPV883;3;50,0
2021-09-30 22:00:00;1;2021;0,8;False;IPV883;4;-77,8
2021-12-31 23:00:00;1;2022;2,0;False;IPV883;1;150,0
2022-03-31 22:00:00;1;2022;0,6;False;IPV883;2;-70,0
2022-06-30 22:00:00;1;2022;0,8;False;IPV883;3;33,3
2022-09-30 22:00:00;1;2022;2,8;False;IPV883;4;250,0
2022-12-31 23:00:00;1;2023;2,8;False;IPV883;1;0,0
2023-03-31 22:00:00;1;2023;2,2;False;IPV883;2;-21,4
2023-06-30 22:00:00;1;2023;0,6;False;IPV883;3;-72,7
2023-09-30 22:00:00;1;2023;-0,9;False;IPV883;4;-250,0
2023-12-31 23:00:00;1;2024;4,6;False;IPV883;1;-611,1
2024-03-31 22:00:00;1;2024;1,2;False;IPV883;2;-73,9
2024-06-30 22:00:00;1;2024;1,1;False;IPV883;3;-8,3
2024-09-30 22:00:00;1;2024;3,6;False;IPV883;4;227,3
2024-12-31 23:00:00;1;2025;5,9;False;IPV883;1;63,9
2025-03-31 22:00:00;1;2025;2,6;False;IPV883;2;-55,9
2025-06-30 22:00:00;1;2025;0,5;False;IPV883;3;-80,8
2025-09-30 22:00:00;1;2025;4,7;False;IPV883;4;840,0
2006-12-31 23:00:00;1;2007;2,3;False;IPV884;1;0,0
2007-03-31 22:00:00;1;2007;5,1;False;IPV884;2;121,7
2007-06-30 22:00:00;1;2007;7,4;False;IPV884;3;45,1
2007-09-30 22:00:00;1;2007;9,3;False;IPV884;4;25,7
2007-12-31 23:00:00;1;2008;0,6;False;IPV884;1;-93,5
2008-03-31 22:00:00;1;2008;-0,3;False;IPV884;2;-150,0
2008-06-30 22:00:00;1;2008;-1,4;False;IPV884;3;366,7
2008-09-30 22:00:00;1;2008;-2,5;False;IPV884;4;78,6
2008-12-31 23:00:00;1;2009;-0,2;False;IPV884;1;-92,0
2009-03-31 22:00:00;1;2009;-0,2;False;IPV884;2;0,0
2009-06-30 22:00:00;1;2009;-1,4;False;IPV884;3;600,0
2009-09-30 22:00:00;1;2009;-2,5;False;IPV884;4;78,6
2009-12-31 23:00:00;1;2010;-2,0;False;IPV884;1;-20,0
2010-03-31 22:00:00;1;2010;0,5;False;IPV884;2;-125,0
2010-06-30 22:00:00;1;2010;-2,4;False;IPV884;3;-580,0
2010-09-30 22:00:00;1;2010;-1,3;False;IPV884;4;-45,8
2010-12-31 23:00:00;1;2011;-4,1;False;IPV884;1;215,4
2011-03-31 22:00:00;1;2011;-4,3;False;IPV884;2;4,9
2011-06-30 22:00:00;1;2011;-5,8;False;IPV884;3;34,9
2011-09-30 22:00:00;1;2011;-10,5;False;IPV884;4;81,0
2011-12-31 23:00:00;1;2012;-4,1;False;IPV884;1;-61,0
2012-03-31 22:00:00;1;2012;-8,1;False;IPV884;2;97,6
2012-06-30 22:00:00;1;2012;-11,5;False;IPV884;3;42,0
2012-09-30 22:00:00;1;2012;-12,4;False;IPV884;4;7,8
2012-12-31 23:00:00;1;2013;-8,8;False;IPV884;1;-29,0
2013-03-31 22:00:00;1;2013;-10,6;False;IPV884;2;20,5
2013-06-30 22:00:00;1;2013;-10,7;False;IPV884;3;0,9
2013-09-30 22:00:00;1;2013;-13,2;False;IPV884;4;23,4
2013-12-31 23:00:00;1;2014;-0,8;False;IPV884;1;-93,9
2014-03-31 22:00:00;1;2014;1,0;False;IPV884;2;-225,0
2014-06-30 22:00:00;1;2014;0,0;False;IPV884;3;-100,0
2014-09-30 22:00:00;1;2014;0,8;False;IPV884;4;inf
2014-12-31 23:00:00;1;2015;-0,8;False;IPV884;1;-200,0
2015-03-31 22:00:00;1;2015;1,6;False;IPV884;2;-300,0
2015-06-30 22:00:00;1;2015;0,9;False;IPV884;3;-43,8
2015-09-30 22:00:00;1;2015;0,9;False;IPV884;4;0,0
2015-12-31 23:00:00;1;2016;0,0;False;IPV884;1;-100,0
2016-03-31 22:00:00;1;2016;1,2;False;IPV884;2;inf
2016-06-30 22:00:00;1;2016;1,1;False;IPV884;3;-8,3
2016-09-30 22:00:00;1;2016;0,8;False;IPV884;4;-27,3
2016-12-31 23:00:00;1;2017;1,3;False;IPV884;1;62,5
2017-03-31 22:00:00;1;2017;1,6;False;IPV884;2;23,1
2017-06-30 22:00:00;1;2017;1,4;False;IPV884;3;-12,5
2017-09-30 22:00:00;1;2017;2,3;False;IPV884;4;64,3
2017-12-31 23:00:00;1;2018;1,2;False;IPV884;1;-47,8
2018-03-31 22:00:00;1;2018;3,1;False;IPV884;2;158,3
2018-06-30 22:00:00;1;2018;4,8;False;IPV884;3;54,8
2018-09-30 22:00:00;1;2018;4,7;False;IPV884;4;-2,1
2018-12-31 23:00:00;1;2019;1,4;False;IPV884;1;-70,2
2019-03-31 22:00:00;1;2019;3,6;False;IPV884;2;157,1
2019-06-30 22:00:00;1;2019;4,1;False;IPV884;3;13,9
2019-09-30 22:00:00;1;2019;5,0;False;IPV884;4;22,0
2019-12-31 23:00:00;1;2020;-0,6;False;IPV884;1;-112,0
2020-03-31 22:00:00;1;2020;1,6;False;IPV884;2;-366,7
2020-06-30 22:00:00;1;2020;1,4;False;IPV884;3;-12,5
2020-09-30 22:00:00;1;2020;1,3;False;IPV884;4;-7,1
2020-12-31 23:00:00;1;2021;0,0;False;IPV884;1;-100,0
2021-03-31 22:00:00;1;2021;2,9;False;IPV884;2;inf
2021-06-30 22:00:00;1;2021;4,3;False;IPV884;3;48,3
2021-09-30 22:00:00;1;2021;5,4;False;IPV884;4;25,6
2021-12-31 23:00:00;1;2022;1,8;False;IPV884;1;-66,7
2022-03-31 22:00:00;1;2022;3,9;False;IPV884;2;116,7
2022-06-30 22:00:00;1;2022;5,5;False;IPV884;3;41,0
2022-09-30 22:00:00;1;2022;4,1;False;IPV884;4;-25,5
2022-12-31 23:00:00;1;2023;0,3;False;IPV884;1;-92,7
2023-03-31 22:00:00;1;2023;2,7;False;IPV884;2;800,0
2023-06-30 22:00:00;1;2023;3,8;False;IPV884;3;40,7
2023-09-30 22:00:00;1;2023;3,5;False;IPV884;4;-7,9
2023-12-31 23:00:00;1;2024;2,6;False;IPV884;1;-25,7
2024-03-31 22:00:00;1;2024;6,1;False;IPV884;2;134,6
2024-06-30 22:00:00;1;2024;8,4;False;IPV884;3;37,7
2024-09-30 22:00:00;1;2024;10,6;False;IPV884;4;26,2
2024-12-31 23:00:00;1;2025;4,4;False;IPV884;1;-58,5
2025-03-31 22:00:00;1;2025;9,0;False;IPV884;2;104,5
2025-06-30 22:00:00;1;2025;12,1;False;IPV884;3;34,4
2025-09-30 22:00:00;1;2025;15,3;False;IPV884;4;26,4
2006-12-31 23:00:00;1;2007;13,0;False;IPV885;1;0,0
2007-03-31 22:00:00;1;2007;12,1;False;IPV885;2;-6,9
2007-06-30 22:00:00;1;2007;10,5;False;IPV885;3;-13,2
2007-09-30 22:00:00;1;2007;9,3;False;IPV885;4;-11,4
2007-12-31 23:00:00;1;2008;7,4;False;IPV885;1;-20,4
2008-03-31 22:00:00;1;2008;3,7;False;IPV885;2;-50,0
2008-06-30 22:00:00;1;2008;0,3;False;IPV885;3;-91,9
2008-09-30 22:00:00;1;2008;-2,5;False;IPV885;4;-933,3
2008-12-31 23:00:00;1;2009;-3,3;False;IPV885;1;32,0
2009-03-31 22:00:00;1;2009;-2,4;False;IPV885;2;-27,3
2009-06-30 22:00:00;1;2009;-2,5;False;IPV885;3;4,2
2009-09-30 22:00:00;1;2009;-2,5;False;IPV885;4;0,0
2009-12-31 23:00:00;1;2010;-4,2;False;IPV885;1;68,0
2010-03-31 22:00:00;1;2010;-1,9;False;IPV885;2;-54,8
2010-06-30 22:00:00;1;2010;-3,6;False;IPV885;3;89,5
2010-09-30 22:00:00;1;2010;-1,3;False;IPV885;4;-63,9
2010-12-31 23:00:00;1;2011;-3,5;False;IPV885;1;169,2
2011-03-31 22:00:00;1;2011;-6,0;False;IPV885;2;71,4
2011-06-30 22:00:00;1;2011;-4,8;False;IPV885;3;-20,0
2011-09-30 22:00:00;1;2011;-10,5;False;IPV885;4;118,8
2011-12-31 23:00:00;1;2012;-10,5;False;IPV885;1;0,0
2012-03-31 22:00:00;1;2012;-14,0;False;IPV885;2;33,3
2012-06-30 22:00:00;1;2012;-15,9;False;IPV885;3;13,6
2012-09-30 22:00:00;1;2012;-12,4;False;IPV885;4;-22,0
2012-12-31 23:00:00;1;2013;-16,6;False;IPV885;1;33,9
2013-03-31 22:00:00;1;2013;-14,8;False;IPV885;2;-10,8
2013-06-30 22:00:00;1;2013;-11,6;False;IPV885;3;-21,6
2013-09-30 22:00:00;1;2013;-13,2;False;IPV885;4;13,8
2013-12-31 23:00:00;1;2014;-5,6;False;IPV885;1;-57,6
2014-03-31 22:00:00;1;2014;-1,9;False;IPV885;2;-66,1
2014-06-30 22:00:00;1;2014;-2,8;False;IPV885;3;47,4
2014-09-30 22:00:00;1;2014;0,8;False;IPV885;4;-128,6
2014-12-31 23:00:00;1;2015;0,8;False;IPV885;1;0,0
2015-03-31 22:00:00;1;2015;1,4;False;IPV885;2;75,0
2015-06-30 22:00:00;1;2015;1,7;False;IPV885;3;21,4
2015-09-30 22:00:00;1;2015;0,9;False;IPV885;4;-47,1
2015-12-31 23:00:00;1;2016;1,7;False;IPV885;1;88,9
2016-03-31 22:00:00;1;2016;0,5;False;IPV885;2;-70,6
2016-06-30 22:00:00;1;2016;1,2;False;IPV885;3;140,0
2016-09-30 22:00:00;1;2016;0,8;False;IPV885;4;-33,3
2016-12-31 23:00:00;1;2017;2,1;False;IPV885;1;162,5
2017-03-31 22:00:00;1;2017;1,1;False;IPV885;2;-47,6
2017-06-30 22:00:00;1;2017;1,1;False;IPV885;3;0,0
2017-09-30 22:00:00;1;2017;2,3;False;IPV885;4;109,1
2017-12-31 23:00:00;1;2018;2,2;False;IPV885;1;-4,3
2018-03-31 22:00:00;1;2018;3,8;False;IPV885;2;72,7
2018-06-30 22:00:00;1;2018;5,7;False;IPV885;3;50,0
2018-09-30 22:00:00;1;2018;4,7;False;IPV885;4;-17,5
2018-12-31 23:00:00;1;2019;4,9;False;IPV885;1;4,3
2019-03-31 22:00:00;1;2019;5,3;False;IPV885;2;8,2
2019-06-30 22:00:00;1;2019;4,1;False;IPV885;3;-22,6
2019-09-30 22:00:00;1;2019;5,0;False;IPV885;4;22,0
2019-12-31 23:00:00;1;2020;2,9;False;IPV885;1;-42,0
2020-03-31 22:00:00;1;2020;3,0;False;IPV885;2;3,4
2020-06-30 22:00:00;1;2020;2,2;False;IPV885;3;-26,7
2020-09-30 22:00:00;1;2020;1,3;False;IPV885;4;-40,9
2020-12-31 23:00:00;1;2021;2,0;False;IPV885;1;53,8
2021-03-31 22:00:00;1;2021;2,6;False;IPV885;2;30,0
2021-06-30 22:00:00;1;2021;4,2;False;IPV885;3;61,5
2021-09-30 22:00:00;1;2021;5,4;False;IPV885;4;28,6
2021-12-31 23:00:00;1;2022;7,2;False;IPV885;1;33,3
2022-03-31 22:00:00;1;2022;6,4;False;IPV885;2;-11,1
2022-06-30 22:00:00;1;2022;6,6;False;IPV885;3;3,1
2022-09-30 22:00:00;1;2022;4,1;False;IPV885;4;-37,9
2022-12-31 23:00:00;1;2023;2,5;False;IPV885;1;-39,0
2023-03-31 22:00:00;1;2023;2,8;False;IPV885;2;12,0
2023-06-30 22:00:00;1;2023;2,5;False;IPV885;3;-10,7
2023-09-30 22:00:00;1;2023;3,5;False;IPV885;4;40,0
2023-12-31 23:00:00;1;2024;5,9;False;IPV885;1;68,6
2024-03-31 22:00:00;1;2024;6,9;False;IPV885;2;16,9
2024-06-30 22:00:00;1;2024;8,0;False;IPV885;3;15,9
2024-09-30 22:00:00;1;2024;10,6;False;IPV885;4;32,5
2024-12-31 23:00:00;1;2025;12,4;False;IPV885;1;17,0
2025-03-31 22:00:00;1;2025;13,6;False;IPV885;2;9,7
2025-06-30 22:00:00;1;2025;14,4;False;IPV885;3;5,9
2025-09-30 22:00:00;1;2025;15,3;False;IPV885;4;6,2
2006-12-31 23:00:00;1;2007;2,3;False;IPV886;1;0,0
2007-03-31 22:00:00;1;2007;2,7;False;IPV886;2;17,4
2007-06-30 22:00:00;1;2007;2,2;False;IPV886;3;-18,5
2007-09-30 22:00:00;1;2007;1,7;False;IPV886;4;-22,7
2007-12-31 23:00:00;1;2008;0,6;False;IPV886;1;-64,7
2008-03-31 22:00:00;1;2008;-0,9;False;IPV886;2;-250,0
2008-06-30 22:00:00;1;2008;-1,1;False;IPV886;3;22,2
2008-09-30 22:00:00;1;2008;-1,1;False;IPV886;4;0,0
2008-12-31 23:00:00;1;2009;-0,2;False;IPV886;1;-81,8
2009-03-31 22:00:00;1;2009;0,0;False;IPV886;2;-100,0
2009-06-30 22:00:00;1;2009;-1,2;False;IPV886;3;-inf
2009-09-30 22:00:00;1;2009;-1,2;False;IPV886;4;0,0
2009-12-31 23:00:00;1;2010;-2,0;False;IPV886;1;66,7
2010-03-31 22:00:00;1;2010;2,5;False;IPV886;2;-225,0
2010-06-30 22:00:00;1;2010;-2,9;False;IPV886;3;-216,0
2010-09-30 22:00:00;1;2010;1,1;False;IPV886;4;-137,9
2010-12-31 23:00:00;1;2011;-4,1;False;IPV886;1;-472,7
2011-03-31 22:00:00;1;2011;-0,2;False;IPV886;2;-95,1
2011-06-30 22:00:00;1;2011;-1,6;False;IPV886;3;700,0
2011-09-30 22:00:00;1;2011;-4,9;False;IPV886;4;206,2
2011-12-31 23:00:00;1;2012;-4,1;False;IPV886;1;-16,3
2012-03-31 22:00:00;1;2012;-4,2;False;IPV886;2;2,4
2012-06-30 22:00:00;1;2012;-3,7;False;IPV886;3;-11,9
2012-09-30 22:00:00;1;2012;-1,0;False;IPV886;4;-73,0
2012-12-31 23:00:00;1;2013;-8,8;False;IPV886;1;780,0
2013-03-31 22:00:00;1;2013;-2,0;False;IPV886;2;-77,3
2013-06-30 22:00:00;1;2013;-0,1;False;IPV886;3;-95,0
2013-09-30 22:00:00;1;2013;-2,8;False;IPV886;4;2700,0
2013-12-31 23:00:00;1;2014;-0,8;False;IPV886;1;-71,4
2014-03-31 22:00:00;1;2014;1,9;False;IPV886;2;-337,5
2014-06-30 22:00:00;1;2014;-1,0;False;IPV886;3;-152,6
2014-09-30 22:00:00;1;2014;0,9;False;IPV886;4;-190,0
2014-12-31 23:00:00;1;2015;-0,8;False;IPV886;1;-188,9
2015-03-31 22:00:00;1;2015;2,4;False;IPV886;2;-400,0
2015-06-30 22:00:00;1;2015;-0,7;False;IPV886;3;-129,2
2015-09-30 22:00:00;1;2015;0,1;False;IPV886;4;-114,3
2015-12-31 23:00:00;1;2016;0,0;False;IPV886;1;-100,0
2016-03-31 22:00:00;1;2016;1,3;False;IPV886;2;inf
2016-06-30 22:00:00;1;2016;-0,1;False;IPV886;3;-107,7
2016-09-30 22:00:00;1;2016;-0,4;False;IPV886;4;300,0
2016-12-31 23:00:00;1;2017;1,3;False;IPV886;1;-425,0
2017-03-31 22:00:00;1;2017;0,3;False;IPV886;2;-76,9
2017-06-30 22:00:00;1;2017;-0,1;False;IPV886;3;-133,3
2017-09-30 22:00:00;1;2017;0,8;False;IPV886;4;-900,0
2017-12-31 23:00:00;1;2018;1,2;False;IPV886;1;50,0
2018-03-31 22:00:00;1;2018;1,9;False;IPV886;2;58,3
2018-06-30 22:00:00;1;2018;1,7;False;IPV886;3;-10,5
2018-09-30 22:00:00;1;2018;-0,1;False;IPV886;4;-105,9
2018-12-31 23:00:00;1;2019;1,4;False;IPV886;1;-1500,0
2019-03-31 22:00:00;1;2019;2,2;False;IPV886;2;57,1
2019-06-30 22:00:00;1;2019;0,5;False;IPV886;3;-77,3
2019-09-30 22:00:00;1;2019;0,8;False;IPV886;4;60,0
2019-12-31 23:00:00;1;2020;-0,6;False;IPV886;1;-175,0
2020-03-31 22:00:00;1;2020;2,3;False;IPV886;2;-483,3
2020-06-30 22:00:00;1;2020;-0,2;False;IPV886;3;-108,7
2020-09-30 22:00:00;1;2020;-0,1;False;IPV886;4;-50,0
2020-12-31 23:00:00;1;2021;0,0;False;IPV886;1;-100,0
2021-03-31 22:00:00;1;2021;2,9;False;IPV886;2;inf
2021-06-30 22:00:00;1;2021;1,4;False;IPV886;3;-51,7
2021-09-30 22:00:00;1;2021;1,0;False;IPV886;4;-28,6
2021-12-31 23:00:00;1;2022;1,8;False;IPV886;1;80,0
2022-03-31 22:00:00;1;2022;2,1;False;IPV886;2;16,7
2022-06-30 22:00:00;1;2022;1,5;False;IPV886;3;-28,6
2022-09-30 22:00:00;1;2022;-1,3;False;IPV886;4;-186,7
2022-12-31 23:00:00;1;2023;0,3;False;IPV886;1;-123,1
2023-03-31 22:00:00;1;2023;2,4;False;IPV886;2;700,0
2023-06-30 22:00:00;1;2023;1,1;False;IPV886;3;-54,2
2023-09-30 22:00:00;1;2023;-0,3;False;IPV886;4;-127,3
2023-12-31 23:00:00;1;2024;2,6;False;IPV886;1;-966,7
2024-03-31 22:00:00;1;2024;3,4;False;IPV886;2;30,8
2024-06-30 22:00:00;1;2024;2,2;False;IPV886;3;-35,3
2024-09-30 22:00:00;1;2024;2,0;False;IPV886;4;-9,1
2024-12-31 23:00:00;1;2025;4,4;False;IPV886;1;120,0
2025-03-31 22:00:00;1;2025;4,4;False;IPV886;2;0,0
2025-06-30 22:00:00;1;2025;2,9;False;IPV886;3;-34,1
2025-09-30 22:00:00;1;2025;2,8;False;IPV886;4;-3,4
2006-12-31 23:00:00;1;2007;1,2;False;IPV887;1;0,0
2007-03-31 22:00:00;1;2007;4,0;False;IPV887;2;233,3
2007-06-30 22:00:00;1;2007;4,2;False;IPV887;3;5,0
2007-09-30 22:00:00;1;2007;3,0;False;IPV887;4;-28,6
2007-12-31 23:00:00;1;2008;-0,3;False;IPV887;1;-110,0
2008-03-31 22:00:00;1;2008;-2,7;False;IPV887;2;800,0
2008-06-30 22:00:00;1;2008;-5,3;False;IPV887;3;96,3
2008-09-30 22:00:00;1;2008;-8,5;False;IPV887;4;60,4
2008-12-31 23:00:00;1;2009;-4,3;False;IPV887;1;-49,4
2009-03-31 22:00:00;1;2009;-4,8;False;IPV887;2;11,6
2009-06-30 22:00:00;1;2009;-4,6;False;IPV887;3;-4,2
2009-09-30 22:00:00;1;2009;-4,1;False;IPV887;4;-10,9
2009-12-31 23:00:00;1;2010;-1,2;False;IPV887;1;-70,7
2010-03-31 22:00:00;1;2010;-0,1;False;IPV887;2;-91,7
2010-06-30 22:00:00;1;2010;-4,0;False;IPV887;3;3900,0
2010-09-30 22:00:00;1;2010;-3,8;False;IPV887;4;-5,0
2010-12-31 23:00:00;1;2011;-5,2;False;IPV887;1;36,8
2011-03-31 22:00:00;1;2011;-6,8;False;IPV887;2;30,8
2011-06-30 22:00:00;1;2011;-12,0;False;IPV887;3;76,5
2011-09-30 22:00:00;1;2011;-13,3;False;IPV887;4;10,8
2011-12-31 23:00:00;1;2012;-6,3;False;IPV887;1;-52,6
2012-03-31 22:00:00;1;2012;-9,8;False;IPV887;2;55,6
2012-06-30 22:00:00;1;2012;-13,6;False;IPV887;3;38,8
2012-09-30 22:00:00;1;2012;-14,7;False;IPV887;4;8,1
2012-12-31 23:00:00;1;2013;-8,0;False;IPV887;1;-45,6
2013-03-31 22:00:00;1;2013;-7,3;False;IPV887;2;-8,8
2013-06-30 22:00:00;1;2013;-6,7;False;IPV887;3;-8,2
2013-09-30 22:00:00;1;2013;-6,1;False;IPV887;4;-9,0
2013-12-31 23:00:00;1;2014;-1,8;False;IPV887;1;-70,5
2014-03-31 22:00:00;1;2014;-1,8;False;IPV887;2;0,0
2014-06-30 22:00:00;1;2014;-0,5;False;IPV887;3;-72,2
2014-09-30 22:00:00;1;2014;1,4;False;IPV887;4;-380,0
2014-12-31 23:00:00;1;2015;-3,7;False;IPV887;1;-364,3
2015-03-31 22:00:00;1;2015;1,6;False;IPV887;2;-143,2
2015-06-30 22:00:00;1;2015;2,5;False;IPV887;3;56,2
2015-09-30 22:00:00;1;2015;1,2;False;IPV887;4;-52,0
2015-12-31 23:00:00;1;2016;-0,3;False;IPV887;1;-125,0
2016-03-31 22:00:00;1;2016;1,7;False;IPV887;2;-666,7
2016-06-30 22:00:00;1;2016;1,6;False;IPV887;3;-5,9
2016-09-30 22:00:00;1;2016;2,6;False;IPV887;4;62,5
2016-12-31 23:00:00;1;2017;0,4;False;IPV887;1;-84,6
2017-03-31 22:00:00;1;2017;3,6;False;IPV887;2;800,0
2017-06-30 22:00:00;1;2017;4,2;False;IPV887;3;16,7
2017-09-30 22:00:00;1;2017;4,6;False;IPV887;4;9,5
2017-12-31 23:00:00;1;2018;2,0;False;IPV887;1;-56,5
2018-03-31 22:00:00;1;2018;5,5;False;IPV887;2;175,0
2018-06-30 22:00:00;1;2018;5,5;False;IPV887;3;0,0
2018-09-30 22:00:00;1;2018;6,3;False;IPV887;4;14,5
2018-12-31 23:00:00;1;2019;0,6;False;IPV887;1;-90,5
2019-03-31 22:00:00;1;2019;1,1;False;IPV887;2;83,3
2019-06-30 22:00:00;1;2019;1,7;False;IPV887;3;54,5
2019-09-30 22:00:00;1;2019;2,2;False;IPV887;4;29,4
2019-12-31 23:00:00;1;2020;-0,3;False;IPV887;1;-113,6
2020-03-31 22:00:00;1;2020;-0,5;False;IPV887;2;66,7
2020-06-30 22:00:00;1;2020;-0,4;False;IPV887;3;-20,0
2020-09-30 22:00:00;1;2020;0,2;False;IPV887;4;-150,0
2020-12-31 23:00:00;1;2021;1,2;False;IPV887;1;500,0
2021-03-31 22:00:00;1;2021;4,7;False;IPV887;2;291,7
2021-06-30 22:00:00;1;2021;6,9;False;IPV887;3;46,8
2021-09-30 22:00:00;1;2021;7,9;False;IPV887;4;14,5
2021-12-31 23:00:00;1;2022;4,0;False;IPV887;1;-49,4
2022-03-31 22:00:00;1;2022;7,0;False;IPV887;2;75,0
2022-06-30 22:00:00;1;2022;8,5;False;IPV887;3;21,4
2022-09-30 22:00:00;1;2022;8,3;False;IPV887;4;-2,4
2022-12-31 23:00:00;1;2023;0,6;False;IPV887;1;-92,8
2023-03-31 22:00:00;1;2023;2,3;False;IPV887;2;283,3
2023-06-30 22:00:00;1;2023;4,9;False;IPV887;3;113,0
2023-09-30 22:00:00;1;2023;3,7;False;IPV887;4;-24,5
2023-12-31 23:00:00;1;2024;2,8;False;IPV887;1;-24,3
2024-03-31 22:00:00;1;2024;6,2;False;IPV887;2;121,4
2024-06-30 22:00:00;1;2024;9,6;False;IPV887;3;54,8
2024-09-30 22:00:00;1;2024;11,5;False;IPV887;4;19,8
2024-12-31 23:00:00;1;2025;2,1;False;IPV887;1;-81,7
2025-03-31 22:00:00;1;2025;6,3;False;IPV887;2;200,0
2025-06-30 22:00:00;1;2025;11,4;False;IPV887;3;81,0
2025-09-30 22:00:00;1;2025;14,1;False;IPV887;4;23,7
2006-12-31 23:00:00;1;2007;12,6;False;IPV888;1;0,0
2007-03-31 22:00:00;1;2007;10,5;False;IPV888;2;-16,7
2007-06-30 22:00:00;1;2007;7,1;False;IPV888;3;-32,4
2007-09-30 22:00:00;1;2007;3,0;False;IPV888;4;-57,7
2007-12-31 23:00:00;1;2008;1,5;False;IPV888;1;-50,0
2008-03-31 22:00:00;1;2008;-3,6;False;IPV888;2;-340,0
2008-06-30 22:00:00;1;2008;-6,3;False;IPV888;3;75,0
2008-09-30 22:00:00;1;2008;-8,5;False;IPV888;4;34,9
2008-12-31 23:00:00;1;2009;-12,1;False;IPV888;1;42,4
2009-03-31 22:00:00;1;2009;-10,4;False;IPV888;2;-14,0
2009-06-30 22:00:00;1;2009;-7,8;False;IPV888;3;-25,0
2009-09-30 22:00:00;1;2009;-4,1;False;IPV888;4;-47,4
2009-12-31 23:00:00;1;2010;-0,9;False;IPV888;1;-78,0
2010-03-31 22:00:00;1;2010;0,6;False;IPV888;2;-166,7
2010-06-30 22:00:00;1;2010;-3,5;False;IPV888;3;-683,3
2010-09-30 22:00:00;1;2010;-3,8;False;IPV888;4;8,6
2010-12-31 23:00:00;1;2011;-7,7;False;IPV888;1;102,6
2011-03-31 22:00:00;1;2011;-10,2;False;IPV888;2;32,5
2011-06-30 22:00:00;1;2011;-11,8;False;IPV888;3;15,7
2011-09-30 22:00:00;1;2011;-13,3;False;IPV888;4;12,7
2011-12-31 23:00:00;1;2012;-14,3;False;IPV888;1;7,5
2012-03-31 22:00:00;1;2012;-16,1;False;IPV888;2;12,6
2012-06-30 22:00:00;1;2012;-14,8;False;IPV888;3;-8,1
2012-09-30 22:00:00;1;2012;-14,7;False;IPV888;4;-0,7
2012-12-31 23:00:00;1;2013;-16,2;False;IPV888;1;10,2
2013-03-31 22:00:00;1;2013;-12,3;False;IPV888;2;-24,1
2013-06-30 22:00:00;1;2013;-7,8;False;IPV888;3;-36,6
2013-09-30 22:00:00;1;2013;-6,1;False;IPV888;4;-21,8
2013-12-31 23:00:00;1;2014;0,2;False;IPV888;1;-103,3
2014-03-31 22:00:00;1;2014;-0,6;False;IPV888;2;-400,0
2014-06-30 22:00:00;1;2014;0,1;False;IPV888;3;-116,7
2014-09-30 22:00:00;1;2014;1,4;False;IPV888;4;1300,0
2014-12-31 23:00:00;1;2015;-0,6;False;IPV888;1;-142,9
2015-03-31 22:00:00;1;2015;5,0;False;IPV888;2;-933,3
2015-06-30 22:00:00;1;2015;4,5;False;IPV888;3;-10,0
2015-09-30 22:00:00;1;2015;1,2;False;IPV888;4;-73,3
2015-12-31 23:00:00;1;2016;4,8;False;IPV888;1;300,0
2016-03-31 22:00:00;1;2016;1,3;False;IPV888;2;-72,9
2016-06-30 22:00:00;1;2016;0,3;False;IPV888;3;-76,9
2016-09-30 22:00:00;1;2016;2,6;False;IPV888;4;766,7
2016-12-31 23:00:00;1;2017;3,4;False;IPV888;1;30,8
2017-03-31 22:00:00;1;2017;4,5;False;IPV888;2;32,4
2017-06-30 22:00:00;1;2017;5,2;False;IPV888;3;15,6
2017-09-30 22:00:00;1;2017;4,6;False;IPV888;4;-11,5
2017-12-31 23:00:00;1;2018;6,3;False;IPV888;1;37,0
2018-03-31 22:00:00;1;2018;6,5;False;IPV888;2;3,2
2018-06-30 22:00:00;1;2018;5,9;False;IPV888;3;-9,2
2018-09-30 22:00:00;1;2018;6,3;False;IPV888;4;6,8
2018-12-31 23:00:00;1;2019;4,8;False;IPV888;1;-23,8
2019-03-31 22:00:00;1;2019;1,8;False;IPV888;2;-62,5
2019-06-30 22:00:00;1;2019;2,4;False;IPV888;3;33,3
2019-09-30 22:00:00;1;2019;2,2;False;IPV888;4;-8,3
2019-12-31 23:00:00;1;2020;1,3;False;IPV888;1;-40,9
2020-03-31 22:00:00;1;2020;0,6;False;IPV888;2;-53,8
2020-06-30 22:00:00;1;2020;0,1;False;IPV888;3;-83,3
2020-09-30 22:00:00;1;2020;0,2;False;IPV888;4;100,0
2020-12-31 23:00:00;1;2021;1,7;False;IPV888;1;750,0
2021-03-31 22:00:00;1;2021;5,5;False;IPV888;2;223,5
2021-06-30 22:00:00;1;2021;7,6;False;IPV888;3;38,2
2021-09-30 22:00:00;1;2021;7,9;False;IPV888;4;3,9
2021-12-31 23:00:00;1;2022;10,9;False;IPV888;1;38,0
2022-03-31 22:00:00;1;2022;10,3;False;IPV888;2;-5,5
2022-06-30 22:00:00;1;2022;9,5;False;IPV888;3;-7,8
2022-09-30 22:00:00;1;2022;8,3;False;IPV888;4;-12,6
2022-12-31 23:00:00;1;2023;4,8;False;IPV888;1;-42,2
2023-03-31 22:00:00;1;2023;3,5;False;IPV888;2;-27,1
2023-06-30 22:00:00;1;2023;4,7;False;IPV888;3;34,3
2023-09-30 22:00:00;1;2023;3,7;False;IPV888;4;-21,3
2023-12-31 23:00:00;1;2024;6,0;False;IPV888;1;62,2
2024-03-31 22:00:00;1;2024;7,6;False;IPV888;2;26,7
2024-06-30 22:00:00;1;2024;8,4;False;IPV888;3;10,5
2024-09-30 22:00:00;1;2024;11,5;False;IPV888;4;36,9
2024-12-31 23:00:00;1;2025;10,8;False;IPV888;1;-6,1
2025-03-31 22:00:00;1;2025;11,7;False;IPV888;2;8,3
2025-06-30 22:00:00;1;2025;13,4;False;IPV888;3;14,5
2025-09-30 22:00:00;1;2025;14,1;False;IPV888;4;5,2
2006-12-31 23:00:00;1;2007;1,2;False;IPV889;1;0,0
2007-03-31 22:00:00;1;2007;2,8;False;IPV889;2;133,3
2007-06-30 22:00:00;1;2007;0,2;False;IPV889;3;-92,9
2007-09-30 22:00:00;1;2007;-1,1;False;IPV889;4;-650,0
2007-12-31 23:00:00;1;2008;-0,3;False;IPV889;1;-72,7
2008-03-31 22:00:00;1;2008;-2,4;False;IPV889;2;700,0
2008-06-30 22:00:00;1;2008;-2,6;False;IPV889;3;8,3
2008-09-30 22:00:00;1;2008;-3,3;False;IPV889;4;26,9
2008-12-31 23:00:00;1;2009;-4,3;False;IPV889;1;30,3
2009-03-31 22:00:00;1;2009;-0,5;False;IPV889;2;-88,4
2009-06-30 22:00:00;1;2009;0,1;False;IPV889;3;-120,0
2009-09-30 22:00:00;1;2009;0,5;False;IPV889;4;400,0
2009-12-31 23:00:00;1;2010;-1,2;False;IPV889;1;-340,0
2010-03-31 22:00:00;1;2010;1,1;False;IPV889;2;-191,7
2010-06-30 22:00:00;1;2010;-3,9;False;IPV889;3;-454,5
2010-09-30 22:00:00;1;2010;0,3;False;IPV889;4;-107,7
2010-12-31 23:00:00;1;2011;-5,2;False;IPV889;1;-1833,3
2011-03-31 22:00:00;1;2011;-1,7;False;IPV889;2;-67,3
2011-06-30 22:00:00;1;2011;-5,6;False;IPV889;3;229,4
2011-09-30 22:00:00;1;2011;-1,5;False;IPV889;4;-73,2
2011-12-31 23:00:00;1;2012;-6,3;False;IPV889;1;320,0
2012-03-31 22:00:00;1;2012;-3,8;False;IPV889;2;-39,7
2012-06-30 22:00:00;1;2012;-4,2;False;IPV889;3;10,5
2012-09-30 22:00:00;1;2012;-1,3;False;IPV889;4;-69,0
2012-12-31 23:00:00;1;2013;-8,0;False;IPV889;1;515,4
2013-03-31 22:00:00;1;2013;0,7;False;IPV889;2;-108,7
2013-06-30 22:00:00;1;2013;0,7;False;IPV889;3;0,0
2013-09-30 22:00:00;1;2013;0,5;False;IPV889;4;-28,6
2013-12-31 23:00:00;1;2014;-1,8;False;IPV889;1;-460,0
2014-03-31 22:00:00;1;2014;-0,1;False;IPV889;2;-94,4
2014-06-30 22:00:00;1;2014;1,4;False;IPV889;3;-1500,0
2014-09-30 22:00:00;1;2014;1,9;False;IPV889;4;35,7
2014-12-31 23:00:00;1;2015;-3,7;False;IPV889;1;-294,7
2015-03-31 22:00:00;1;2015;5,5;False;IPV889;2;-248,6
2015-06-30 22:00:00;1;2015;0,9;False;IPV889;3;-83,6
2015-09-30 22:00:00;1;2015;-1,3;False;IPV889;4;-244,4
2015-12-31 23:00:00;1;2016;-0,3;False;IPV889;1;-76,9
2016-03-31 22:00:00;1;2016;2,1;False;IPV889;2;-800,0
2016-06-30 22:00:00;1;2016;-0,2;False;IPV889;3;-109,5
2016-09-30 22:00:00;1;2016;1,0;False;IPV889;4;-600,0
2016-12-31 23:00:00;1;2017;0,4;False;IPV889;1;-60,0
2017-03-31 22:00:00;1;2017;3,1;False;IPV889;2;675,0
2017-06-30 22:00:00;1;2017;0,5;False;IPV889;3;-83,9
2017-09-30 22:00:00;1;2017;0,4;False;IPV889;4;-20,0
2017-12-31 23:00:00;1;2018;2,0;False;IPV889;1;400,0
2018-03-31 22:00:00;1;2018;3,4;False;IPV889;2;70,0
2018-06-30 22:00:00;1;2018;0,0;False;IPV889;3;-100,0
2018-09-30 22:00:00;1;2018;0,7;False;IPV889;4;inf
2018-12-31 23:00:00;1;2019;0,6;False;IPV889;1;-14,3
2019-03-31 22:00:00;1;2019;0,5;False;IPV889;2;-16,7
2019-06-30 22:00:00;1;2019;0,6;False;IPV889;3;20,0
2019-09-30 22:00:00;1;2019;0,5;False;IPV889;4;-16,7
2019-12-31 23:00:00;1;2020;-0,3;False;IPV889;1;-160,0
2020-03-31 22:00:00;1;2020;-0,2;False;IPV889;2;-33,3
2020-06-30 22:00:00;1;2020;0,1;False;IPV889;3;-150,0
2020-09-30 22:00:00;1;2020;0,6;False;IPV889;4;500,0
2020-12-31 23:00:00;1;2021;1,2;False;IPV889;1;100,0
2021-03-31 22:00:00;1;2021;3,5;False;IPV889;2;191,7
2021-06-30 22:00:00;1;2021;2,0;False;IPV889;3;-42,9
2021-09-30 22:00:00;1;2021;1,0;False;IPV889;4;-50,0
2021-12-31 23:00:00;1;2022;4,0;False;IPV889;1;300,0
2022-03-31 22:00:00;1;2022;3,0;False;IPV889;2;-25,0
2022-06-30 22:00:00;1;2022;1,3;False;IPV889;3;-56,7
2022-09-30 22:00:00;1;2022;-0,2;False;IPV889;4;-115,4
2022-12-31 23:00:00;1;2023;0,6;False;IPV889;1;-400,0
2023-03-31 22:00:00;1;2023;1,7;False;IPV889;2;183,3
2023-06-30 22:00:00;1;2023;2,5;False;IPV889;3;47,1
2023-09-30 22:00:00;1;2023;-1,1;False;IPV889;4;-144,0
2023-12-31 23:00:00;1;2024;2,8;False;IPV889;1;-354,5
2024-03-31 22:00:00;1;2024;3,2;False;IPV889;2;14,3
2024-06-30 22:00:00;1;2024;3,3;False;IPV889;3;3,1
2024-09-30 22:00:00;1;2024;1,7;False;IPV889;4;-48,5
2024-12-31 23:00:00;1;2025;2,1;False;IPV889;1;23,5
2025-03-31 22:00:00;1;2025;4,1;False;IPV889;2;95,2
2025-06-30 22:00:00;1;2025;4,8;False;IPV889;3;17,1
2025-09-30 22:00:00;1;2025;2,4;False;IPV889;4;-50,0
2006-12-31 23:00:00;1;2007;1,9;False;IPV890;1;0,0
2007-03-31 22:00:00;1;2007;4,1;False;IPV890;2;115,8
2007-06-30 22:00:00;1;2007;6,4;False;IPV890;3;56,1
2007-09-30 22:00:00;1;2007;9,6;False;IPV890;4;50,0
2007-12-31 23:00:00;1;2008;1,1;False;IPV890;1;-88,5
2008-03-31 22:00:00;1;2008;2,1;False;IPV890;2;90,9
2008-06-30 22:00:00;1;2008;2,1;False;IPV890;3;0,0
2008-09-30 22:00:00;1;2008;2,2;False;IPV890;4;4,8
2008-12-31 23:00:00;1;2009;-4,3;False;IPV890;1;-295,5
2009-03-31 22:00:00;1;2009;-5,1;False;IPV890;2;18,6
2009-06-30 22:00:00;1;2009;-5,6;False;IPV890;3;9,8
2009-09-30 22:00:00;1;2009;-7,0;False;IPV890;4;25,0
2009-12-31 23:00:00;1;2010;-5,5;False;IPV890;1;-21,4
2010-03-31 22:00:00;1;2010;-4,5;False;IPV890;2;-18,2
2010-06-30 22:00:00;1;2010;-6,8;False;IPV890;3;51,1
2010-09-30 22:00:00;1;2010;-8,6;False;IPV890;4;26,5
2010-12-31 23:00:00;1;2011;-2,0;False;IPV890;1;-76,7
2011-03-31 22:00:00;1;2011;-4,6;False;IPV890;2;130,0
2011-06-30 22:00:00;1;2011;-7,6;False;IPV890;3;65,2
2011-09-30 22:00:00;1;2011;-10,7;False;IPV890;4;40,8
2011-12-31 23:00:00;1;2012;-3,6;False;IPV890;1;-66,4
2012-03-31 22:00:00;1;2012;-8,4;False;IPV890;2;133,3
2012-06-30 22:00:00;1;2012;-13,1;False;IPV890;3;56,0
2012-09-30 22:00:00;1;2012;-11,2;False;IPV890;4;-14,5
2012-12-31 23:00:00;1;2013;-5,1;False;IPV890;1;-54,5
2013-03-31 22:00:00;1;2013;-7,6;False;IPV890;2;49,0
2013-06-30 22:00:00;1;2013;-5,1;False;IPV890;3;-32,9
2013-09-30 22:00:00;1;2013;-2,3;False;IPV890;4;-54,9
2013-12-31 23:00:00;1;2014;1,5;False;IPV890;1;-165,2
2014-03-31 22:00:00;1;2014;0,4;False;IPV890;2;-73,3
2014-06-30 22:00:00;1;2014;3,2;False;IPV890;3;700,0
2014-09-30 22:00:00;1;2014;2,8;False;IPV890;4;-12,5
2014-12-31 23:00:00;1;2015;-0,3;False;IPV890;1;-110,7
2015-03-31 22:00:00;1;2015;3,1;False;IPV890;2;-1133,3
2015-06-30 22:00:00;1;2015;6,8;False;IPV890;3;119,4
2015-09-30 22:00:00;1;2015;4,9;False;IPV890;4;-27,9
2015-12-31 23:00:00;1;2016;1,3;False;IPV890;1;-73,5
2016-03-31 22:00:00;1;2016;3,5;False;IPV890;2;169,2
2016-06-30 22:00:00;1;2016;4,5;False;IPV890;3;28,6
2016-09-30 22:00:00;1;2016;1,4;False;IPV890;4;-68,9
2016-12-31 23:00:00;1;2017;1,5;False;IPV890;1;7,1
2017-03-31 22:00:00;1;2017;5,1;False;IPV890;2;240,0
2017-06-30 22:00:00;1;2017;5,5;False;IPV890;3;7,8
2017-09-30 22:00:00;1;2017;3,4;False;IPV890;4;-38,2
2017-12-31 23:00:00;1;2018;0,8;False;IPV890;1;-76,5
2018-03-31 22:00:00;1;2018;3,5;False;IPV890;2;337,5
2018-06-30 22:00:00;1;2018;6,4;False;IPV890;3;82,9
2018-09-30 22:00:00;1;2018;6,1;False;IPV890;4;-4,7
2018-12-31 23:00:00;1;2019;6,1;False;IPV890;1;0,0
2019-03-31 22:00:00;1;2019;2,0;False;IPV890;2;-67,2
2019-06-30 22:00:00;1;2019;2,3;False;IPV890;3;15,0
2019-09-30 22:00:00;1;2019;1,6;False;IPV890;4;-30,4
2019-12-31 23:00:00;1;2020;3,5;False;IPV890;1;118,8
2020-03-31 22:00:00;1;2020;6,4;False;IPV890;2;82,9
2020-06-30 22:00:00;1;2020;10,7;False;IPV890;3;67,2
2020-09-30 22:00:00;1;2020;7,9;False;IPV890;4;-26,2
2020-12-31 23:00:00;1;2021;0,3;False;IPV890;1;-96,2
2021-03-31 22:00:00;1;2021;2,9;False;IPV890;2;866,7
2021-06-30 22:00:00;1;2021;5,5;False;IPV890;3;89,7
2021-09-30 22:00:00;1;2021;6,3;False;IPV890;4;14,5
2021-12-31 23:00:00;1;2022;5,0;False;IPV890;1;-20,6
2022-03-31 22:00:00;1;2022;3,8;False;IPV890;2;-24,0
2022-06-30 22:00:00;1;2022;7,0;False;IPV890;3;84,2
2022-09-30 22:00:00;1;2022;10,6;False;IPV890;4;51,4
2022-12-31 23:00:00;1;2023;5,0;False;IPV890;1;-52,8
2023-03-31 22:00:00;1;2023;6,5;False;IPV890;2;30,0
2023-06-30 22:00:00;1;2023;10,4;False;IPV890;3;60,0
2023-09-30 22:00:00;1;2023;8,3;False;IPV890;4;-20,2
2023-12-31 23:00:00;1;2024;8,5;False;IPV890;1;2,4
2024-03-31 22:00:00;1;2024;13,2;False;IPV890;2;55,3
2024-06-30 22:00:00;1;2024;13,9;False;IPV890;3;5,3
2024-09-30 22:00:00;1;2024;13,2;False;IPV890;4;-5,0
2024-12-31 23:00:00;1;2025;2,4;False;IPV890;1;-81,8
2025-03-31 22:00:00;1;2025;5,4;False;IPV890;2;125,0
2025-06-30 22:00:00;1;2025;8,1;False;IPV890;3;50,0
2025-09-30 22:00:00;1;2025;9,6;False;IPV890;4;18,5
2006-12-31 23:00:00;1;2007;13,6;False;IPV891;1;0,0
2007-03-31 22:00:00;1;2007;12,4;False;IPV891;2;-8,8
2007-06-30 22:00:00;1;2007;10,2;False;IPV891;3;-17,7
2007-09-30 22:00:00;1;2007;9,6;False;IPV891;4;-5,9
2007-12-31 23:00:00;1;2008;8,8;False;IPV891;1;-8,3
2008-03-31 22:00:00;1;2008;7,5;False;IPV891;2;-14,8
2008-06-30 22:00:00;1;2008;5,2;False;IPV891;3;-30,7
2008-09-30 22:00:00;1;2008;2,2;False;IPV891;4;-57,7
2008-12-31 23:00:00;1;2009;-3,2;False;IPV891;1;-245,5
2009-03-31 22:00:00;1;2009;-5,0;False;IPV891;2;56,2
2009-06-30 22:00:00;1;2009;-5,5;False;IPV891;3;10,0
2009-09-30 22:00:00;1;2009;-7,0;False;IPV891;4;27,3
2009-12-31 23:00:00;1;2010;-8,1;False;IPV891;1;15,7
2010-03-31 22:00:00;1;2010;-6,4;False;IPV891;2;-21,0
2010-06-30 22:00:00;1;2010;-8,1;False;IPV891;3;26,6
2010-09-30 22:00:00;1;2010;-8,6;False;IPV891;4;6,2
2010-12-31 23:00:00;1;2011;-5,2;False;IPV891;1;-39,5
2011-03-31 22:00:00;1;2011;-8,6;False;IPV891;2;65,4
2011-06-30 22:00:00;1;2011;-9,4;False;IPV891;3;9,3
2011-09-30 22:00:00;1;2011;-10,7;False;IPV891;4;13,8
2011-12-31 23:00:00;1;2012;-12,2;False;IPV891;1;14,0
2012-03-31 22:00:00;1;2012;-14,3;False;IPV891;2;17,2
2012-06-30 22:00:00;1;2012;-16,0;False;IPV891;3;11,9
2012-09-30 22:00:00;1;2012;-11,2;False;IPV891;4;-30,0
2012-12-31 23:00:00;1;2013;-12,6;False;IPV891;1;12,5
2013-03-31 22:00:00;1;2013;-10,5;False;IPV891;2;-16,7
2013-06-30 22:00:00;1;2013;-3,0;False;IPV891;3;-71,4
2013-09-30 22:00:00;1;2013;-2,3;False;IPV891;4;-23,3
2013-12-31 23:00:00;1;2014;4,5;False;IPV891;1;-295,7
2014-03-31 22:00:00;1;2014;6,1;False;IPV891;2;35,6
2014-06-30 22:00:00;1;2014;6,2;False;IPV891;3;1,6
2014-09-30 22:00:00;1;2014;2,8;False;IPV891;4;-54,8
2014-12-31 23:00:00;1;2015;1,0;False;IPV891;1;-64,3
2015-03-31 22:00:00;1;2015;5,6;False;IPV891;2;460,0
2015-06-30 22:00:00;1;2015;6,4;False;IPV891;3;14,3
2015-09-30 22:00:00;1;2015;4,9;False;IPV891;4;-23,4
2015-12-31 23:00:00;1;2016;6,7;False;IPV891;1;36,7
2016-03-31 22:00:00;1;2016;5,3;False;IPV891;2;-20,9
2016-06-30 22:00:00;1;2016;2,7;False;IPV891;3;-49,1
2016-09-30 22:00:00;1;2016;1,4;False;IPV891;4;-48,1
2016-12-31 23:00:00;1;2017;1,6;False;IPV891;1;14,3
2017-03-31 22:00:00;1;2017;3,0;False;IPV891;2;87,5
2017-06-30 22:00:00;1;2017;2,4;False;IPV891;3;-20,0
2017-09-30 22:00:00;1;2017;3,4;False;IPV891;4;41,7
2017-12-31 23:00:00;1;2018;2,7;False;IPV891;1;-20,6
2018-03-31 22:00:00;1;2018;1,8;False;IPV891;2;-33,3
2018-06-30 22:00:00;1;2018;4,3;False;IPV891;3;138,9
2018-09-30 22:00:00;1;2018;6,1;False;IPV891;4;41,9
2018-12-31 23:00:00;1;2019;11,8;False;IPV891;1;93,4
2019-03-31 22:00:00;1;2019;4,7;False;IPV891;2;-60,2
2019-06-30 22:00:00;1;2019;2,1;False;IPV891;3;-55,3
2019-09-30 22:00:00;1;2019;1,6;False;IPV891;4;-23,8
2019-12-31 23:00:00;1;2020;-0,9;False;IPV891;1;-156,2
2020-03-31 22:00:00;1;2020;5,9;False;IPV891;2;-755,6
2020-06-30 22:00:00;1;2020;9,9;False;IPV891;3;67,8
2020-09-30 22:00:00;1;2020;7,9;False;IPV891;4;-20,2
2020-12-31 23:00:00;1;2021;4,5;False;IPV891;1;-43,0
2021-03-31 22:00:00;1;2021;4,3;False;IPV891;2;-4,4
2021-06-30 22:00:00;1;2021;2,8;False;IPV891;3;-34,9
2021-09-30 22:00:00;1;2021;6,3;False;IPV891;4;125,0
2021-12-31 23:00:00;1;2022;11,4;False;IPV891;1;81,0
2022-03-31 22:00:00;1;2022;7,2;False;IPV891;2;-36,8
2022-06-30 22:00:00;1;2022;7,9;False;IPV891;3;9,7
2022-09-30 22:00:00;1;2022;10,6;False;IPV891;4;34,2
2022-12-31 23:00:00;1;2023;10,5;False;IPV891;1;-0,9
2023-03-31 22:00:00;1;2023;13,4;False;IPV891;2;27,6
2023-06-30 22:00:00;1;2023;14,1;False;IPV891;3;5,2
2023-09-30 22:00:00;1;2023;8,3;False;IPV891;4;-41,1
2023-12-31 23:00:00;1;2024;11,9;False;IPV891;1;43,4
2024-03-31 22:00:00;1;2024;15,2;False;IPV891;2;27,7
2024-06-30 22:00:00;1;2024;11,7;False;IPV891;3;-23,0
2024-09-30 22:00:00;1;2024;13,2;False;IPV891;4;12,8
2024-12-31 23:00:00;1;2025;7,0;False;IPV891;1;-47,0
2025-03-31 22:00:00;1;2025;5,4;False;IPV891;2;-22,9
2025-06-30 22:00:00;1;2025;7,4;False;IPV891;3;37,0
2025-09-30 22:00:00;1;2025;9,6;False;IPV891;4;29,7
2006-12-31 23:00:00;1;2007;1,9;False;IPV892;1;0,0
2007-03-31 22:00:00;1;2007;2,2;False;IPV892;2;15,8
2007-06-30 22:00:00;1;2007;2,2;False;IPV892;3;0,0
2007-09-30 22:00:00;1;2007;3,0;False;IPV892;4;36,4
2007-12-31 23:00:00;1;2008;1,1;False;IPV892;1;-63,3
2008-03-31 22:00:00;1;2008;1,0;False;IPV892;2;-9,1
2008-06-30 22:00:00;1;2008;0,0;False;IPV892;3;-100,0
2008-09-30 22:00:00;1;2008;0,1;False;IPV892;4;inf
2008-12-31 23:00:00;1;2009;-4,3;False;IPV892;1;-4400,0
2009-03-31 22:00:00;1;2009;-0,8;False;IPV892;2;-81,4
2009-06-30 22:00:00;1;2009;-0,6;False;IPV892;3;-25,0
2009-09-30 22:00:00;1;2009;-1,4;False;IPV892;4;133,3
2009-12-31 23:00:00;1;2010;-5,5;False;IPV892;1;292,9
2010-03-31 22:00:00;1;2010;1,0;False;IPV892;2;-118,2
2010-06-30 22:00:00;1;2010;-2,4;False;IPV892;3;-340,0
2010-09-30 22:00:00;1;2010;-1,9;False;IPV892;4;-20,8
2010-12-31 23:00:00;1;2011;-2,0;False;IPV892;1;5,3
2011-03-31 22:00:00;1;2011;-2,6;False;IPV892;2;30,0
2011-06-30 22:00:00;1;2011;-3,2;False;IPV892;3;23,1
2011-09-30 22:00:00;1;2011;-3,3;False;IPV892;4;3,1
2011-12-31 23:00:00;1;2012;-3,6;False;IPV892;1;9,1
2012-03-31 22:00:00;1;2012;-4,9;False;IPV892;2;36,1
2012-06-30 22:00:00;1;2012;-5,2;False;IPV892;3;6,1
2012-09-30 22:00:00;1;2012;2,2;False;IPV892;4;-142,3
2012-12-31 23:00:00;1;2013;-5,1;False;IPV892;1;-331,8
2013-03-31 22:00:00;1;2013;-2,6;False;IPV892;2;-49,0
2013-06-30 22:00:00;1;2013;2,7;False;IPV892;3;-203,8
2013-09-30 22:00:00;1;2013;2,9;False;IPV892;4;7,4
2013-12-31 23:00:00;1;2014;1,5;False;IPV892;1;-48,3
2014-03-31 22:00:00;1;2014;-1,1;False;IPV892;2;-173,3
2014-06-30 22:00:00;1;2014;2,9;False;IPV892;3;-363,6
2014-09-30 22:00:00;1;2014;-0,4;False;IPV892;4;-113,8
2014-12-31 23:00:00;1;2015;-0,3;False;IPV892;1;-25,0
2015-03-31 22:00:00;1;2015;3,4;False;IPV892;2;-1233,3
2015-06-30 22:00:00;1;2015;3,6;False;IPV892;3;5,9
2015-09-30 22:00:00;1;2015;-1,7;False;IPV892;4;-147,2
2015-12-31 23:00:00;1;2016;1,3;False;IPV892;1;-176,5
2016-03-31 22:00:00;1;2016;2,1;False;IPV892;2;61,5
2016-06-30 22:00:00;1;2016;1,0;False;IPV892;3;-52,4
2016-09-30 22:00:00;1;2016;-2,9;False;IPV892;4;-390,0
2016-12-31 23:00:00;1;2017;1,5;False;IPV892;1;-151,7
2017-03-31 22:00:00;1;2017;3,6;False;IPV892;2;140,0
2017-06-30 22:00:00;1;2017;0,4;False;IPV892;3;-88,9
2017-09-30 22:00:00;1;2017;-2,0;False;IPV892;4;-600,0
2017-12-31 23:00:00;1;2018;0,8;False;IPV892;1;-140,0
2018-03-31 22:00:00;1;2018;2,7;False;IPV892;2;237,5
2018-06-30 22:00:00;1;2018;2,8;False;IPV892;3;3,7
2018-09-30 22:00:00;1;2018;-0,3;False;IPV892;4;-110,7
2018-12-31 23:00:00;1;2019;6,1;False;IPV892;1;-2133,3
2019-03-31 22:00:00;1;2019;-3,9;False;IPV892;2;-163,9
2019-06-30 22:00:00;1;2019;0,3;False;IPV892;3;-107,7
2019-09-30 22:00:00;1;2019;-0,7;False;IPV892;4;-333,3
2019-12-31 23:00:00;1;2020;3,5;False;IPV892;1;-600,0
2020-03-31 22:00:00;1;2020;2,8;False;IPV892;2;-20,0
2020-06-30 22:00:00;1;2020;4,1;False;IPV892;3;46,4
2020-09-30 22:00:00;1;2020;-2,6;False;IPV892;4;-163,4
2020-12-31 23:00:00;1;2021;0,3;False;IPV892;1;-111,5
2021-03-31 22:00:00;1;2021;2,6;False;IPV892;2;766,7
2021-06-30 22:00:00;1;2021;2,5;False;IPV892;3;-3,8
2021-09-30 22:00:00;1;2021;0,8;False;IPV892;4;-68,0
2021-12-31 23:00:00;1;2022;5,0;False;IPV892;1;525,0
2022-03-31 22:00:00;1;2022;-1,2;False;IPV892;2;-124,0
2022-06-30 22:00:00;1;2022;3,1;False;IPV892;3;-358,3
2022-09-30 22:00:00;1;2022;3,3;False;IPV892;4;6,5
2022-12-31 23:00:00;1;2023;5,0;False;IPV892;1;51,5
2023-03-31 22:00:00;1;2023;1,4;False;IPV892;2;-72,0
2023-06-30 22:00:00;1;2023;3,7;False;IPV892;3;164,3
2023-09-30 22:00:00;1;2023;-1,9;False;IPV892;4;-151,4
2023-12-31 23:00:00;1;2024;8,5;False;IPV892;1;-547,4
2024-03-31 22:00:00;1;2024;4,4;False;IPV892;2;-48,2
2024-06-30 22:00:00;1;2024;0,6;False;IPV892;3;-86,4
2024-09-30 22:00:00;1;2024;-0,6;False;IPV892;4;-200,0
2024-12-31 23:00:00;1;2025;2,4;False;IPV892;1;-500,0
2025-03-31 22:00:00;1;2025;2,9;False;IPV892;2;20,8
2025-06-30 22:00:00;1;2025;2,5;False;IPV892;3;-13,8
2025-09-30 22:00:00;1;2025;1,4;False;IPV892;4;-44,0
2006-12-31 23:00:00;1;2007;1,5;False;IPV893;1;0,0
2007-03-31 22:00:00;1;2007;4,1;False;IPV893;2;173,3
2007-06-30 22:00:00;1;2007;5,4;False;IPV893;3;31,7
2007-09-30 22:00:00;1;2007;6,6;False;IPV893;4;22,2
2007-12-31 23:00:00;1;2008;0,5;False;IPV893;1;-92,4
2008-03-31 22:00:00;1;2008;0,0;False;IPV893;2;-100,0
2008-06-30 22:00:00;1;2008;-1,2;False;IPV893;3;-inf
2008-09-30 22:00:00;1;2008;-2,6;False;IPV893;4;116,7
2008-12-31 23:00:00;1;2009;-4,3;False;IPV893;1;65,4
2009-03-31 22:00:00;1;2009;-5,0;False;IPV893;2;16,3
2009-06-30 22:00:00;1;2009;-5,3;False;IPV893;3;6,0
2009-09-30 22:00:00;1;2009;-6,0;False;IPV893;4;13,2
2009-12-31 23:00:00;1;2010;-4,2;False;IPV893;1;-30,0
2010-03-31 22:00:00;1;2010;-3,2;False;IPV893;2;-23,8
2010-06-30 22:00:00;1;2010;-6,0;False;IPV893;3;87,5
2010-09-30 22:00:00;1;2010;-7,2;False;IPV893;4;20,0
2010-12-31 23:00:00;1;2011;-3,1;False;IPV893;1;-56,9
2011-03-31 22:00:00;1;2011;-5,3;False;IPV893;2;71,0
2011-06-30 22:00:00;1;2011;-9,1;False;IPV893;3;71,7
2011-09-30 22:00:00;1;2011;-11,6;False;IPV893;4;27,5
2011-12-31 23:00:00;1;2012;-4,8;False;IPV893;1;-58,6
2012-03-31 22:00:00;1;2012;-9,0;False;IPV893;2;87,5
2012-06-30 22:00:00;1;2012;-13,3;False;IPV893;3;47,8
2012-09-30 22:00:00;1;2012;-12,7;False;IPV893;4;-4,5
2012-12-31 23:00:00;1;2013;-6,8;False;IPV893;1;-46,5
2013-03-31 22:00:00;1;2013;-7,5;False;IPV893;2;10,3
2013-06-30 22:00:00;1;2013;-6,0;False;IPV893;3;-20,0
2013-09-30 22:00:00;1;2013;-4,6;False;IPV893;4;-23,3
2013-12-31 23:00:00;1;2014;-1,0;False;IPV893;1;-78,3
2014-03-31 22:00:00;1;2014;-1,3;False;IPV893;2;30,0
2014-06-30 22:00:00;1;2014;0,4;False;IPV893;3;-130,8
2014-09-30 22:00:00;1;2014;1,8;False;IPV893;4;350,0
2014-12-31 23:00:00;1;2015;-3,0;False;IPV893;1;-266,7
2015-03-31 22:00:00;1;2015;1,9;False;IPV893;2;-163,3
2015-06-30 22:00:00;1;2015;3,4;False;IPV893;3;78,9
2015-09-30 22:00:00;1;2015;2,0;False;IPV893;4;-41,2
2015-12-31 23:00:00;1;2016;0,0;False;IPV893;1;-100,0
2016-03-31 22:00:00;1;2016;2,1;False;IPV893;2;inf
2016-06-30 22:00:00;1;2016;2,1;False;IPV893;3;0,0
2016-09-30 22:00:00;1;2016;2,3;False;IPV893;4;9,5
2016-12-31 23:00:00;1;2017;0,6;False;IPV893;1;-73,9
2017-03-31 22:00:00;1;2017;3,8;False;IPV893;2;533,3
2017-06-30 22:00:00;1;2017;4,4;False;IPV893;3;15,8
2017-09-30 22:00:00;1;2017;4,4;False;IPV893;4;0,0
2017-12-31 23:00:00;1;2018;1,9;False;IPV893;1;-56,8
2018-03-31 22:00:00;1;2018;5,2;False;IPV893;2;173,7
2018-06-30 22:00:00;1;2018;5,6;False;IPV893;3;7,7
2018-09-30 22:00:00;1;2018;6,2;False;IPV893;4;10,7
2018-12-31 23:00:00;1;2019;1,3;False;IPV893;1;-79,0
2019-03-31 22:00:00;1;2019;1,2;False;IPV893;2;-7,7
2019-06-30 22:00:00;1;2019;1,8;False;IPV893;3;50,0
2019-09-30 22:00:00;1;2019;2,1;False;IPV893;4;16,7
2019-12-31 23:00:00;1;2020;0,2;False;IPV893;1;-90,5
2020-03-31 22:00:00;1;2020;0,4;False;IPV893;2;100,0
2020-06-30 22:00:00;1;2020;1,0;False;IPV893;3;150,0
2020-09-30 22:00:00;1;2020;1,2;False;IPV893;4;20,0
2020-12-31 23:00:00;1;2021;1,0;False;IPV893;1;-16,7
2021-03-31 22:00:00;1;2021;4,5;False;IPV893;2;350,0
2021-06-30 22:00:00;1;2021;6,7;False;IPV893;3;48,9
2021-09-30 22:00:00;1;2021;7,7;False;IPV893;4;14,9
2021-12-31 23:00:00;1;2022;4,1;False;IPV893;1;-46,8
2022-03-31 22:00:00;1;2022;6,6;False;IPV893;2;61,0
2022-06-30 22:00:00;1;2022;8,3;False;IPV893;3;25,8
2022-09-30 22:00:00;1;2022;8,6;False;IPV893;4;3,6
2022-12-31 23:00:00;1;2023;1,2;False;IPV893;1;-86,0
2023-03-31 22:00:00;1;2023;2,9;False;IPV893;2;141,7
2023-06-30 22:00:00;1;2023;5,6;False;IPV893;3;93,1
2023-09-30 22:00:00;1;2023;4,3;False;IPV893;4;-23,2
2023-12-31 23:00:00;1;2024;3,6;False;IPV893;1;-16,3
2024-03-31 22:00:00;1;2024;7,1;False;IPV893;2;97,2
2024-06-30 22:00:00;1;2024;10,2;False;IPV893;3;43,7
2024-09-30 22:00:00;1;2024;11,8;False;IPV893;4;15,7
2024-12-31 23:00:00;1;2025;2,2;False;IPV893;1;-81,4
2025-03-31 22:00:00;1;2025;6,2;False;IPV893;2;181,8
2025-06-30 22:00:00;1;2025;11,0;False;IPV893;3;77,4
2025-09-30 22:00:00;1;2025;13,6;False;IPV893;4;23,6
2006-12-31 23:00:00;1;2007;13,1;False;IPV894;1;0,0
2007-03-31 22:00:00;1;2007;11,5;False;IPV894;2;-12,2
2007-06-30 22:00:00;1;2007;8,7;False;IPV894;3;-24,3
2007-09-30 22:00:00;1;2007;6,6;False;IPV894;4;-24,1
2007-12-31 23:00:00;1;2008;5,4;False;IPV894;1;-18,2
2008-03-31 22:00:00;1;2008;2,4;False;IPV894;2;-55,6
2008-06-30 22:00:00;1;2008;-0,1;False;IPV894;3;-104,2
2008-09-30 22:00:00;1;2008;-2,6;False;IPV894;4;2500,0
2008-12-31 23:00:00;1;2009;-7,2;False;IPV894;1;176,9
2009-03-31 22:00:00;1;2009;-7,4;False;IPV894;2;2,8
2009-06-30 22:00:00;1;2009;-6,6;False;IPV894;3;-10,8
2009-09-30 22:00:00;1;2009;-6,0;False;IPV894;4;-9,1
2009-12-31 23:00:00;1;2010;-5,9;False;IPV894;1;-1,7
2010-03-31 22:00:00;1;2010;-4,3;False;IPV894;2;-27,1
2010-06-30 22:00:00;1;2010;-6,7;False;IPV894;3;55,8
2010-09-30 22:00:00;1;2010;-7,2;False;IPV894;4;7,5
2010-12-31 23:00:00;1;2011;-6,1;False;IPV894;1;-15,3
2011-03-31 22:00:00;1;2011;-9,2;False;IPV894;2;50,8
2011-06-30 22:00:00;1;2011;-10,3;False;IPV894;3;12,0
2011-09-30 22:00:00;1;2011;-11,6;False;IPV894;4;12,6
2011-12-31 23:00:00;1;2012;-13,1;False;IPV894;1;12,9
2012-03-31 22:00:00;1;2012;-15,0;False;IPV894;2;14,5
2012-06-30 22:00:00;1;2012;-15,7;False;IPV894;3;4,7
2012-09-30 22:00:00;1;2012;-12,7;False;IPV894;4;-19,1
2012-12-31 23:00:00;1;2013;-14,6;False;IPV894;1;15,0
2013-03-31 22:00:00;1;2013;-11,2;False;IPV894;2;-23,3
2013-06-30 22:00:00;1;2013;-5,4;False;IPV894;3;-51,8
2013-09-30 22:00:00;1;2013;-4,6;False;IPV894;4;-14,8
2013-12-31 23:00:00;1;2014;1,4;False;IPV894;1;-130,4
2014-03-31 22:00:00;1;2014;1,8;False;IPV894;2;28,6
2014-06-30 22:00:00;1;2014;2,0;False;IPV894;3;11,1
2014-09-30 22:00:00;1;2014;1,8;False;IPV894;4;-10,0
2014-12-31 23:00:00;1;2015;-0,3;False;IPV894;1;-116,7
2015-03-31 22:00:00;1;2015;5,1;False;IPV894;2;-1800,0
2015-06-30 22:00:00;1;2015;4,8;False;IPV894;3;-5,9
2015-09-30 22:00:00;1;2015;2,0;False;IPV894;4;-58,3
2015-12-31 23:00:00;1;2016;5,1;False;IPV894;1;155,0
2016-03-31 22:00:00;1;2016;2,1;False;IPV894;2;-58,8
2016-06-30 22:00:00;1;2016;0,7;False;IPV894;3;-66,7
2016-09-30 22:00:00;1;2016;2,3;False;IPV894;4;228,6
2016-12-31 23:00:00;1;2017;3,0;False;IPV894;1;30,4
2017-03-31 22:00:00;1;2017;4,1;False;IPV894;2;36,7
2017-06-30 22:00:00;1;2017;4,6;False;IPV894;3;12,2
2017-09-30 22:00:00;1;2017;4,4;False;IPV894;4;-4,3
2017-12-31 23:00:00;1;2018;5,7;False;IPV894;1;29,5
2018-03-31 22:00:00;1;2018;5,8;False;IPV894;2;1,8
2018-06-30 22:00:00;1;2018;5,7;False;IPV894;3;-1,7
2018-09-30 22:00:00;1;2018;6,2;False;IPV894;4;8,8
2018-12-31 23:00:00;1;2019;5,7;False;IPV894;1;-8,1
2019-03-31 22:00:00;1;2019;2,2;False;IPV894;2;-61,4
2019-06-30 22:00:00;1;2019;2,4;False;IPV894;3;9,1
2019-09-30 22:00:00;1;2019;2,1;False;IPV894;4;-12,5
2019-12-31 23:00:00;1;2020;1,0;False;IPV894;1;-52,4
2020-03-31 22:00:00;1;2020;1,3;False;IPV894;2;30,0
2020-06-30 22:00:00;1;2020;1,4;False;IPV894;3;7,7
2020-09-30 22:00:00;1;2020;1,2;False;IPV894;4;-14,3
2020-12-31 23:00:00;1;2021;2,0;False;IPV894;1;66,7
2021-03-31 22:00:00;1;2021;5,3;False;IPV894;2;165,0
2021-06-30 22:00:00;1;2021;6,9;False;IPV894;3;30,2
2021-09-30 22:00:00;1;2021;7,7;False;IPV894;4;11,6
2021-12-31 23:00:00;1;2022;11,0;False;IPV894;1;42,9
2022-03-31 22:00:00;1;2022;9,9;False;IPV894;2;-10,0
2022-06-30 22:00:00;1;2022;9,3;False;IPV894;3;-6,1
2022-09-30 22:00:00;1;2022;8,6;False;IPV894;4;-7,5
2022-12-31 23:00:00;1;2023;5,6;False;IPV894;1;-34,9
2023-03-31 22:00:00;1;2023;4,7;False;IPV894;2;-16,1
2023-06-30 22:00:00;1;2023;5,9;False;IPV894;3;25,5
2023-09-30 22:00:00;1;2023;4,3;False;IPV894;4;-27,1
2023-12-31 23:00:00;1;2024;6,8;False;IPV894;1;58,1
2024-03-31 22:00:00;1;2024;8,6;False;IPV894;2;26,5
2024-06-30 22:00:00;1;2024;8,9;False;IPV894;3;3,5
2024-09-30 22:00:00;1;2024;11,8;False;IPV894;4;32,6
2024-12-31 23:00:00;1;2025;10,2;False;IPV894;1;-13,6
2025-03-31 22:00:00;1;2025;10,8;False;IPV894;2;5,9
2025-06-30 22:00:00;1;2025;12,6;False;IPV894;3;16,7
2025-09-30 22:00:00;1;2025;13,6;False;IPV894;4;7,9
2006-12-31 23:00:00;1;2007;1,5;False;IPV895;1;0,0
2007-03-31 22:00:00;1;2007;2,5;False;IPV895;2;66,7
2007-06-30 22:00:00;1;2007;1,3;False;IPV895;3;-48,0
2007-09-30 22:00:00;1;2007;1,1;False;IPV895;4;-15,4
2007-12-31 23:00:00;1;2008;0,5;False;IPV895;1;-54,5
2008-03-31 22:00:00;1;2008;-0,5;False;IPV895;2;-200,0
2008-06-30 22:00:00;1;2008;-1,2;False;IPV895;3;140,0
2008-09-30 22:00:00;1;2008;-1,4;False;IPV895;4;16,7
2008-12-31 23:00:00;1;2009;-4,3;False;IPV895;1;207,1
2009-03-31 22:00:00;1;2009;-0,7;False;IPV895;2;-83,7
2009-06-30 22:00:00;1;2009;-0,3;False;IPV895;3;-57,1
2009-09-30 22:00:00;1;2009;-0,8;False;IPV895;4;166,7
2009-12-31 23:00:00;1;2010;-4,2;False;IPV895;1;425,0
2010-03-31 22:00:00;1;2010;1,0;False;IPV895;2;-123,8
2010-06-30 22:00:00;1;2010;-2,9;False;IPV895;3;-390,0
2010-09-30 22:00:00;1;2010;-1,3;False;IPV895;4;-55,2
2010-12-31 23:00:00;1;2011;-3,1;False;IPV895;1;138,5
2011-03-31 22:00:00;1;2011;-2,3;False;IPV895;2;-25,8
2011-06-30 22:00:00;1;2011;-4,0;False;IPV895;3;73,9
2011-09-30 22:00:00;1;2011;-2,7;False;IPV895;4;-32,5
2011-12-31 23:00:00;1;2012;-4,8;False;IPV895;1;77,8
2012-03-31 22:00:00;1;2012;-4,4;False;IPV895;2;-8,3
2012-06-30 22:00:00;1;2012;-4,7;False;IPV895;3;6,8
2012-09-30 22:00:00;1;2012;0,7;False;IPV895;4;-114,9
2012-12-31 23:00:00;1;2013;-6,8;False;IPV895;1;-1071,4
2013-03-31 22:00:00;1;2013;-0,7;False;IPV895;2;-89,7
2013-06-30 22:00:00;1;2013;1,6;False;IPV895;3;-328,6
2013-09-30 22:00:00;1;2013;1,5;False;IPV895;4;-6,2
2013-12-31 23:00:00;1;2014;-1,0;False;IPV895;1;-166,7
2014-03-31 22:00:00;1;2014;-0,3;False;IPV895;2;-70,0
2014-06-30 22:00:00;1;2014;1,7;False;IPV895;3;-666,7
2014-09-30 22:00:00;1;2014;1,3;False;IPV895;4;-23,5
2014-12-31 23:00:00;1;2015;-3,0;False;IPV895;1;-330,8
2015-03-31 22:00:00;1;2015;5,1;False;IPV895;2;-270,0
2015-06-30 22:00:00;1;2015;1,5;False;IPV895;3;-70,6
2015-09-30 22:00:00;1;2015;-1,4;False;IPV895;4;-193,3
2015-12-31 23:00:00;1;2016;0,0;False;IPV895;1;-100,0
2016-03-31 22:00:00;1;2016;2,1;False;IPV895;2;inf
2016-06-30 22:00:00;1;2016;0,1;False;IPV895;3;-95,2
2016-09-30 22:00:00;1;2016;0,2;False;IPV895;4;100,0
2016-12-31 23:00:00;1;2017;0,6;False;IPV895;1;200,0
2017-03-31 22:00:00;1;2017;3,2;False;IPV895;2;433,3
2017-06-30 22:00:00;1;2017;0,5;False;IPV895;3;-84,4
2017-09-30 22:00:00;1;2017;0,1;False;IPV895;4;-80,0
2017-12-31 23:00:00;1;2018;1,9;False;IPV895;1;1800,0
2018-03-31 22:00:00;1;2018;3,3;False;IPV895;2;73,7
2018-06-30 22:00:00;1;2018;0,4;False;IPV895;3;-87,9
2018-09-30 22:00:00;1;2018;0,6;False;IPV895;4;50,0
2018-12-31 23:00:00;1;2019;1,3;False;IPV895;1;116,7
2019-03-31 22:00:00;1;2019;-0,1;False;IPV895;2;-107,7
2019-06-30 22:00:00;1;2019;0,5;False;IPV895;3;-600,0
2019-09-30 22:00:00;1;2019;0,4;False;IPV895;4;-20,0
2019-12-31 23:00:00;1;2020;0,2;False;IPV895;1;-50,0
2020-03-31 22:00:00;1;2020;0,2;False;IPV895;2;0,0
2020-06-30 22:00:00;1;2020;0,6;False;IPV895;3;200,0
2020-09-30 22:00:00;1;2020;0,2;False;IPV895;4;-66,7
2020-12-31 23:00:00;1;2021;1,0;False;IPV895;1;400,0
2021-03-31 22:00:00;1;2021;3,4;False;IPV895;2;240,0
2021-06-30 22:00:00;1;2021;2,1;False;IPV895;3;-38,2
2021-09-30 22:00:00;1;2021;1,0;False;IPV895;4;-52,4
2021-12-31 23:00:00;1;2022;4,1;False;IPV895;1;310,0
2022-03-31 22:00:00;1;2022;2,4;False;IPV895;2;-41,5
2022-06-30 22:00:00;1;2022;1,6;False;IPV895;3;-33,3
2022-09-30 22:00:00;1;2022;0,3;False;IPV895;4;-81,2
2022-12-31 23:00:00;1;2023;1,2;False;IPV895;1;300,0
2023-03-31 22:00:00;1;2023;1,6;False;IPV895;2;33,3
2023-06-30 22:00:00;1;2023;2,7;False;IPV895;3;68,8
2023-09-30 22:00:00;1;2023;-1,2;False;IPV895;4;-144,4
2023-12-31 23:00:00;1;2024;3,6;False;IPV895;1;-400,0
2024-03-31 22:00:00;1;2024;3,4;False;IPV895;2;-5,6
2024-06-30 22:00:00;1;2024;2,9;False;IPV895;3;-14,7
2024-09-30 22:00:00;1;2024;1,4;False;IPV895;4;-51,7
2024-12-31 23:00:00;1;2025;2,2;False;IPV895;1;57,1
2025-03-31 22:00:00;1;2025;4,0;False;IPV895;2;81,8
2025-06-30 22:00:00;1;2025;4,5;False;IPV895;3;12,5
2025-09-30 22:00:00;1;2025;2,3;False;IPV895;4;-48,9
2006-12-31 23:00:00;1;2007;2,3;False;IPV896;1;0,0
2007-03-31 22:00:00;1;2007;6,0;False;IPV896;2;160,9
2007-06-30 22:00:00;1;2007;6,8;False;IPV896;3;13,3
2007-09-30 22:00:00;1;2007;5,7;False;IPV896;4;-16,2
2007-12-31 23:00:00;1;2008;-0,1;False;IPV896;1;-101,8
2008-03-31 22:00:00;1;2008;-1,4;False;IPV896;2;1300,0
2008-06-30 22:00:00;1;2008;-3,6;False;IPV896;3;157,1
2008-09-30 22:00:00;1;2008;-7,5;False;IPV896;4;108,3
2008-12-31 23:00:00;1;2009;-2,2;False;IPV896;1;-70,7
2009-03-31 22:00:00;1;2009;-2,5;False;IPV896;2;13,6
2009-06-30 22:00:00;1;2009;-2,7;False;IPV896;3;8,0
2009-09-30 22:00:00;1;2009;-2,6;False;IPV896;4;-3,7
2009-12-31 23:00:00;1;2010;-1,4;False;IPV896;1;-46,2
2010-03-31 22:00:00;1;2010;-0,7;False;IPV896;2;-50,0
2010-06-30 22:00:00;1;2010;-3,2;False;IPV896;3;357,1
2010-09-30 22:00:00;1;2010;-2,2;False;IPV896;4;-31,2
2010-12-31 23:00:00;1;2011;-3,3;False;IPV896;1;50,0
2011-03-31 22:00:00;1;2011;-4,3;False;IPV896;2;30,3
2011-06-30 22:00:00;1;2011;-8,4;False;IPV896;3;95,3
2011-09-30 22:00:00;1;2011;-9,2;False;IPV896;4;9,5
2011-12-31 23:00:00;1;2012;-5,5;False;IPV896;1;-40,2
2012-03-31 22:00:00;1;2012;-10,1;False;IPV896;2;83,6
2012-06-30 22:00:00;1;2012;-14,4;False;IPV896;3;42,6
2012-09-30 22:00:00;1;2012;-14,1;False;IPV896;4;-2,1
2012-12-31 23:00:00;1;2013;-3,4;False;IPV896;1;-75,9
2013-03-31 22:00:00;1;2013;-4,5;False;IPV896;2;32,4
2013-06-30 22:00:00;1;2013;-5,5;False;IPV896;3;22,2
2013-09-30 22:00:00;1;2013;-6,4;False;IPV896;4;16,4
2013-12-31 23:00:00;1;2014;-1,5;False;IPV896;1;-76,6
2014-03-31 22:00:00;1;2014;1,2;False;IPV896;2;-180,0
2014-06-30 22:00:00;1;2014;-0,1;False;IPV896;3;-108,3
2014-09-30 22:00:00;1;2014;0,5;False;IPV896;4;-600,0
2014-12-31 23:00:00;1;2015;-0,5;False;IPV896;1;-200,0
2015-03-31 22:00:00;1;2015;4,0;False;IPV896;2;-900,0
2015-06-30 22:00:00;1;2015;3,8;False;IPV896;3;-5,0
2015-09-30 22:00:00;1;2015;3,2;False;IPV896;4;-15,8
2015-12-31 23:00:00;1;2016;1,9;False;IPV896;1;-40,6
2016-03-31 22:00:00;1;2016;2,1;False;IPV896;2;10,5
2016-06-30 22:00:00;1;2016;2,3;False;IPV896;3;9,5
2016-09-30 22:00:00;1;2016;3,1;False;IPV896;4;34,8
2016-12-31 23:00:00;1;2017;2,2;False;IPV896;1;-29,0
2017-03-31 22:00:00;1;2017;2,8;False;IPV896;2;27,3
2017-06-30 22:00:00;1;2017;3,8;False;IPV896;3;35,7
2017-09-30 22:00:00;1;2017;6,0;False;IPV896;4;57,9
2017-12-31 23:00:00;1;2018;0,9;False;IPV896;1;-85,0
2018-03-31 22:00:00;1;2018;2,9;False;IPV896;2;222,2
2018-06-30 22:00:00;1;2018;3,2;False;IPV896;3;10,3
2018-09-30 22:00:00;1;2018;4,0;False;IPV896;4;25,0
2018-12-31 23:00:00;1;2019;1,7;False;IPV896;1;-57,5
2019-03-31 22:00:00;1;2019;1,9;False;IPV896;2;11,8
2019-06-30 22:00:00;1;2019;2,9;False;IPV896;3;52,6
2019-09-30 22:00:00;1;2019;3,1;False;IPV896;4;6,9
2019-12-31 23:00:00;1;2020;0,4;False;IPV896;1;-87,1
2020-03-31 22:00:00;1;2020;-0,9;False;IPV896;2;-325,0
2020-06-30 22:00:00;1;2020;0,6;False;IPV896;3;-166,7
2020-09-30 22:00:00;1;2020;0,5;False;IPV896;4;-16,7
2020-12-31 23:00:00;1;2021;1,6;False;IPV896;1;220,0
2021-03-31 22:00:00;1;2021;5,0;False;IPV896;2;212,5
2021-06-30 22:00:00;1;2021;7,4;False;IPV896;3;48,0
2021-09-30 22:00:00;1;2021;7,9;False;IPV896;4;6,8
2021-12-31 23:00:00;1;2022;4,3;False;IPV896;1;-45,6
2022-03-31 22:00:00;1;2022;6,7;False;IPV896;2;55,8
2022-06-30 22:00:00;1;2022;7,6;False;IPV896;3;13,4
2022-09-30 22:00:00;1;2022;7,9;False;IPV896;4;3,9
2022-12-31 23:00:00;1;2023;1,5;False;IPV896;1;-81,0
2023-03-31 22:00:00;1;2023;2,6;False;IPV896;2;73,3
2023-06-30 22:00:00;1;2023;5,9;False;IPV896;3;126,9
2023-09-30 22:00:00;1;2023;4,5;False;IPV896;4;-23,7
2023-12-31 23:00:00;1;2024;2,6;False;IPV896;1;-42,2
2024-03-31 22:00:00;1;2024;6,4;False;IPV896;2;146,2
2024-06-30 22:00:00;1;2024;8,3;False;IPV896;3;29,7
2024-09-30 22:00:00;1;2024;10,4;False;IPV896;4;25,3
2024-12-31 23:00:00;1;2025;4,6;False;IPV896;1;-55,8
2025-03-31 22:00:00;1;2025;7,7;False;IPV896;2;67,4
2025-06-30 22:00:00;1;2025;10,1;False;IPV896;3;31,2
2025-09-30 22:00:00;1;2025;11,1;False;IPV896;4;9,9
2006-12-31 23:00:00;1;2007;14,2;False;IPV897;1;0,0
2007-03-31 22:00:00;1;2007;12,5;False;IPV897;2;-12,0
2007-06-30 22:00:00;1;2007;9,9;False;IPV897;3;-20,8
2007-09-30 22:00:00;1;2007;5,7;False;IPV897;4;-42,4
2007-12-31 23:00:00;1;2008;3,2;False;IPV897;1;-43,9
2008-03-31 22:00:00;1;2008;-1,7;False;IPV897;2;-153,1
2008-06-30 22:00:00;1;2008;-4,6;False;IPV897;3;170,6
2008-09-30 22:00:00;1;2008;-7,5;False;IPV897;4;63,0
2008-12-31 23:00:00;1;2009;-9,4;False;IPV897;1;25,3
2009-03-31 22:00:00;1;2009;-8,5;False;IPV897;2;-9,6
2009-06-30 22:00:00;1;2009;-6,7;False;IPV897;3;-21,2
2009-09-30 22:00:00;1;2009;-2,6;False;IPV897;4;-61,2
2009-12-31 23:00:00;1;2010;-1,7;False;IPV897;1;-34,6
2010-03-31 22:00:00;1;2010;-0,8;False;IPV897;2;-52,9
2010-06-30 22:00:00;1;2010;-3,0;False;IPV897;3;275,0
2010-09-30 22:00:00;1;2010;-2,2;False;IPV897;4;-26,7
2010-12-31 23:00:00;1;2011;-4,0;False;IPV897;1;81,8
2011-03-31 22:00:00;1;2011;-5,8;False;IPV897;2;45,0
2011-06-30 22:00:00;1;2011;-7,4;False;IPV897;3;27,6
2011-09-30 22:00:00;1;2011;-9,2;False;IPV897;4;24,3
2011-12-31 23:00:00;1;2012;-11,3;False;IPV897;1;22,8
2012-03-31 22:00:00;1;2012;-14,7;False;IPV897;2;30,1
2012-06-30 22:00:00;1;2012;-15,2;False;IPV897;3;3,4
2012-09-30 22:00:00;1;2012;-14,1;False;IPV897;4;-7,2
2012-12-31 23:00:00;1;2013;-12,2;False;IPV897;1;-13,5
2013-03-31 22:00:00;1;2013;-8,8;False;IPV897;2;-27,9
2013-06-30 22:00:00;1;2013;-5,1;False;IPV897;3;-42,0
2013-09-30 22:00:00;1;2013;-6,4;False;IPV897;4;25,5
2013-12-31 23:00:00;1;2014;-4,6;False;IPV897;1;-28,1
2014-03-31 22:00:00;1;2014;-0,8;False;IPV897;2;-82,6
2014-06-30 22:00:00;1;2014;-1,0;False;IPV897;3;25,0
2014-09-30 22:00:00;1;2014;0,5;False;IPV897;4;-150,0
2014-12-31 23:00:00;1;2015;1,6;False;IPV897;1;220,0
2015-03-31 22:00:00;1;2015;3,3;False;IPV897;2;106,2
2015-06-30 22:00:00;1;2015;4,4;False;IPV897;3;33,3
2015-09-30 22:00:00;1;2015;3,2;False;IPV897;4;-27,3
2015-12-31 23:00:00;1;2016;5,6;False;IPV897;1;75,0
2016-03-31 22:00:00;1;2016;1,2;False;IPV897;2;-78,6
2016-06-30 22:00:00;1;2016;1,7;False;IPV897;3;41,7
2016-09-30 22:00:00;1;2016;3,1;False;IPV897;4;82,4
2016-12-31 23:00:00;1;2017;3,4;False;IPV897;1;9,7
2017-03-31 22:00:00;1;2017;3,8;False;IPV897;2;11,8
2017-06-30 22:00:00;1;2017;4,6;False;IPV897;3;21,1
2017-09-30 22:00:00;1;2017;6,0;False;IPV897;4;30,4
2017-12-31 23:00:00;1;2018;4,6;False;IPV897;1;-23,3
2018-03-31 22:00:00;1;2018;6,1;False;IPV897;2;32,6
2018-06-30 22:00:00;1;2018;5,4;False;IPV897;3;-11,5
2018-09-30 22:00:00;1;2018;4,0;False;IPV897;4;-25,9
2018-12-31 23:00:00;1;2019;4,9;False;IPV897;1;22,5
2019-03-31 22:00:00;1;2019;3,0;False;IPV897;2;-38,8
2019-06-30 22:00:00;1;2019;3,7;False;IPV897;3;23,3
2019-09-30 22:00:00;1;2019;3,1;False;IPV897;4;-16,2
2019-12-31 23:00:00;1;2020;1,8;False;IPV897;1;-41,9
2020-03-31 22:00:00;1;2020;0,3;False;IPV897;2;-83,3
2020-06-30 22:00:00;1;2020;0,7;False;IPV897;3;133,3
2020-09-30 22:00:00;1;2020;0,5;False;IPV897;4;-28,6
2020-12-31 23:00:00;1;2021;1,7;False;IPV897;1;240,0
2021-03-31 22:00:00;1;2021;6,4;False;IPV897;2;276,5
2021-06-30 22:00:00;1;2021;7,3;False;IPV897;3;14,1
2021-09-30 22:00:00;1;2021;7,9;False;IPV897;4;8,2
2021-12-31 23:00:00;1;2022;10,8;False;IPV897;1;36,7
2022-03-31 22:00:00;1;2022;9,7;False;IPV897;2;-10,2
2022-06-30 22:00:00;1;2022;8,0;False;IPV897;3;-17,5
2022-09-30 22:00:00;1;2022;7,9;False;IPV897;4;-1,2
2022-12-31 23:00:00;1;2023;5,0;False;IPV897;1;-36,7
2023-03-31 22:00:00;1;2023;3,7;False;IPV897;2;-26,0
2023-06-30 22:00:00;1;2023;6,2;False;IPV897;3;67,6
2023-09-30 22:00:00;1;2023;4,5;False;IPV897;4;-27,4
2023-12-31 23:00:00;1;2024;5,7;False;IPV897;1;26,7
2024-03-31 22:00:00;1;2024;8,3;False;IPV897;2;45,6
2024-06-30 22:00:00;1;2024;6,8;False;IPV897;3;-18,1
2024-09-30 22:00:00;1;2024;10,4;False;IPV897;4;52,9
2024-12-31 23:00:00;1;2025;12,5;False;IPV897;1;20,2
2025-03-31 22:00:00;1;2025;11,8;False;IPV897;2;-5,6
2025-06-30 22:00:00;1;2025;12,2;False;IPV897;3;3,4
2025-09-30 22:00:00;1;2025;11,1;False;IPV897;4;-9,0
2006-12-31 23:00:00;1;2007;2,3;False;IPV898;1;0,0
2007-03-31 22:00:00;1;2007;3,6;False;IPV898;2;56,5
2007-06-30 22:00:00;1;2007;0,8;False;IPV898;3;-77,8
2007-09-30 22:00:00;1;2007;-1,0;False;IPV898;4;-225,0
2007-12-31 23:00:00;1;2008;-0,1;False;IPV898;1;-90,0
2008-03-31 22:00:00;1;2008;-1,3;False;IPV898;2;1200,0
2008-06-30 22:00:00;1;2008;-2,2;False;IPV898;3;69,2
2008-09-30 22:00:00;1;2008;-4,1;False;IPV898;4;86,4
2008-12-31 23:00:00;1;2009;-2,2;False;IPV898;1;-46,3
2009-03-31 22:00:00;1;2009;-0,3;False;IPV898;2;-86,4
2009-06-30 22:00:00;1;2009;-0,3;False;IPV898;3;0,0
2009-09-30 22:00:00;1;2009;0,2;False;IPV898;4;-166,7
2009-12-31 23:00:00;1;2010;-1,4;False;IPV898;1;-800,0
2010-03-31 22:00:00;1;2010;0,7;False;IPV898;2;-150,0
2010-06-30 22:00:00;1;2010;-2,5;False;IPV898;3;-457,1
2010-09-30 22:00:00;1;2010;1,1;False;IPV898;4;-144,0
2010-12-31 23:00:00;1;2011;-3,3;False;IPV898;1;-400,0
2011-03-31 22:00:00;1;2011;-1,1;False;IPV898;2;-66,7
2011-06-30 22:00:00;1;2011;-4,2;False;IPV898;3;281,8
2011-09-30 22:00:00;1;2011;-0,9;False;IPV898;4;-78,6
2011-12-31 23:00:00;1;2012;-5,5;False;IPV898;1;511,1
2012-03-31 22:00:00;1;2012;-4,8;False;IPV898;2;-12,7
2012-06-30 22:00:00;1;2012;-4,9;False;IPV898;3;2,1
2012-09-30 22:00:00;1;2012;0,4;False;IPV898;4;-108,2
2012-12-31 23:00:00;1;2013;-3,4;False;IPV898;1;-950,0
2013-03-31 22:00:00;1;2013;-1,1;False;IPV898;2;-67,6
2013-06-30 22:00:00;1;2013;-1,1;False;IPV898;3;0,0
2013-09-30 22:00:00;1;2013;-0,9;False;IPV898;4;-18,2
2013-12-31 23:00:00;1;2014;-1,5;False;IPV898;1;66,7
2014-03-31 22:00:00;1;2014;2,8;False;IPV898;2;-286,7
2014-06-30 22:00:00;1;2014;-1,3;False;IPV898;3;-146,4
2014-09-30 22:00:00;1;2014;0,6;False;IPV898;4;-146,2
2014-12-31 23:00:00;1;2015;-0,5;False;IPV898;1;-183,3
2015-03-31 22:00:00;1;2015;4,5;False;IPV898;2;-1000,0
2015-06-30 22:00:00;1;2015;-0,2;False;IPV898;3;-104,4
2015-09-30 22:00:00;1;2015;-0,6;False;IPV898;4;200,0
2015-12-31 23:00:00;1;2016;1,9;False;IPV898;1;-416,7
2016-03-31 22:00:00;1;2016;0,2;False;IPV898;2;-89,5
2016-06-30 22:00:00;1;2016;0,2;False;IPV898;3;0,0
2016-09-30 22:00:00;1;2016;0,8;False;IPV898;4;300,0
2016-12-31 23:00:00;1;2017;2,2;False;IPV898;1;175,0
2017-03-31 22:00:00;1;2017;0,6;False;IPV898;2;-72,7
2017-06-30 22:00:00;1;2017;1,0;False;IPV898;3;66,7
2017-09-30 22:00:00;1;2017;2,1;False;IPV898;4;110,0
2017-12-31 23:00:00;1;2018;0,9;False;IPV898;1;-57,1
2018-03-31 22:00:00;1;2018;2,0;False;IPV898;2;122,2
2018-06-30 22:00:00;1;2018;0,3;False;IPV898;3;-85,0
2018-09-30 22:00:00;1;2018;0,7;False;IPV898;4;133,3
2018-12-31 23:00:00;1;2019;1,7;False;IPV898;1;142,9
2019-03-31 22:00:00;1;2019;0,2;False;IPV898;2;-88,2
2019-06-30 22:00:00;1;2019;1,0;False;IPV898;3;400,0
2019-09-30 22:00:00;1;2019;0,2;False;IPV898;4;-80,0
2019-12-31 23:00:00;1;2020;0,4;False;IPV898;1;100,0
2020-03-31 22:00:00;1;2020;-1,2;False;IPV898;2;-400,0
2020-06-30 22:00:00;1;2020;1,4;False;IPV898;3;-216,7
2020-09-30 22:00:00;1;2020;-0,1;False;IPV898;4;-107,1
2020-12-31 23:00:00;1;2021;1,6;False;IPV898;1;-1700,0
2021-03-31 22:00:00;1;2021;3,3;False;IPV898;2;106,2
2021-06-30 22:00:00;1;2021;2,3;False;IPV898;3;-30,3
2021-09-30 22:00:00;1;2021;0,4;False;IPV898;4;-82,6
2021-12-31 23:00:00;1;2022;4,3;False;IPV898;1;975,0
2022-03-31 22:00:00;1;2022;2,3;False;IPV898;2;-46,5
2022-06-30 22:00:00;1;2022;0,8;False;IPV898;3;-65,2
2022-09-30 22:00:00;1;2022;0,3;False;IPV898;4;-62,5
2022-12-31 23:00:00;1;2023;1,5;False;IPV898;1;400,0
2023-03-31 22:00:00;1;2023;1,1;False;IPV898;2;-26,7
2023-06-30 22:00:00;1;2023;3,2;False;IPV898;3;190,9
2023-09-30 22:00:00;1;2023;-1,3;False;IPV898;4;-140,6
2023-12-31 23:00:00;1;2024;2,6;False;IPV898;1;-300,0
2024-03-31 22:00:00;1;2024;3,6;False;IPV898;2;38,5
2024-06-30 22:00:00;1;2024;1,8;False;IPV898;3;-50,0
2024-09-30 22:00:00;1;2024;1,9;False;IPV898;4;5,6
2024-12-31 23:00:00;1;2025;4,6;False;IPV898;1;142,1
2025-03-31 22:00:00;1;2025;3,0;False;IPV898;2;-34,8
2025-06-30 22:00:00;1;2025;2,2;False;IPV898;3;-26,7
2025-09-30 22:00:00;1;2025;0,9;False;IPV898;4;-59,1
2006-12-31 23:00:00;1;2007;2,6;False;IPV899;1;0,0
2007-03-31 22:00:00;1;2007;5,4;False;IPV899;2;107,7
2007-06-30 22:00:00;1;2007;8,4;False;IPV899;3;55,6
2007-09-30 22:00:00;1;2007;11,8;False;IPV899;4;40,5
2007-12-31 23:00:00;1;2008;1,0;False;IPV899;1;-91,5
2008-03-31 22:00:00;1;2008;1,5;False;IPV899;2;50,0
2008-06-30 22:00:00;1;2008;2,9;False;IPV899;3;93,3
2008-09-30 22:00:00;1;2008;2,7;False;IPV899;4;-6,9
2008-12-31 23:00:00;1;2009;-0,9;False;IPV899;1;-133,3
2009-03-31 22:00:00;1;2009;-1,4;False;IPV899;2;55,6
2009-06-30 22:00:00;1;2009;-1,6;False;IPV899;3;14,3
2009-09-30 22:00:00;1;2009;-2,4;False;IPV899;4;50,0
2009-12-31 23:00:00;1;2010;-2,0;False;IPV899;1;-16,7
2010-03-31 22:00:00;1;2010;-0,5;False;IPV899;2;-75,0
2010-06-30 22:00:00;1;2010;-1,9;False;IPV899;3;280,0
2010-09-30 22:00:00;1;2010;-4,2;False;IPV899;4;121,1
2010-12-31 23:00:00;1;2011;-0,1;False;IPV899;1;-97,6
2011-03-31 22:00:00;1;2011;-0,7;False;IPV899;2;600,0
2011-06-30 22:00:00;1;2011;-3,6;False;IPV899;3;414,3
2011-09-30 22:00:00;1;2011;-5,9;False;IPV899;4;63,9
2011-12-31 23:00:00;1;2012;-3,9;False;IPV899;1;-33,9
2012-03-31 22:00:00;1;2012;-8,9;False;IPV899;2;128,2
2012-06-30 22:00:00;1;2012;-12,1;False;IPV899;3;36,0
2012-09-30 22:00:00;1;2012;-11,9;False;IPV899;4;-1,7
2012-12-31 23:00:00;1;2013;-4,7;False;IPV899;1;-60,5
2013-03-31 22:00:00;1;2013;-9,0;False;IPV899;2;91,5
2013-06-30 22:00:00;1;2013;-8,4;False;IPV899;3;-6,7
2013-09-30 22:00:00;1;2013;-8,4;False;IPV899;4;0,0
2013-12-31 23:00:00;1;2014;-1,0;False;IPV899;1;-88,1
2014-03-31 22:00:00;1;2014;1,4;False;IPV899;2;-240,0
2014-06-30 22:00:00;1;2014;1,5;False;IPV899;3;7,1
2014-09-30 22:00:00;1;2014;0,6;False;IPV899;4;-60,0
2014-12-31 23:00:00;1;2015;3,1;False;IPV899;1;416,7
2015-03-31 22:00:00;1;2015;6,6;False;IPV899;2;112,9
2015-06-30 22:00:00;1;2015;5,0;False;IPV899;3;-24,2
2015-09-30 22:00:00;1;2015;6,7;False;IPV899;4;34,0
2015-12-31 23:00:00;1;2016;4,4;False;IPV899;1;-34,3
2016-03-31 22:00:00;1;2016;7,1;False;IPV899;2;61,4
2016-06-30 22:00:00;1;2016;5,6;False;IPV899;3;-21,1
2016-09-30 22:00:00;1;2016;5,3;False;IPV899;4;-5,4
2016-12-31 23:00:00;1;2017;3,3;False;IPV899;1;-37,7
2017-03-31 22:00:00;1;2017;3,7;False;IPV899;2;12,1
2017-06-30 22:00:00;1;2017;4,4;False;IPV899;3;18,9
2017-09-30 22:00:00;1;2017;6,6;False;IPV899;4;50,0
2017-12-31 23:00:00;1;2018;0,3;False;IPV899;1;-95,5
2018-03-31 22:00:00;1;2018;1,4;False;IPV899;2;366,7
2018-06-30 22:00:00;1;2018;2,4;False;IPV899;3;71,4
2018-09-30 22:00:00;1;2018;5,9;False;IPV899;4;145,8
2018-12-31 23:00:00;1;2019;3,1;False;IPV899;1;-47,5
2019-03-31 22:00:00;1;2019;0,9;False;IPV899;2;-71,0
2019-06-30 22:00:00;1;2019;1,5;False;IPV899;3;66,7
2019-09-30 22:00:00;1;2019;2,1;False;IPV899;4;40,0
2019-12-31 23:00:00;1;2020;3,2;False;IPV899;1;52,4
2020-03-31 22:00:00;1;2020;3,7;False;IPV899;2;15,6
2020-06-30 22:00:00;1;2020;9,7;False;IPV899;3;162,2
2020-09-30 22:00:00;1;2020;5,3;False;IPV899;4;-45,4
2020-12-31 23:00:00;1;2021;1,0;False;IPV899;1;-81,1
2021-03-31 22:00:00;1;2021;4,9;False;IPV899;2;390,0
2021-06-30 22:00:00;1;2021;6,7;False;IPV899;3;36,7
2021-09-30 22:00:00;1;2021;7,1;False;IPV899;4;6,0
2021-12-31 23:00:00;1;2022;5,9;False;IPV899;1;-16,9
2022-03-31 22:00:00;1;2022;4,5;False;IPV899;2;-23,7
2022-06-30 22:00:00;1;2022;7,7;False;IPV899;3;71,1
2022-09-30 22:00:00;1;2022;11,1;False;IPV899;4;44,2
2022-12-31 23:00:00;1;2023;5,8;False;IPV899;1;-47,7
2023-03-31 22:00:00;1;2023;7,2;False;IPV899;2;24,1
2023-06-30 22:00:00;1;2023;8,0;False;IPV899;3;11,1
2023-09-30 22:00:00;1;2023;5,1;False;IPV899;4;-36,3
2023-12-31 23:00:00;1;2024;8,4;False;IPV899;1;64,7
2024-03-31 22:00:00;1;2024;13,0;False;IPV899;2;54,8
2024-06-30 22:00:00;1;2024;13,1;False;IPV899;3;0,8
2024-09-30 22:00:00;1;2024;13,3;False;IPV899;4;1,5
2024-12-31 23:00:00;1;2025;7,7;False;IPV899;1;-42,1
2025-03-31 22:00:00;1;2025;10,4;False;IPV899;2;35,1
2025-06-30 22:00:00;1;2025;12,2;False;IPV899;3;17,3
2025-09-30 22:00:00;1;2025;9,6;False;IPV899;4;-21,3
2006-12-31 23:00:00;1;2007;14,9;False;IPV900;1;0,0
2007-03-31 22:00:00;1;2007;15,3;False;IPV900;2;2,7
2007-06-30 22:00:00;1;2007;13,4;False;IPV900;3;-12,4
2007-09-30 22:00:00;1;2007;11,8;False;IPV900;4;-11,9
2007-12-31 23:00:00;1;2008;10,1;False;IPV900;1;-14,4
2008-03-31 22:00:00;1;2008;7,6;False;IPV900;2;-24,8
2008-06-30 22:00:00;1;2008;6,1;False;IPV900;3;-19,7
2008-09-30 22:00:00;1;2008;2,7;False;IPV900;4;-55,7
2008-12-31 23:00:00;1;2009;0,8;False;IPV900;1;-70,4
2009-03-31 22:00:00;1;2009;-0,2;False;IPV900;2;-125,0
2009-06-30 22:00:00;1;2009;-1,7;False;IPV900;3;750,0
2009-09-30 22:00:00;1;2009;-2,4;False;IPV900;4;41,2
2009-12-31 23:00:00;1;2010;-3,5;False;IPV900;1;45,8
2010-03-31 22:00:00;1;2010;-1,5;False;IPV900;2;-57,1
2010-06-30 22:00:00;1;2010;-2,7;False;IPV900;3;80,0
2010-09-30 22:00:00;1;2010;-4,2;False;IPV900;4;55,6
2010-12-31 23:00:00;1;2011;-2,4;False;IPV900;1;-42,9
2011-03-31 22:00:00;1;2011;-4,4;False;IPV900;2;83,3
2011-06-30 22:00:00;1;2011;-5,8;False;IPV900;3;31,8
2011-09-30 22:00:00;1;2011;-5,9;False;IPV900;4;1,7
2011-12-31 23:00:00;1;2012;-9,5;False;IPV900;1;61,0
2012-03-31 22:00:00;1;2012;-13,6;False;IPV900;2;43,2
2012-06-30 22:00:00;1;2012;-14,2;False;IPV900;3;4,4
2012-09-30 22:00:00;1;2012;-11,9;False;IPV900;4;-16,2
2012-12-31 23:00:00;1;2013;-12,6;False;IPV900;1;5,9
2013-03-31 22:00:00;1;2013;-12,0;False;IPV900;2;-4,8
2013-06-30 22:00:00;1;2013;-8,2;False;IPV900;3;-31,7
2013-09-30 22:00:00;1;2013;-8,4;False;IPV900;4;2,4
2013-12-31 23:00:00;1;2014;-4,9;False;IPV900;1;-41,7
2014-03-31 22:00:00;1;2014;2,1;False;IPV900;2;-142,9
2014-06-30 22:00:00;1;2014;1,6;False;IPV900;3;-23,8
2014-09-30 22:00:00;1;2014;0,6;False;IPV900;4;-62,5
2014-12-31 23:00:00;1;2015;4,8;False;IPV900;1;700,0
2015-03-31 22:00:00;1;2015;5,7;False;IPV900;2;18,8
2015-06-30 22:00:00;1;2015;4,1;False;IPV900;3;-28,1
2015-09-30 22:00:00;1;2015;6,7;False;IPV900;4;63,4
2015-12-31 23:00:00;1;2016;8,1;False;IPV900;1;20,9
2016-03-31 22:00:00;1;2016;7,3;False;IPV900;2;-9,9
2016-06-30 22:00:00;1;2016;7,4;False;IPV900;3;1,4
2016-09-30 22:00:00;1;2016;5,3;False;IPV900;4;-28,4
2016-12-31 23:00:00;1;2017;4,1;False;IPV900;1;-22,6
2017-03-31 22:00:00;1;2017;2,0;False;IPV900;2;-51,2
2017-06-30 22:00:00;1;2017;4,0;False;IPV900;3;100,0
2017-09-30 22:00:00;1;2017;6,6;False;IPV900;4;65,0
2017-12-31 23:00:00;1;2018;3,5;False;IPV900;1;-47,0
2018-03-31 22:00:00;1;2018;4,2;False;IPV900;2;20,0
2018-06-30 22:00:00;1;2018;4,6;False;IPV900;3;9,5
2018-09-30 22:00:00;1;2018;5,9;False;IPV900;4;28,3
2018-12-31 23:00:00;1;2019;8,8;False;IPV900;1;49,2
2019-03-31 22:00:00;1;2019;5,4;False;IPV900;2;-38,6
2019-06-30 22:00:00;1;2019;4,9;False;IPV900;3;-9,3
2019-09-30 22:00:00;1;2019;2,1;False;IPV900;4;-57,1
2019-12-31 23:00:00;1;2020;2,2;False;IPV900;1;4,8
2020-03-31 22:00:00;1;2020;4,9;False;IPV900;2;122,7
2020-06-30 22:00:00;1;2020;10,3;False;IPV900;3;110,2
2020-09-30 22:00:00;1;2020;5,3;False;IPV900;4;-48,5
2020-12-31 23:00:00;1;2021;3,1;False;IPV900;1;-41,5
2021-03-31 22:00:00;1;2021;6,5;False;IPV900;2;109,7
2021-06-30 22:00:00;1;2021;2,4;False;IPV900;3;-63,1
2021-09-30 22:00:00;1;2021;7,1;False;IPV900;4;195,8
2021-12-31 23:00:00;1;2022;12,3;False;IPV900;1;73,2
2022-03-31 22:00:00;1;2022;6,8;False;IPV900;2;-44,7
2022-06-30 22:00:00;1;2022;8,1;False;IPV900;3;19,1
2022-09-30 22:00:00;1;2022;11,1;False;IPV900;4;37,0
2022-12-31 23:00:00;1;2023;11,0;False;IPV900;1;-0,9
2023-03-31 22:00:00;1;2023;14,0;False;IPV900;2;27,3
2023-06-30 22:00:00;1;2023;11,3;False;IPV900;3;-19,3
2023-09-30 22:00:00;1;2023;5,1;False;IPV900;4;-54,9
2023-12-31 23:00:00;1;2024;7,6;False;IPV900;1;49,0
2024-03-31 22:00:00;1;2024;10,7;False;IPV900;2;40,8
2024-06-30 22:00:00;1;2024;10,0;False;IPV900;3;-6,5
2024-09-30 22:00:00;1;2024;13,3;False;IPV900;4;33,0
2024-12-31 23:00:00;1;2025;12,6;False;IPV900;1;-5,3
2025-03-31 22:00:00;1;2025;10,7;False;IPV900;2;-15,1
2025-06-30 22:00:00;1;2025;12,4;False;IPV900;3;15,9
2025-09-30 22:00:00;1;2025;9,6;False;IPV900;4;-22,6
2006-12-31 23:00:00;1;2007;2,6;False;IPV901;1;0,0
2007-03-31 22:00:00;1;2007;2,8;False;IPV901;2;7,7
2007-06-30 22:00:00;1;2007;2,8;False;IPV901;3;0,0
2007-09-30 22:00:00;1;2007;3,2;False;IPV901;4;14,3
2007-12-31 23:00:00;1;2008;1,0;False;IPV901;1;-68,8
2008-03-31 22:00:00;1;2008;0,5;False;IPV901;2;-50,0
2008-06-30 22:00:00;1;2008;1,4;False;IPV901;3;180,0
2008-09-30 22:00:00;1;2008;-0,1;False;IPV901;4;-107,1
2008-12-31 23:00:00;1;2009;-0,9;False;IPV901;1;800,0
2009-03-31 22:00:00;1;2009;-0,5;False;IPV901;2;-44,4
2009-06-30 22:00:00;1;2009;-0,2;False;IPV901;3;-60,0
2009-09-30 22:00:00;1;2009;-0,8;False;IPV901;4;300,0
2009-12-31 23:00:00;1;2010;-2,0;False;IPV901;1;150,0
2010-03-31 22:00:00;1;2010;1,5;False;IPV901;2;-175,0
2010-06-30 22:00:00;1;2010;-1,4;False;IPV901;3;-193,3
2010-09-30 22:00:00;1;2010;-2,4;False;IPV901;4;71,4
2010-12-31 23:00:00;1;2011;-0,1;False;IPV901;1;-95,8
2011-03-31 22:00:00;1;2011;-0,6;False;IPV901;2;500,0
2011-06-30 22:00:00;1;2011;-2,9;False;IPV901;3;383,3
2011-09-30 22:00:00;1;2011;-2,4;False;IPV901;4;-17,2
2011-12-31 23:00:00;1;2012;-3,9;False;IPV901;1;62,5
2012-03-31 22:00:00;1;2012;-5,2;False;IPV901;2;33,3
2012-06-30 22:00:00;1;2012;-3,5;False;IPV901;3;-32,7
2012-09-30 22:00:00;1;2012;0,2;False;IPV901;4;-105,7
2012-12-31 23:00:00;1;2013;-4,7;False;IPV901;1;-2450,0
2013-03-31 22:00:00;1;2013;-4,5;False;IPV901;2;-4,3
2013-06-30 22:00:00;1;2013;0,6;False;IPV901;3;-113,3
2013-09-30 22:00:00;1;2013;0,0;False;IPV901;4;-100,0
2013-12-31 23:00:00;1;2014;-1,0;False;IPV901;1;-inf
2014-03-31 22:00:00;1;2014;2,5;False;IPV901;2;-350,0
2014-06-30 22:00:00;1;2014;0,1;False;IPV901;3;-96,0
2014-09-30 22:00:00;1;2014;-0,9;False;IPV901;4;-1000,0
2014-12-31 23:00:00;1;2015;3,1;False;IPV901;1;-444,4
2015-03-31 22:00:00;1;2015;3,4;False;IPV901;2;9,7
2015-06-30 22:00:00;1;2015;-1,5;False;IPV901;3;-144,1
2015-09-30 22:00:00;1;2015;1,6;False;IPV901;4;-206,7
2015-12-31 23:00:00;1;2016;4,4;False;IPV901;1;175,0
2016-03-31 22:00:00;1;2016;2,5;False;IPV901;2;-43,2
2016-06-30 22:00:00;1;2016;-1,3;False;IPV901;3;-152,0
2016-09-30 22:00:00;1;2016;-0,3;False;IPV901;4;-76,9
2016-12-31 23:00:00;1;2017;3,3;False;IPV901;1;-1200,0
2017-03-31 22:00:00;1;2017;0,4;False;IPV901;2;-87,9
2017-06-30 22:00:00;1;2017;0,6;False;IPV901;3;50,0
2017-09-30 22:00:00;1;2017;2,1;False;IPV901;4;250,0
2017-12-31 23:00:00;1;2018;0,3;False;IPV901;1;-85,7
2018-03-31 22:00:00;1;2018;1,1;False;IPV901;2;266,7
2018-06-30 22:00:00;1;2018;1,0;False;IPV901;3;-9,1
2018-09-30 22:00:00;1;2018;3,4;False;IPV901;4;240,0
2018-12-31 23:00:00;1;2019;3,1;False;IPV901;1;-8,8
2019-03-31 22:00:00;1;2019;-2,1;False;IPV901;2;-167,7
2019-06-30 22:00:00;1;2019;0,6;False;IPV901;3;-128,6
2019-09-30 22:00:00;1;2019;0,5;False;IPV901;4;-16,7
2019-12-31 23:00:00;1;2020;3,2;False;IPV901;1;540,0
2020-03-31 22:00:00;1;2020;0,5;False;IPV901;2;-84,4
2020-06-30 22:00:00;1;2020;5,8;False;IPV901;3;1060,0
2020-09-30 22:00:00;1;2020;-4,0;False;IPV901;4;-169,0
2020-12-31 23:00:00;1;2021;1,0;False;IPV901;1;-125,0
2021-03-31 22:00:00;1;2021;3,8;False;IPV901;2;280,0
2021-06-30 22:00:00;1;2021;1,8;False;IPV901;3;-52,6
2021-09-30 22:00:00;1;2021;0,4;False;IPV901;4;-77,8
2021-12-31 23:00:00;1;2022;5,9;False;IPV901;1;1375,0
2022-03-31 22:00:00;1;2022;-1,3;False;IPV901;2;-122,0
2022-06-30 22:00:00;1;2022;3,1;False;IPV901;3;-338,5
2022-09-30 22:00:00;1;2022;3,1;False;IPV901;4;0,0
2022-12-31 23:00:00;1;2023;5,8;False;IPV901;1;87,1
2023-03-31 22:00:00;1;2023;1,3;False;IPV901;2;-77,6
2023-06-30 22:00:00;1;2023;0,7;False;IPV901;3;-46,2
2023-09-30 22:00:00;1;2023;-2,7;False;IPV901;4;-485,7
2023-12-31 23:00:00;1;2024;8,4;False;IPV901;1;-411,1
2024-03-31 22:00:00;1;2024;4,2;False;IPV901;2;-50,0
2024-06-30 22:00:00;1;2024;0,1;False;IPV901;3;-97,6
2024-09-30 22:00:00;1;2024;0,2;False;IPV901;4;100,0
2024-12-31 23:00:00;1;2025;7,7;False;IPV901;1;3750,0
2025-03-31 22:00:00;1;2025;2,4;False;IPV901;2;-68,8
2025-06-30 22:00:00;1;2025;1,7;False;IPV901;3;-29,2
2025-09-30 22:00:00;1;2025;-2,3;False;IPV901;4;-235,3
2006-12-31 23:00:00;1;2007;2,4;False;IPV902;1;0,0
2007-03-31 22:00:00;1;2007;5,7;False;IPV902;2;137,5
2007-06-30 22:00:00;1;2007;7,5;False;IPV902;3;31,6
2007-09-30 22:00:00;1;2007;8,6;False;IPV902;4;14,7
2007-12-31 23:00:00;1;2008;0,4;False;IPV902;1;-95,3
2008-03-31 22:00:00;1;2008;0,0;False;IPV902;2;-100,0
2008-06-30 22:00:00;1;2008;-0,4;False;IPV902;3;-inf
2008-09-30 22:00:00;1;2008;-2,4;False;IPV902;4;500,0
2008-12-31 23:00:00;1;2009;-1,5;False;IPV902;1;-37,5
2009-03-31 22:00:00;1;2009;-1,9;False;IPV902;2;26,7
2009-06-30 22:00:00;1;2009;-2,1;False;IPV902;3;10,5
2009-09-30 22:00:00;1;2009;-2,5;False;IPV902;4;19,0
2009-12-31 23:00:00;1;2010;-1,7;False;IPV902;1;-32,0
2010-03-31 22:00:00;1;2010;-0,6;False;IPV902;2;-64,7
2010-06-30 22:00:00;1;2010;-2,6;False;IPV902;3;333,3
2010-09-30 22:00:00;1;2010;-3,2;False;IPV902;4;23,1
2010-12-31 23:00:00;1;2011;-1,8;False;IPV902;1;-43,8
2011-03-31 22:00:00;1;2011;-2,7;False;IPV902;2;50,0
2011-06-30 22:00:00;1;2011;-6,1;False;IPV902;3;125,9
2011-09-30 22:00:00;1;2011;-7,7;False;IPV902;4;26,2
2011-12-31 23:00:00;1;2012;-5,0;False;IPV902;1;-35,1
2012-03-31 22:00:00;1;2012;-9,7;False;IPV902;2;94,0
2012-06-30 22:00:00;1;2012;-13,6;False;IPV902;3;40,2
2012-09-30 22:00:00;1;2012;-13,3;False;IPV902;4;-2,2
2012-12-31 23:00:00;1;2013;-3,7;False;IPV902;1;-72,2
2013-03-31 22:00:00;1;2013;-5,4;False;IPV902;2;45,9
2013-06-30 22:00:00;1;2013;-6,1;False;IPV902;3;13,0
2013-09-30 22:00:00;1;2013;-6,8;False;IPV902;4;11,5
2013-12-31 23:00:00;1;2014;-1,5;False;IPV902;1;-77,9
2014-03-31 22:00:00;1;2014;1,3;False;IPV902;2;-186,7
2014-06-30 22:00:00;1;2014;0,1;False;IPV902;3;-92,3
2014-09-30 22:00:00;1;2014;0,5;False;IPV902;4;400,0
2014-12-31 23:00:00;1;2015;0,0;False;IPV902;1;-100,0
2015-03-31 22:00:00;1;2015;4,3;False;IPV902;2;inf
2015-06-30 22:00:00;1;2015;3,9;False;IPV902;3;-9,3
2015-09-30 22:00:00;1;2015;3,6;False;IPV902;4;-7,7
2015-12-31 23:00:00;1;2016;2,1;False;IPV902;1;-41,7
2016-03-31 22:00:00;1;2016;2,6;False;IPV902;2;23,8
2016-06-30 22:00:00;1;2016;2,7;False;IPV902;3;3,8
2016-09-30 22:00:00;1;2016;3,3;False;IPV902;4;22,2
2016-12-31 23:00:00;1;2017;2,3;False;IPV902;1;-30,3
2017-03-31 22:00:00;1;2017;2,9;False;IPV902;2;26,1
2017-06-30 22:00:00;1;2017;3,8;False;IPV902;3;31,0
2017-09-30 22:00:00;1;2017;6,0;False;IPV902;4;57,9
2017-12-31 23:00:00;1;2018;0,8;False;IPV902;1;-86,7
2018-03-31 22:00:00;1;2018;2,8;False;IPV902;2;250,0
2018-06-30 22:00:00;1;2018;3,2;False;IPV902;3;14,3
2018-09-30 22:00:00;1;2018;4,1;False;IPV902;4;28,1
2018-12-31 23:00:00;1;2019;1,8;False;IPV902;1;-56,1
2019-03-31 22:00:00;1;2019;1,9;False;IPV902;2;5,6
2019-06-30 22:00:00;1;2019;2,8;False;IPV902;3;47,4
2019-09-30 22:00:00;1;2019;3,1;False;IPV902;4;10,7
2019-12-31 23:00:00;1;2020;0,6;False;IPV902;1;-80,6
2020-03-31 22:00:00;1;2020;-0,5;False;IPV902;2;-183,3
2020-06-30 22:00:00;1;2020;1,2;False;IPV902;3;-340,0
2020-09-30 22:00:00;1;2020;0,8;False;IPV902;4;-33,3
2020-12-31 23:00:00;1;2021;1,5;False;IPV902;1;87,5
2021-03-31 22:00:00;1;2021;5,0;False;IPV902;2;233,3
2021-06-30 22:00:00;1;2021;7,4;False;IPV902;3;48,0
2021-09-30 22:00:00;1;2021;7,8;False;IPV902;4;5,4
2021-12-31 23:00:00;1;2022;4,4;False;IPV902;1;-43,6
2022-03-31 22:00:00;1;2022;6,5;False;IPV902;2;47,7
2022-06-30 22:00:00;1;2022;7,6;False;IPV902;3;16,9
2022-09-30 22:00:00;1;2022;8,1;False;IPV902;4;6,6
2022-12-31 23:00:00;1;2023;1,9;False;IPV902;1;-76,5
2023-03-31 22:00:00;1;2023;3,0;False;IPV902;2;57,9
2023-06-30 22:00:00;1;2023;6,1;False;IPV902;3;103,3
2023-09-30 22:00:00;1;2023;4,5;False;IPV902;4;-26,2
2023-12-31 23:00:00;1;2024;3,1;False;IPV902;1;-31,1
2024-03-31 22:00:00;1;2024;6,9;False;IPV902;2;122,6
2024-06-30 22:00:00;1;2024;8,7;False;IPV902;3;26,1
2024-09-30 22:00:00;1;2024;10,6;False;IPV902;4;21,8
2024-12-31 23:00:00;1;2025;4,8;False;IPV902;1;-54,7
2025-03-31 22:00:00;1;2025;7,9;False;IPV902;2;64,6
2025-06-30 22:00:00;1;2025;10,3;False;IPV902;3;30,4
2025-09-30 22:00:00;1;2025;11,0;False;IPV902;4;6,8
2006-12-31 23:00:00;1;2007;14,6;False;IPV903;1;0,0
2007-03-31 22:00:00;1;2007;13,9;False;IPV903;2;-4,8
2007-06-30 22:00:00;1;2007;11,6;False;IPV903;3;-16,5
2007-09-30 22:00:00;1;2007;8,6;False;IPV903;4;-25,9
2007-12-31 23:00:00;1;2008;6,5;False;IPV903;1;-24,4
2008-03-31 22:00:00;1;2008;2,8;False;IPV903;2;-56,9
2008-06-30 22:00:00;1;2008;0,6;False;IPV903;3;-78,6
2008-09-30 22:00:00;1;2008;-2,4;False;IPV903;4;-500,0
2008-12-31 23:00:00;1;2009;-4,3;False;IPV903;1;79,2
2009-03-31 22:00:00;1;2009;-4,3;False;IPV903;2;0,0
2009-06-30 22:00:00;1;2009;-4,1;False;IPV903;3;-4,7
2009-09-30 22:00:00;1;2009;-2,5;False;IPV903;4;-39,0
2009-12-31 23:00:00;1;2010;-2,6;False;IPV903;1;4,0
2010-03-31 22:00:00;1;2010;-1,2;False;IPV903;2;-53,8
2010-06-30 22:00:00;1;2010;-2,9;False;IPV903;3;141,7
2010-09-30 22:00:00;1;2010;-3,2;False;IPV903;4;10,3
2010-12-31 23:00:00;1;2011;-3,3;False;IPV903;1;3,1
2011-03-31 22:00:00;1;2011;-5,2;False;IPV903;2;57,6
2011-06-30 22:00:00;1;2011;-6,7;False;IPV903;3;28,8
2011-09-30 22:00:00;1;2011;-7,7;False;IPV903;4;14,9
2011-12-31 23:00:00;1;2012;-10,6;False;IPV903;1;37,7
2012-03-31 22:00:00;1;2012;-14,3;False;IPV903;2;34,9
2012-06-30 22:00:00;1;2012;-15,0;False;IPV903;3;4,9
2012-09-30 22:00:00;1;2012;-13,3;False;IPV903;4;-11,3
2012-12-31 23:00:00;1;2013;-12,2;False;IPV903;1;-8,3
2013-03-31 22:00:00;1;2013;-9,2;False;IPV903;2;-24,6
2013-06-30 22:00:00;1;2013;-5,8;False;IPV903;3;-37,0
2013-09-30 22:00:00;1;2013;-6,8;False;IPV903;4;17,2
2013-12-31 23:00:00;1;2014;-4,7;False;IPV903;1;-30,9
2014-03-31 22:00:00;1;2014;-0,2;False;IPV903;2;-95,7
2014-06-30 22:00:00;1;2014;-0,6;False;IPV903;3;200,0
2014-09-30 22:00:00;1;2014;0,5;False;IPV903;4;-183,3
2014-12-31 23:00:00;1;2015;2,0;False;IPV903;1;300,0
2015-03-31 22:00:00;1;2015;3,6;False;IPV903;2;80,0
2015-06-30 22:00:00;1;2015;4,4;False;IPV903;3;22,2
2015-09-30 22:00:00;1;2015;3,6;False;IPV903;4;-18,2
2015-12-31 23:00:00;1;2016;5,9;False;IPV903;1;63,9
2016-03-31 22:00:00;1;2016;1,9;False;IPV903;2;-67,8
2016-06-30 22:00:00;1;2016;2,4;False;IPV903;3;26,3
2016-09-30 22:00:00;1;2016;3,3;False;IPV903;4;37,5
2016-12-31 23:00:00;1;2017;3,4;False;IPV903;1;3,0
2017-03-31 22:00:00;1;2017;3,6;False;IPV903;2;5,9
2017-06-30 22:00:00;1;2017;4,5;False;IPV903;3;25,0
2017-09-30 22:00:00;1;2017;6,0;False;IPV903;4;33,3
2017-12-31 23:00:00;1;2018;4,5;False;IPV903;1;-25,0
2018-03-31 22:00:00;1;2018;5,9;False;IPV903;2;31,1
2018-06-30 22:00:00;1;2018;5,4;False;IPV903;3;-8,5
2018-09-30 22:00:00;1;2018;4,1;False;IPV903;4;-24,1
2018-12-31 23:00:00;1;2019;5,2;False;IPV903;1;26,8
2019-03-31 22:00:00;1;2019;3,2;False;IPV903;2;-38,5
2019-06-30 22:00:00;1;2019;3,8;False;IPV903;3;18,7
2019-09-30 22:00:00;1;2019;3,1;False;IPV903;4;-18,4
2019-12-31 23:00:00;1;2020;1,8;False;IPV903;1;-41,9
2020-03-31 22:00:00;1;2020;0,6;False;IPV903;2;-66,7
2020-06-30 22:00:00;1;2020;1,4;False;IPV903;3;133,3
2020-09-30 22:00:00;1;2020;0,8;False;IPV903;4;-42,9
2020-12-31 23:00:00;1;2021;1,8;False;IPV903;1;125,0
2021-03-31 22:00:00;1;2021;6,4;False;IPV903;2;255,6
2021-06-30 22:00:00;1;2021;7,0;False;IPV903;3;9,4
2021-09-30 22:00:00;1;2021;7,8;False;IPV903;4;11,4
2021-12-31 23:00:00;1;2022;10,9;False;IPV903;1;39,7
2022-03-31 22:00:00;1;2022;9,4;False;IPV903;2;-13,8
2022-06-30 22:00:00;1;2022;8,1;False;IPV903;3;-13,8
2022-09-30 22:00:00;1;2022;8,1;False;IPV903;4;0,0
2022-12-31 23:00:00;1;2023;5,5;False;IPV903;1;-32,1
2023-03-31 22:00:00;1;2023;4,5;False;IPV903;2;-18,2
2023-06-30 22:00:00;1;2023;6,6;False;IPV903;3;46,7
2023-09-30 22:00:00;1;2023;4,5;False;IPV903;4;-31,8
2023-12-31 23:00:00;1;2024;5,8;False;IPV903;1;28,9
2024-03-31 22:00:00;1;2024;8,5;False;IPV903;2;46,6
2024-06-30 22:00:00;1;2024;7,1;False;IPV903;3;-16,5
2024-09-30 22:00:00;1;2024;10,6;False;IPV903;4;49,3
2024-12-31 23:00:00;1;2025;12,4;False;IPV903;1;17,0
2025-03-31 22:00:00;1;2025;11,6;False;IPV903;2;-6,5
2025-06-30 22:00:00;1;2025;12,2;False;IPV903;3;5,2
2025-09-30 22:00:00;1;2025;11,0;False;IPV903;4;-9,8
2006-12-31 23:00:00;1;2007;2,4;False;IPV904;1;0,0
2007-03-31 22:00:00;1;2007;3,2;False;IPV904;2;33,3
2007-06-30 22:00:00;1;2007;1,7;False;IPV904;3;-46,9
2007-09-30 22:00:00;1;2007;1,0;False;IPV904;4;-41,2
2007-12-31 23:00:00;1;2008;0,4;False;IPV904;1;-60,0
2008-03-31 22:00:00;1;2008;-0,4;False;IPV904;2;-200,0
2008-06-30 22:00:00;1;2008;-0,4;False;IPV904;3;0,0
2008-09-30 22:00:00;1;2008;-2,1;False;IPV904;4;425,0
2008-12-31 23:00:00;1;2009;-1,5;False;IPV904;1;-28,6
2009-03-31 22:00:00;1;2009;-0,4;False;IPV904;2;-73,3
2009-06-30 22:00:00;1;2009;-0,2;False;IPV904;3;-50,0
2009-09-30 22:00:00;1;2009;-0,4;False;IPV904;4;100,0
2009-12-31 23:00:00;1;2010;-1,7;False;IPV904;1;325,0
2010-03-31 22:00:00;1;2010;1,1;False;IPV904;2;-164,7
2010-06-30 22:00:00;1;2010;-1,9;False;IPV904;3;-272,7
2010-09-30 22:00:00;1;2010;-0,6;False;IPV904;4;-68,4
2010-12-31 23:00:00;1;2011;-1,8;False;IPV904;1;200,0
2011-03-31 22:00:00;1;2011;-0,8;False;IPV904;2;-55,6
2011-06-30 22:00:00;1;2011;-3,6;False;IPV904;3;350,0
2011-09-30 22:00:00;1;2011;-1,6;False;IPV904;4;-55,6
2011-12-31 23:00:00;1;2012;-5,0;False;IPV904;1;212,5
2012-03-31 22:00:00;1;2012;-5,0;False;IPV904;2;0,0
2012-06-30 22:00:00;1;2012;-4,4;False;IPV904;3;-12,0
2012-09-30 22:00:00;1;2012;0,3;False;IPV904;4;-106,8
2012-12-31 23:00:00;1;2013;-3,7;False;IPV904;1;-1333,3
2013-03-31 22:00:00;1;2013;-1,8;False;IPV904;2;-51,4
2013-06-30 22:00:00;1;2013;-0,8;False;IPV904;3;-55,6
2013-09-30 22:00:00;1;2013;-0,7;False;IPV904;4;-12,5
2013-12-31 23:00:00;1;2014;-1,5;False;IPV904;1;114,3
2014-03-31 22:00:00;1;2014;2,8;False;IPV904;2;-286,7
2014-06-30 22:00:00;1;2014;-1,1;False;IPV904;3;-139,3
2014-09-30 22:00:00;1;2014;0,4;False;IPV904;4;-136,4
2014-12-31 23:00:00;1;2015;0,0;False;IPV904;1;-100,0
2015-03-31 22:00:00;1;2015;4,4;False;IPV904;2;inf
2015-06-30 22:00:00;1;2015;-0,4;False;IPV904;3;-109,1
2015-09-30 22:00:00;1;2015;-0,3;False;IPV904;4;-25,0
2015-12-31 23:00:00;1;2016;2,1;False;IPV904;1;-800,0
2016-03-31 22:00:00;1;2016;0,5;False;IPV904;2;-76,2
2016-06-30 22:00:00;1;2016;0,1;False;IPV904;3;-80,0
2016-09-30 22:00:00;1;2016;0,7;False;IPV904;4;600,0
2016-12-31 23:00:00;1;2017;2,3;False;IPV904;1;228,6
2017-03-31 22:00:00;1;2017;0,6;False;IPV904;2;-73,9
2017-06-30 22:00:00;1;2017;0,9;False;IPV904;3;50,0
2017-09-30 22:00:00;1;2017;2,1;False;IPV904;4;133,3
2017-12-31 23:00:00;1;2018;0,8;False;IPV904;1;-61,9
2018-03-31 22:00:00;1;2018;1,9;False;IPV904;2;137,5
2018-06-30 22:00:00;1;2018;0,4;False;IPV904;3;-78,9
2018-09-30 22:00:00;1;2018;0,9;False;IPV904;4;125,0
2018-12-31 23:00:00;1;2019;1,8;False;IPV904;1;100,0
2019-03-31 22:00:00;1;2019;0,0;False;IPV904;2;-100,0
2019-06-30 22:00:00;1;2019;1,0;False;IPV904;3;inf
2019-09-30 22:00:00;1;2019;0,2;False;IPV904;4;-80,0
2019-12-31 23:00:00;1;2020;0,6;False;IPV904;1;200,0
2020-03-31 22:00:00;1;2020;-1,1;False;IPV904;2;-283,3
2020-06-30 22:00:00;1;2020;1,8;False;IPV904;3;-263,6
2020-09-30 22:00:00;1;2020;-0,4;False;IPV904;4;-122,2
2020-12-31 23:00:00;1;2021;1,5;False;IPV904;1;-475,0
2021-03-31 22:00:00;1;2021;3,4;False;IPV904;2;126,7
2021-06-30 22:00:00;1;2021;2,3;False;IPV904;3;-32,4
2021-09-30 22:00:00;1;2021;0,4;False;IPV904;4;-82,6
2021-12-31 23:00:00;1;2022;4,4;False;IPV904;1;1000,0
2022-03-31 22:00:00;1;2022;2,0;False;IPV904;2;-54,5
2022-06-30 22:00:00;1;2022;1,0;False;IPV904;3;-50,0
2022-09-30 22:00:00;1;2022;0,5;False;IPV904;4;-50,0
2022-12-31 23:00:00;1;2023;1,9;False;IPV904;1;280,0
2023-03-31 22:00:00;1;2023;1,1;False;IPV904;2;-42,1
2023-06-30 22:00:00;1;2023;3,0;False;IPV904;3;172,7
2023-09-30 22:00:00;1;2023;-1,4;False;IPV904;4;-146,7
2023-12-31 23:00:00;1;2024;3,1;False;IPV904;1;-321,4
2024-03-31 22:00:00;1;2024;3,7;False;IPV904;2;19,4
2024-06-30 22:00:00;1;2024;1,7;False;IPV904;3;-54,1
2024-09-30 22:00:00;1;2024;1,8;False;IPV904;4;5,9
2024-12-31 23:00:00;1;2025;4,8;False;IPV904;1;166,7
2025-03-31 22:00:00;1;2025;3,0;False;IPV904;2;-37,5
2025-06-30 22:00:00;1;2025;2,2;False;IPV904;3;-26,7
2025-09-30 22:00:00;1;2025;0,6;False;IPV904;4;-72,7
2006-12-31 23:00:00;1;2007;2,2;False;IPV905;1;0,0
2007-03-31 22:00:00;1;2007;5,5;False;IPV905;2;150,0
2007-06-30 22:00:00;1;2007;6,6;False;IPV905;3;20,0
2007-09-30 22:00:00;1;2007;5,2;False;IPV905;4;-21,2
2007-12-31 23:00:00;1;2008;-1,8;False;IPV905;1;-134,6
2008-03-31 22:00:00;1;2008;-1,8;False;IPV905;2;0,0
2008-06-30 22:00:00;1;2008;-5,2;False;IPV905;3;188,9
2008-09-30 22:00:00;1;2008;-10,1;False;IPV905;4;94,2
2008-12-31 23:00:00;1;2009;-4,8;False;IPV905;1;-52,5
2009-03-31 22:00:00;1;2009;-5,9;False;IPV905;2;22,9
2009-06-30 22:00:00;1;2009;-7,2;False;IPV905;3;22,0
2009-09-30 22:00:00;1;2009;-6,7;False;IPV905;4;-6,9
2009-12-31 23:00:00;1;2010;0,2;False;IPV905;1;-103,0
2010-03-31 22:00:00;1;2010;-0,8;False;IPV905;2;-500,0
2010-06-30 22:00:00;1;2010;-1,3;False;IPV905;3;62,5
2010-09-30 22:00:00;1;2010;-1,6;False;IPV905;4;23,1
2010-12-31 23:00:00;1;2011;-3,6;False;IPV905;1;125,0
2011-03-31 22:00:00;1;2011;-3,9;False;IPV905;2;8,3
2011-06-30 22:00:00;1;2011;-7,4;False;IPV905;3;89,7
2011-09-30 22:00:00;1;2011;-10,6;False;IPV905;4;43,2
2011-12-31 23:00:00;1;2012;-7,4;False;IPV905;1;-30,2
2012-03-31 22:00:00;1;2012;-9,0;False;IPV905;2;21,6
2012-06-30 22:00:00;1;2012;-11,1;False;IPV905;3;23,3
2012-09-30 22:00:00;1;2012;-12,6;False;IPV905;4;13,5
2012-12-31 23:00:00;1;2013;-5,6;False;IPV905;1;-55,6
2013-03-31 22:00:00;1;2013;-5,5;False;IPV905;2;-1,8
2013-06-30 22:00:00;1;2013;-4,6;False;IPV905;3;-16,4
2013-09-30 22:00:00;1;2013;-3,9;False;IPV905;4;-15,2
2013-12-31 23:00:00;1;2014;-2,3;False;IPV905;1;-41,0
2014-03-31 22:00:00;1;2014;-2,2;False;IPV905;2;-4,3
2014-06-30 22:00:00;1;2014;-0,5;False;IPV905;3;-77,3
2014-09-30 22:00:00;1;2014;1,0;False;IPV905;4;-300,0
2014-12-31 23:00:00;1;2015;-0,6;False;IPV905;1;-160,0
2015-03-31 22:00:00;1;2015;4,0;False;IPV905;2;-766,7
2015-06-30 22:00:00;1;2015;7,0;False;IPV905;3;75,0
2015-09-30 22:00:00;1;2015;6,6;False;IPV905;4;-5,7
2015-12-31 23:00:00;1;2016;1,5;False;IPV905;1;-77,3
2016-03-31 22:00:00;1;2016;2,4;False;IPV905;2;60,0
2016-06-30 22:00:00;1;2016;6,1;False;IPV905;3;154,2
2016-09-30 22:00:00;1;2016;6,0;False;IPV905;4;-1,6
2016-12-31 23:00:00;1;2017;1,3;False;IPV905;1;-78,3
2017-03-31 22:00:00;1;2017;3,8;False;IPV905;2;192,3
2017-06-30 22:00:00;1;2017;9,1;False;IPV905;3;139,5
2017-09-30 22:00:00;1;2017;9,7;False;IPV905;4;6,6
2017-12-31 23:00:00;1;2018;-0,1;False;IPV905;1;-101,0
2018-03-31 22:00:00;1;2018;2,6;False;IPV905;2;-2700,0
2018-06-30 22:00:00;1;2018;6,7;False;IPV905;3;157,7
2018-09-30 22:00:00;1;2018;6,4;False;IPV905;4;-4,5
2018-12-31 23:00:00;1;2019;0,6;False;IPV905;1;-90,6
2019-03-31 22:00:00;1;2019;1,6;False;IPV905;2;166,7
2019-06-30 22:00:00;1;2019;6,2;False;IPV905;3;287,5
2019-09-30 22:00:00;1;2019;5,2;False;IPV905;4;-16,1
2019-12-31 23:00:00;1;2020;1,0;False;IPV905;1;-80,8
2020-03-31 22:00:00;1;2020;0,7;False;IPV905;2;-30,0
2020-06-30 22:00:00;1;2020;3,6;False;IPV905;3;414,3
2020-09-30 22:00:00;1;2020;1,7;False;IPV905;4;-52,8
2020-12-31 23:00:00;1;2021;0,1;False;IPV905;1;-94,1
2021-03-31 22:00:00;1;2021;4,5;False;IPV905;2;4400,0
2021-06-30 22:00:00;1;2021;8,9;False;IPV905;3;97,8
2021-09-30 22:00:00;1;2021;9,9;False;IPV905;4;11,2
2021-12-31 23:00:00;1;2022;2,1;False;IPV905;1;-78,8
2022-03-31 22:00:00;1;2022;5,3;False;IPV905;2;152,4
2022-06-30 22:00:00;1;2022;7,3;False;IPV905;3;37,7
2022-09-30 22:00:00;1;2022;5,8;False;IPV905;4;-20,5
2022-12-31 23:00:00;1;2023;0,1;False;IPV905;1;-98,3
2023-03-31 22:00:00;1;2023;2,2;False;IPV905;2;2100,0
2023-06-30 22:00:00;1;2023;5,0;False;IPV905;3;127,3
2023-09-30 22:00:00;1;2023;3,4;False;IPV905;4;-32,0
2023-12-31 23:00:00;1;2024;1,5;False;IPV905;1;-55,9
2024-03-31 22:00:00;1;2024;4,0;False;IPV905;2;166,7
2024-06-30 22:00:00;1;2024;6,7;False;IPV905;3;67,5
2024-09-30 22:00:00;1;2024;8,3;False;IPV905;4;23,9
2024-12-31 23:00:00;1;2025;2,3;False;IPV905;1;-72,3
2025-03-31 22:00:00;1;2025;6,7;False;IPV905;2;191,3
2025-06-30 22:00:00;1;2025;11,4;False;IPV905;3;70,1
2025-09-30 22:00:00;1;2025;13,7;False;IPV905;4;20,2
2006-12-31 23:00:00;1;2007;13,9;False;IPV906;1;0,0
2007-03-31 22:00:00;1;2007;10,1;False;IPV906;2;-27,3
2007-06-30 22:00:00;1;2007;9,1;False;IPV906;3;-9,9
2007-09-30 22:00:00;1;2007;5,2;False;IPV906;4;-42,9
2007-12-31 23:00:00;1;2008;1,1;False;IPV906;1;-78,8
2008-03-31 22:00:00;1;2008;-2,1;False;IPV906;2;-290,9
2008-06-30 22:00:00;1;2008;-6,4;False;IPV906;3;204,8
2008-09-30 22:00:00;1;2008;-10,1;False;IPV906;4;57,8
2008-12-31 23:00:00;1;2009;-12,8;False;IPV906;1;26,7
2009-03-31 22:00:00;1;2009;-13,8;False;IPV906;2;7,8
2009-06-30 22:00:00;1;2009;-12,1;False;IPV906;3;-12,3
2009-09-30 22:00:00;1;2009;-6,7;False;IPV906;4;-44,6
2009-12-31 23:00:00;1;2010;-1,8;False;IPV906;1;-73,1
2010-03-31 22:00:00;1;2010;-1,6;False;IPV906;2;-11,1
2010-06-30 22:00:00;1;2010;-0,7;False;IPV906;3;-56,2
2010-09-30 22:00:00;1;2010;-1,6;False;IPV906;4;128,6
2010-12-31 23:00:00;1;2011;-5,4;False;IPV906;1;237,5
2011-03-31 22:00:00;1;2011;-4,7;False;IPV906;2;-13,0
2011-06-30 22:00:00;1;2011;-7,8;False;IPV906;3;66,0
2011-09-30 22:00:00;1;2011;-10,6;False;IPV906;4;35,9
2011-12-31 23:00:00;1;2012;-14,1;False;IPV906;1;33,0
2012-03-31 22:00:00;1;2012;-15,3;False;IPV906;2;8,5
2012-06-30 22:00:00;1;2012;-14,2;False;IPV906;3;-7,2
2012-09-30 22:00:00;1;2012;-12,6;False;IPV906;4;-11,3
2012-12-31 23:00:00;1;2013;-10,8;False;IPV906;1;-14,3
2013-03-31 22:00:00;1;2013;-9,2;False;IPV906;2;-14,8
2013-06-30 22:00:00;1;2013;-6,1;False;IPV906;3;-33,7
2013-09-30 22:00:00;1;2013;-3,9;False;IPV906;4;-36,1
2013-12-31 23:00:00;1;2014;-0,6;False;IPV906;1;-84,6
2014-03-31 22:00:00;1;2014;-0,5;False;IPV906;2;-16,7
2014-06-30 22:00:00;1;2014;0,3;False;IPV906;3;-160,0
2014-09-30 22:00:00;1;2014;1,0;False;IPV906;4;233,3
2014-12-31 23:00:00;1;2015;2,7;False;IPV906;1;170,0
2015-03-31 22:00:00;1;2015;7,4;False;IPV906;2;174,1
2015-06-30 22:00:00;1;2015;8,5;False;IPV906;3;14,9
2015-09-30 22:00:00;1;2015;6,6;False;IPV906;4;-22,4
2015-12-31 23:00:00;1;2016;8,9;False;IPV906;1;34,8
2016-03-31 22:00:00;1;2016;5,0;False;IPV906;2;-43,8
2016-06-30 22:00:00;1;2016;5,7;False;IPV906;3;14,0
2016-09-30 22:00:00;1;2016;6,0;False;IPV906;4;5,3
2016-12-31 23:00:00;1;2017;5,8;False;IPV906;1;-3,3
2017-03-31 22:00:00;1;2017;7,6;False;IPV906;2;31,0
2017-06-30 22:00:00;1;2017;9,0;False;IPV906;3;18,4
2017-09-30 22:00:00;1;2017;9,7;False;IPV906;4;7,8
2017-12-31 23:00:00;1;2018;8,3;False;IPV906;1;-14,4
2018-03-31 22:00:00;1;2018;8,4;False;IPV906;2;1,2
2018-06-30 22:00:00;1;2018;7,3;False;IPV906;3;-13,1
2018-09-30 22:00:00;1;2018;6,4;False;IPV906;4;-12,3
2018-12-31 23:00:00;1;2019;7,1;False;IPV906;1;10,9
2019-03-31 22:00:00;1;2019;5,4;False;IPV906;2;-23,9
2019-06-30 22:00:00;1;2019;5,8;False;IPV906;3;7,4
2019-09-30 22:00:00;1;2019;5,2;False;IPV906;4;-10,3
2019-12-31 23:00:00;1;2020;5,6;False;IPV906;1;7,7
2020-03-31 22:00:00;1;2020;4,3;False;IPV906;2;-23,2
2020-06-30 22:00:00;1;2020;2,7;False;IPV906;3;-37,2
2020-09-30 22:00:00;1;2020;1,7;False;IPV906;4;-37,0
2020-12-31 23:00:00;1;2021;0,8;False;IPV906;1;-52,9
2021-03-31 22:00:00;1;2021;5,6;False;IPV906;2;600,0
2021-06-30 22:00:00;1;2021;6,9;False;IPV906;3;23,2
2021-09-30 22:00:00;1;2021;9,9;False;IPV906;4;43,5
2021-12-31 23:00:00;1;2022;12,0;False;IPV906;1;21,2
2022-03-31 22:00:00;1;2022;10,7;False;IPV906;2;-10,8
2022-06-30 22:00:00;1;2022;8,3;False;IPV906;3;-22,4
2022-09-30 22:00:00;1;2022;5,8;False;IPV906;4;-30,1
2022-12-31 23:00:00;1;2023;3,8;False;IPV906;1;-34,5
2023-03-31 22:00:00;1;2023;2,7;False;IPV906;2;-28,9
2023-06-30 22:00:00;1;2023;3,6;False;IPV906;3;33,3
2023-09-30 22:00:00;1;2023;3,4;False;IPV906;4;-5,6
2023-12-31 23:00:00;1;2024;4,8;False;IPV906;1;41,2
2024-03-31 22:00:00;1;2024;5,3;False;IPV906;2;10,4
2024-06-30 22:00:00;1;2024;5,1;False;IPV906;3;-3,8
2024-09-30 22:00:00;1;2024;8,3;False;IPV906;4;62,7
2024-12-31 23:00:00;1;2025;9,1;False;IPV906;1;9,6
2025-03-31 22:00:00;1;2025;11,2;False;IPV906;2;23,1
2025-06-30 22:00:00;1;2025;13,1;False;IPV906;3;17,0
2025-09-30 22:00:00;1;2025;13,7;False;IPV906;4;4,6
2006-12-31 23:00:00;1;2007;2,2;False;IPV907;1;0,0
2007-03-31 22:00:00;1;2007;3,2;False;IPV907;2;45,5
2007-06-30 22:00:00;1;2007;1,1;False;IPV907;3;-65,6
2007-09-30 22:00:00;1;2007;-1,3;False;IPV907;4;-218,2
2007-12-31 23:00:00;1;2008;-1,8;False;IPV907;1;38,5
2008-03-31 22:00:00;1;2008;0,0;False;IPV907;2;-100,0
2008-06-30 22:00:00;1;2008;-3,4;False;IPV907;3;-inf
2008-09-30 22:00:00;1;2008;-5,2;False;IPV907;4;52,9
2008-12-31 23:00:00;1;2009;-4,8;False;IPV907;1;-7,7
2009-03-31 22:00:00;1;2009;-1,2;False;IPV907;2;-75,0
2009-06-30 22:00:00;1;2009;-1,4;False;IPV907;3;16,7
2009-09-30 22:00:00;1;2009;0,5;False;IPV907;4;-135,7
2009-12-31 23:00:00;1;2010;0,2;False;IPV907;1;-60,0
2010-03-31 22:00:00;1;2010;-1,0;False;IPV907;2;-600,0
2010-06-30 22:00:00;1;2010;-0,5;False;IPV907;3;-50,0
2010-09-30 22:00:00;1;2010;-0,4;False;IPV907;4;-20,0
2010-12-31 23:00:00;1;2011;-3,6;False;IPV907;1;800,0
2011-03-31 22:00:00;1;2011;-0,3;False;IPV907;2;-91,7
2011-06-30 22:00:00;1;2011;-3,7;False;IPV907;3;1133,3
2011-09-30 22:00:00;1;2011;-3,4;False;IPV907;4;-8,1
2011-12-31 23:00:00;1;2012;-7,4;False;IPV907;1;117,6
2012-03-31 22:00:00;1;2012;-1,7;False;IPV907;2;-77,0
2012-06-30 22:00:00;1;2012;-2,3;False;IPV907;3;35,3
2012-09-30 22:00:00;1;2012;-1,6;False;IPV907;4;-30,4
2012-12-31 23:00:00;1;2013;-5,6;False;IPV907;1;250,0
2013-03-31 22:00:00;1;2013;0,1;False;IPV907;2;-101,8
2013-06-30 22:00:00;1;2013;0,9;False;IPV907;3;800,0
2013-09-30 22:00:00;1;2013;0,7;False;IPV907;4;-22,2
2013-12-31 23:00:00;1;2014;-2,3;False;IPV907;1;-428,6
2014-03-31 22:00:00;1;2014;0,2;False;IPV907;2;-108,7
2014-06-30 22:00:00;1;2014;1,7;False;IPV907;3;750,0
2014-09-30 22:00:00;1;2014;1,4;False;IPV907;4;-17,6
2014-12-31 23:00:00;1;2015;-0,6;False;IPV907;1;-142,9
2015-03-31 22:00:00;1;2015;4,7;False;IPV907;2;-883,3
2015-06-30 22:00:00;1;2015;2,9;False;IPV907;3;-38,3
2015-09-30 22:00:00;1;2015;-0,3;False;IPV907;4;-110,3
2015-12-31 23:00:00;1;2016;1,5;False;IPV907;1;-600,0
2016-03-31 22:00:00;1;2016;0,9;False;IPV907;2;-40,0
2016-06-30 22:00:00;1;2016;3,6;False;IPV907;3;300,0
2016-09-30 22:00:00;1;2016;0,0;False;IPV907;4;-100,0
2016-12-31 23:00:00;1;2017;1,3;False;IPV907;1;inf
2017-03-31 22:00:00;1;2017;2,5;False;IPV907;2;92,3
2017-06-30 22:00:00;1;2017;5,0;False;IPV907;3;100,0
2017-09-30 22:00:00;1;2017;0,6;False;IPV907;4;-88,0
2017-12-31 23:00:00;1;2018;-0,1;False;IPV907;1;-116,7
2018-03-31 22:00:00;1;2018;2,6;False;IPV907;2;-2700,0
2018-06-30 22:00:00;1;2018;4,0;False;IPV907;3;53,8
2018-09-30 22:00:00;1;2018;-0,3;False;IPV907;4;-107,5
2018-12-31 23:00:00;1;2019;0,6;False;IPV907;1;-300,0
2019-03-31 22:00:00;1;2019;1,0;False;IPV907;2;66,7
2019-06-30 22:00:00;1;2019;4,5;False;IPV907;3;350,0
2019-09-30 22:00:00;1;2019;-0,9;False;IPV907;4;-120,0
2019-12-31 23:00:00;1;2020;1,0;False;IPV907;1;-211,1
2020-03-31 22:00:00;1;2020;-0,3;False;IPV907;2;-130,0
2020-06-30 22:00:00;1;2020;2,9;False;IPV907;3;-1066,7
2020-09-30 22:00:00;1;2020;-1,9;False;IPV907;4;-165,5
2020-12-31 23:00:00;1;2021;0,1;False;IPV907;1;-105,3
2021-03-31 22:00:00;1;2021;4,4;False;IPV907;2;4300,0
2021-06-30 22:00:00;1;2021;4,2;False;IPV907;3;-4,5
2021-09-30 22:00:00;1;2021;0,9;False;IPV907;4;-78,6
2021-12-31 23:00:00;1;2022;2,1;False;IPV907;1;133,3
2022-03-31 22:00:00;1;2022;3,1;False;IPV907;2;47,6
2022-06-30 22:00:00;1;2022;2,0;False;IPV907;3;-35,5
2022-09-30 22:00:00;1;2022;-1,4;False;IPV907;4;-170,0
2022-12-31 23:00:00;1;2023;0,1;False;IPV907;1;-107,1
2023-03-31 22:00:00;1;2023;2,0;False;IPV907;2;1900,0
2023-06-30 22:00:00;1;2023;2,8;False;IPV907;3;40,0
2023-09-30 22:00:00;1;2023;-1,5;False;IPV907;4;-153,6
2023-12-31 23:00:00;1;2024;1,5;False;IPV907;1;-200,0
2024-03-31 22:00:00;1;2024;2,5;False;IPV907;2;66,7
2024-06-30 22:00:00;1;2024;2,6;False;IPV907;3;4,0
2024-09-30 22:00:00;1;2024;1,5;False;IPV907;4;-42,3
2024-12-31 23:00:00;1;2025;2,3;False;IPV907;1;53,3
2025-03-31 22:00:00;1;2025;4,4;False;IPV907;2;91,3
2025-06-30 22:00:00;1;2025;4,4;False;IPV907;3;0,0
2025-09-30 22:00:00;1;2025;2,0;False;IPV907;4;-54,5
2006-12-31 23:00:00;1;2007;1,6;False;IPV908;1;0,0
2007-03-31 22:00:00;1;2007;5,6;False;IPV908;2;250,0
2007-06-30 22:00:00;1;2007;9,2;False;IPV908;3;64,3
2007-09-30 22:00:00;1;2007;11,0;False;IPV908;4;19,6
2007-12-31 23:00:00;1;2008;-0,4;False;IPV908;1;-103,6
2008-03-31 22:00:00;1;2008;2,3;False;IPV908;2;-675,0
2008-06-30 22:00:00;1;2008;2,7;False;IPV908;3;17,4
2008-09-30 22:00:00;1;2008;0,6;False;IPV908;4;-77,8
2008-12-31 23:00:00;1;2009;-1,0;False;IPV908;1;-266,7
2009-03-31 22:00:00;1;2009;-1,2;False;IPV908;2;20,0
2009-06-30 22:00:00;1;2009;-2,7;False;IPV908;3;125,0
2009-09-30 22:00:00;1;2009;-4,0;False;IPV908;4;48,1
2009-12-31 23:00:00;1;2010;-1,1;False;IPV908;1;-72,5
2010-03-31 22:00:00;1;2010;0,3;False;IPV908;2;-127,3
2010-06-30 22:00:00;1;2010;-2,4;False;IPV908;3;-900,0
2010-09-30 22:00:00;1;2010;-0,9;False;IPV908;4;-62,5
2010-12-31 23:00:00;1;2011;0,5;False;IPV908;1;-155,6
2011-03-31 22:00:00;1;2011;-1,5;False;IPV908;2;-400,0
2011-06-30 22:00:00;1;2011;-2,8;False;IPV908;3;86,7
2011-09-30 22:00:00;1;2011;-8,7;False;IPV908;4;210,7
2011-12-31 23:00:00;1;2012;-7,4;False;IPV908;1;-14,9
2012-03-31 22:00:00;1;2012;-7,4;False;IPV908;2;0,0
2012-06-30 22:00:00;1;2012;-7,6;False;IPV908;3;2,7
2012-09-30 22:00:00;1;2012;-9,1;False;IPV908;4;19,7
2012-12-31 23:00:00;1;2013;-6,7;False;IPV908;1;-26,4
2013-03-31 22:00:00;1;2013;-7,9;False;IPV908;2;17,9
2013-06-30 22:00:00;1;2013;-3,2;False;IPV908;3;-59,5
2013-09-30 22:00:00;1;2013;-2,9;False;IPV908;4;-9,4
2013-12-31 23:00:00;1;2014;-1,2;False;IPV908;1;-58,6
2014-03-31 22:00:00;1;2014;-2,3;False;IPV908;2;91,7
2014-06-30 22:00:00;1;2014;1,4;False;IPV908;3;-160,9
2014-09-30 22:00:00;1;2014;-0,6;False;IPV908;4;-142,9
2014-12-31 23:00:00;1;2015;3,8;False;IPV908;1;-733,3
2015-03-31 22:00:00;1;2015;6,0;False;IPV908;2;57,9
2015-06-30 22:00:00;1;2015;11,2;False;IPV908;3;86,7
2015-09-30 22:00:00;1;2015;9,9;False;IPV908;4;-11,6
2015-12-31 23:00:00;1;2016;1,7;False;IPV908;1;-82,8
2016-03-31 22:00:00;1;2016;1,7;False;IPV908;2;0,0
2016-06-30 22:00:00;1;2016;3,4;False;IPV908;3;100,0
2016-09-30 22:00:00;1;2016;2,9;False;IPV908;4;-14,7
2016-12-31 23:00:00;1;2017;1,8;False;IPV908;1;-37,9
2017-03-31 22:00:00;1;2017;4,7;False;IPV908;2;161,1
2017-06-30 22:00:00;1;2017;10,0;False;IPV908;3;112,8
2017-09-30 22:00:00;1;2017;10,1;False;IPV908;4;1,0
2017-12-31 23:00:00;1;2018;-0,9;False;IPV908;1;-108,9
2018-03-31 22:00:00;1;2018;3,7;False;IPV908;2;-511,1
2018-06-30 22:00:00;1;2018;3,9;False;IPV908;3;5,4
2018-09-30 22:00:00;1;2018;6,4;False;IPV908;4;64,1
2018-12-31 23:00:00;1;2019;2,4;False;IPV908;1;-62,5
2019-03-31 22:00:00;1;2019;1,1;False;IPV908;2;-54,2
2019-06-30 22:00:00;1;2019;5,9;False;IPV908;3;436,4
2019-09-30 22:00:00;1;2019;9,4;False;IPV908;4;59,3
2019-12-31 23:00:00;1;2020;3,4;False;IPV908;1;-63,8
2020-03-31 22:00:00;1;2020;0,3;False;IPV908;2;-91,2
2020-06-30 22:00:00;1;2020;8,0;False;IPV908;3;2566,7
2020-09-30 22:00:00;1;2020;11,6;False;IPV908;4;45,0
2020-12-31 23:00:00;1;2021;-2,0;False;IPV908;1;-117,2
2021-03-31 22:00:00;1;2021;-1,6;False;IPV908;2;-20,0
2021-06-30 22:00:00;1;2021;3,8;False;IPV908;3;-337,5
2021-09-30 22:00:00;1;2021;7,0;False;IPV908;4;84,2
2021-12-31 23:00:00;1;2022;2,4;False;IPV908;1;-65,7
2022-03-31 22:00:00;1;2022;3,8;False;IPV908;2;58,3
2022-06-30 22:00:00;1;2022;5,5;False;IPV908;3;44,7
2022-09-30 22:00:00;1;2022;6,5;False;IPV908;4;18,2
2022-12-31 23:00:00;1;2023;3,0;False;IPV908;1;-53,8
2023-03-31 22:00:00;1;2023;4,5;False;IPV908;2;50,0
2023-06-30 22:00:00;1;2023;10,3;False;IPV908;3;128,9
2023-09-30 22:00:00;1;2023;11,4;False;IPV908;4;10,7
2023-12-31 23:00:00;1;2024;4,0;False;IPV908;1;-64,9
2024-03-31 22:00:00;1;2024;5,4;False;IPV908;2;35,0
2024-06-30 22:00:00;1;2024;9,9;False;IPV908;3;83,3
2024-09-30 22:00:00;1;2024;10,4;False;IPV908;4;5,1
2024-12-31 23:00:00;1;2025;10,4;False;IPV908;1;0,0
2025-03-31 22:00:00;1;2025;10,9;False;IPV908;2;4,8
2025-06-30 22:00:00;1;2025;9,5;False;IPV908;3;-12,8
2025-09-30 22:00:00;1;2025;10,6;False;IPV908;4;11,6
2006-12-31 23:00:00;1;2007;12,9;False;IPV909;1;0,0
2007-03-31 22:00:00;1;2007;12,4;False;IPV909;2;-3,9
2007-06-30 22:00:00;1;2007;12,1;False;IPV909;3;-2,4
2007-09-30 22:00:00;1;2007;11,0;False;IPV909;4;-9,1
2007-12-31 23:00:00;1;2008;8,9;False;IPV909;1;-19,1
2008-03-31 22:00:00;1;2008;7,5;False;IPV909;2;-15,7
2008-06-30 22:00:00;1;2008;4,4;False;IPV909;3;-41,3
2008-09-30 22:00:00;1;2008;0,6;False;IPV909;4;-86,4
2008-12-31 23:00:00;1;2009;-0,1;False;IPV909;1;-116,7
2009-03-31 22:00:00;1;2009;-2,8;False;IPV909;2;2700,0
2009-06-30 22:00:00;1;2009;-4,6;False;IPV909;3;64,3
2009-09-30 22:00:00;1;2009;-4,0;False;IPV909;4;-13,0
2009-12-31 23:00:00;1;2010;-4,0;False;IPV909;1;0,0
2010-03-31 22:00:00;1;2010;-2,5;False;IPV909;2;-37,5
2010-06-30 22:00:00;1;2010;-3,7;False;IPV909;3;48,0
2010-09-30 22:00:00;1;2010;-0,9;False;IPV909;4;-75,7
2010-12-31 23:00:00;1;2011;0,7;False;IPV909;1;-177,8
2011-03-31 22:00:00;1;2011;-2,7;False;IPV909;2;-485,7
2011-06-30 22:00:00;1;2011;-1,3;False;IPV909;3;-51,9
2011-09-30 22:00:00;1;2011;-8,7;False;IPV909;4;569,2
2011-12-31 23:00:00;1;2012;-15,9;False;IPV909;1;82,8
2012-03-31 22:00:00;1;2012;-14,1;False;IPV909;2;-11,3
2012-06-30 22:00:00;1;2012;-13,2;False;IPV909;3;-6,4
2012-09-30 22:00:00;1;2012;-9,1;False;IPV909;4;-31,1
2012-12-31 23:00:00;1;2013;-8,4;False;IPV909;1;-7,7
2013-03-31 22:00:00;1;2013;-9,6;False;IPV909;2;14,3
2013-06-30 22:00:00;1;2013;-4,7;False;IPV909;3;-51,0
2013-09-30 22:00:00;1;2013;-2,9;False;IPV909;4;-38,3
2013-12-31 23:00:00;1;2014;2,8;False;IPV909;1;-196,6
2014-03-31 22:00:00;1;2014;3,1;False;IPV909;2;10,7
2014-06-30 22:00:00;1;2014;1,8;False;IPV909;3;-41,9
2014-09-30 22:00:00;1;2014;-0,6;False;IPV909;4;-133,3
2014-12-31 23:00:00;1;2015;4,5;False;IPV909;1;-850,0
2015-03-31 22:00:00;1;2015;7,8;False;IPV909;2;73,3
2015-06-30 22:00:00;1;2015;9,0;False;IPV909;3;15,4
2015-09-30 22:00:00;1;2015;9,9;False;IPV909;4;10,0
2015-12-31 23:00:00;1;2016;7,7;False;IPV909;1;-22,2
2016-03-31 22:00:00;1;2016;5,5;False;IPV909;2;-28,6
2016-06-30 22:00:00;1;2016;2,3;False;IPV909;3;-58,2
2016-09-30 22:00:00;1;2016;2,9;False;IPV909;4;26,1
2016-12-31 23:00:00;1;2017;3,1;False;IPV909;1;6,9
2017-03-31 22:00:00;1;2017;6,0;False;IPV909;2;93,5
2017-06-30 22:00:00;1;2017;9,5;False;IPV909;3;58,3
2017-09-30 22:00:00;1;2017;10,1;False;IPV909;4;6,3
2017-12-31 23:00:00;1;2018;7,2;False;IPV909;1;-28,7
2018-03-31 22:00:00;1;2018;9,1;False;IPV909;2;26,4
2018-06-30 22:00:00;1;2018;4,0;False;IPV909;3;-56,0
2018-09-30 22:00:00;1;2018;6,4;False;IPV909;4;60,0
2018-12-31 23:00:00;1;2019;10,0;False;IPV909;1;56,2
2019-03-31 22:00:00;1;2019;3,7;False;IPV909;2;-63,0
2019-06-30 22:00:00;1;2019;8,5;False;IPV909;3;129,7
2019-09-30 22:00:00;1;2019;9,4;False;IPV909;4;10,6
2019-12-31 23:00:00;1;2020;10,5;False;IPV909;1;11,7
2020-03-31 22:00:00;1;2020;8,5;False;IPV909;2;-19,0
2020-06-30 22:00:00;1;2020;11,6;False;IPV909;3;36,5
2020-09-30 22:00:00;1;2020;11,6;False;IPV909;4;0,0
2020-12-31 23:00:00;1;2021;5,7;False;IPV909;1;-50,9
2021-03-31 22:00:00;1;2021;9,5;False;IPV909;2;66,7
2021-06-30 22:00:00;1;2021;7,2;False;IPV909;3;-24,2
2021-09-30 22:00:00;1;2021;7,0;False;IPV909;4;-2,8
2021-12-31 23:00:00;1;2022;11,8;False;IPV909;1;68,6
2022-03-31 22:00:00;1;2022;12,8;False;IPV909;2;8,5
2022-06-30 22:00:00;1;2022;8,8;False;IPV909;3;-31,2
2022-09-30 22:00:00;1;2022;6,5;False;IPV909;4;-26,1
2022-12-31 23:00:00;1;2023;7,1;False;IPV909;1;9,2
2023-03-31 22:00:00;1;2023;7,2;False;IPV909;2;1,4
2023-06-30 22:00:00;1;2023;11,3;False;IPV909;3;56,9
2023-09-30 22:00:00;1;2023;11,4;False;IPV909;4;0,9
2023-12-31 23:00:00;1;2024;12,5;False;IPV909;1;9,6
2024-03-31 22:00:00;1;2024;12,3;False;IPV909;2;-1,6
2024-06-30 22:00:00;1;2024;10,9;False;IPV909;3;-11,4
2024-09-30 22:00:00;1;2024;10,4;False;IPV909;4;-4,6
2024-12-31 23:00:00;1;2025;17,2;False;IPV909;1;65,4
2025-03-31 22:00:00;1;2025;16,1;False;IPV909;2;-6,4
2025-06-30 22:00:00;1;2025;10,0;False;IPV909;3;-37,9
2025-09-30 22:00:00;1;2025;10,6;False;IPV909;4;6,0
2006-12-31 23:00:00;1;2007;1,6;False;IPV910;1;0,0
2007-03-31 22:00:00;1;2007;4,0;False;IPV910;2;150,0
2007-06-30 22:00:00;1;2007;3,4;False;IPV910;3;-15,0
2007-09-30 22:00:00;1;2007;1,7;False;IPV910;4;-50,0
2007-12-31 23:00:00;1;2008;-0,4;False;IPV910;1;-123,5
2008-03-31 22:00:00;1;2008;2,6;False;IPV910;2;-750,0
2008-06-30 22:00:00;1;2008;0,4;False;IPV910;3;-84,6
2008-09-30 22:00:00;1;2008;-2,0;False;IPV910;4;-600,0
2008-12-31 23:00:00;1;2009;-1,0;False;IPV910;1;-50,0
2009-03-31 22:00:00;1;2009;-0,1;False;IPV910;2;-90,0
2009-06-30 22:00:00;1;2009;-1,5;False;IPV910;3;1400,0
2009-09-30 22:00:00;1;2009;-1,3;False;IPV910;4;-13,3
2009-12-31 23:00:00;1;2010;-1,1;False;IPV910;1;-15,4
2010-03-31 22:00:00;1;2010;1,4;False;IPV910;2;-227,3
2010-06-30 22:00:00;1;2010;-2,7;False;IPV910;3;-292,9
2010-09-30 22:00:00;1;2010;1,5;False;IPV910;4;-155,6
2010-12-31 23:00:00;1;2011;0,5;False;IPV910;1;-66,7
2011-03-31 22:00:00;1;2011;-2,0;False;IPV910;2;-500,0
2011-06-30 22:00:00;1;2011;-1,4;False;IPV910;3;-30,0
2011-09-30 22:00:00;1;2011;-6,0;False;IPV910;4;328,6
2011-12-31 23:00:00;1;2012;-7,4;False;IPV910;1;23,3
2012-03-31 22:00:00;1;2012;0,0;False;IPV910;2;-100,0
2012-06-30 22:00:00;1;2012;-0,3;False;IPV910;3;-inf
2012-09-30 22:00:00;1;2012;-1,6;False;IPV910;4;433,3
2012-12-31 23:00:00;1;2013;-6,7;False;IPV910;1;318,8
2013-03-31 22:00:00;1;2013;-1,3;False;IPV910;2;-80,6
2013-06-30 22:00:00;1;2013;5,1;False;IPV910;3;-492,3
2013-09-30 22:00:00;1;2013;0,3;False;IPV910;4;-94,1
2013-12-31 23:00:00;1;2014;-1,2;False;IPV910;1;-500,0
2014-03-31 22:00:00;1;2014;-1,0;False;IPV910;2;-16,7
2014-06-30 22:00:00;1;2014;3,8;False;IPV910;3;-480,0
2014-09-30 22:00:00;1;2014;-2,0;False;IPV910;4;-152,6
2014-12-31 23:00:00;1;2015;3,8;False;IPV910;1;-290,0
2015-03-31 22:00:00;1;2015;2,1;False;IPV910;2;-44,7
2015-06-30 22:00:00;1;2015;4,9;False;IPV910;3;133,3
2015-09-30 22:00:00;1;2015;-1,1;False;IPV910;4;-122,4
2015-12-31 23:00:00;1;2016;1,7;False;IPV910;1;-254,5
2016-03-31 22:00:00;1;2016;0,0;False;IPV910;2;-100,0
2016-06-30 22:00:00;1;2016;1,7;False;IPV910;3;inf
2016-09-30 22:00:00;1;2016;-0,5;False;IPV910;4;-129,4
2016-12-31 23:00:00;1;2017;1,8;False;IPV910;1;-460,0
2017-03-31 22:00:00;1;2017;2,8;False;IPV910;2;55,6
2017-06-30 22:00:00;1;2017;5,1;False;IPV910;3;82,1
2017-09-30 22:00:00;1;2017;0,1;False;IPV910;4;-98,0
2017-12-31 23:00:00;1;2018;-0,9;False;IPV910;1;-1000,0
2018-03-31 22:00:00;1;2018;4,7;False;IPV910;2;-622,2
2018-06-30 22:00:00;1;2018;0,1;False;IPV910;3;-97,9
2018-09-30 22:00:00;1;2018;2,4;False;IPV910;4;2300,0
2018-12-31 23:00:00;1;2019;2,4;False;IPV910;1;0,0
2019-03-31 22:00:00;1;2019;-1,3;False;IPV910;2;-154,2
2019-06-30 22:00:00;1;2019;4,8;False;IPV910;3;-469,2
2019-09-30 22:00:00;1;2019;3,3;False;IPV910;4;-31,2
2019-12-31 23:00:00;1;2020;3,4;False;IPV910;1;3,0
2020-03-31 22:00:00;1;2020;-3,1;False;IPV910;2;-191,2
2020-06-30 22:00:00;1;2020;7,7;False;IPV910;3;-348,4
2020-09-30 22:00:00;1;2020;3,3;False;IPV910;4;-57,1
2020-12-31 23:00:00;1;2021;-2,0;False;IPV910;1;-160,6
2021-03-31 22:00:00;1;2021;0,4;False;IPV910;2;-120,0
2021-06-30 22:00:00;1;2021;5,4;False;IPV910;3;1250,0
2021-09-30 22:00:00;1;2021;3,1;False;IPV910;4;-42,6
2021-12-31 23:00:00;1;2022;2,4;False;IPV910;1;-22,6
2022-03-31 22:00:00;1;2022;1,3;False;IPV910;2;-45,8
2022-06-30 22:00:00;1;2022;1,7;False;IPV910;3;30,8
2022-09-30 22:00:00;1;2022;0,9;False;IPV910;4;-47,1
2022-12-31 23:00:00;1;2023;3,0;False;IPV910;1;233,3
2023-03-31 22:00:00;1;2023;1,5;False;IPV910;2;-50,0
2023-06-30 22:00:00;1;2023;5,6;False;IPV910;3;273,3
2023-09-30 22:00:00;1;2023;0,9;False;IPV910;4;-83,9
2023-12-31 23:00:00;1;2024;4,0;False;IPV910;1;344,4
2024-03-31 22:00:00;1;2024;1,4;False;IPV910;2;-65,0
2024-06-30 22:00:00;1;2024;4,2;False;IPV910;3;200,0
2024-09-30 22:00:00;1;2024;0,5;False;IPV910;4;-88,1
2024-12-31 23:00:00;1;2025;10,4;False;IPV910;1;1980,0
2025-03-31 22:00:00;1;2025;0,4;False;IPV910;2;-96,2
2025-06-30 22:00:00;1;2025;-1,2;False;IPV910;3;-400,0
2025-09-30 22:00:00;1;2025;1,0;False;IPV910;4;-183,3
2006-12-31 23:00:00;1;2007;2,0;False;IPV911;1;0,0
2007-03-31 22:00:00;1;2007;5,5;False;IPV911;2;175,0
2007-06-30 22:00:00;1;2007;7,5;False;IPV911;3;36,4
2007-09-30 22:00:00;1;2007;7,2;False;IPV911;4;-4,0
2007-12-31 23:00:00;1;2008;-1,3;False;IPV911;1;-118,1
2008-03-31 22:00:00;1;2008;-0,4;False;IPV911;2;-69,2
2008-06-30 22:00:00;1;2008;-2,4;False;IPV911;3;500,0
2008-09-30 22:00:00;1;2008;-6,3;False;IPV911;4;162,5
2008-12-31 23:00:00;1;2009;-3,3;False;IPV911;1;-47,6
2009-03-31 22:00:00;1;2009;-4,0;False;IPV911;2;21,2
2009-06-30 22:00:00;1;2009;-5,4;False;IPV911;3;35,0
2009-09-30 22:00:00;1;2009;-5,6;False;IPV911;4;3,7
2009-12-31 23:00:00;1;2010;-0,3;False;IPV911;1;-94,6
2010-03-31 22:00:00;1;2010;-0,3;False;IPV911;2;0,0
2010-06-30 22:00:00;1;2010;-1,7;False;IPV911;3;466,7
2010-09-30 22:00:00;1;2010;-1,3;False;IPV911;4;-23,5
2010-12-31 23:00:00;1;2011;-1,9;False;IPV911;1;46,2
2011-03-31 22:00:00;1;2011;-2,9;False;IPV911;2;52,6
2011-06-30 22:00:00;1;2011;-5,6;False;IPV911;3;93,1
2011-09-30 22:00:00;1;2011;-9,8;False;IPV911;4;75,0
2011-12-31 23:00:00;1;2012;-7,4;False;IPV911;1;-24,5
2012-03-31 22:00:00;1;2012;-8,5;False;IPV911;2;14,9
2012-06-30 22:00:00;1;2012;-10,0;False;IPV911;3;17,6
2012-09-30 22:00:00;1;2012;-11,4;False;IPV911;4;14,0
2012-12-31 23:00:00;1;2013;-5,9;False;IPV911;1;-48,2
2013-03-31 22:00:00;1;2013;-6,1;False;IPV911;2;3,4
2013-06-30 22:00:00;1;2013;-4,3;False;IPV911;3;-29,5
2013-09-30 22:00:00;1;2013;-3,7;False;IPV911;4;-14,0
2013-12-31 23:00:00;1;2014;-2,1;False;IPV911;1;-43,2
2014-03-31 22:00:00;1;2014;-2,2;False;IPV911;2;4,8
2014-06-30 22:00:00;1;2014;-0,2;False;IPV911;3;-90,9
2014-09-30 22:00:00;1;2014;0,7;False;IPV911;4;-450,0
2014-12-31 23:00:00;1;2015;-0,2;False;IPV911;1;-128,6
2015-03-31 22:00:00;1;2015;4,2;False;IPV911;2;-2200,0
2015-06-30 22:00:00;1;2015;7,5;False;IPV911;3;78,6
2015-09-30 22:00:00;1;2015;7,0;False;IPV911;4;-6,7
2015-12-31 23:00:00;1;2016;1,5;False;IPV911;1;-78,6
2016-03-31 22:00:00;1;2016;2,3;False;IPV911;2;53,3
2016-06-30 22:00:00;1;2016;5,8;False;IPV911;3;152,2
2016-09-30 22:00:00;1;2016;5,7;False;IPV911;4;-1,7
2016-12-31 23:00:00;1;2017;1,3;False;IPV911;1;-77,2
2017-03-31 22:00:00;1;2017;3,9;False;IPV911;2;200,0
2017-06-30 22:00:00;1;2017;9,2;False;IPV911;3;135,9
2017-09-30 22:00:00;1;2017;9,8;False;IPV911;4;6,5
2017-12-31 23:00:00;1;2018;-0,1;False;IPV911;1;-101,0
2018-03-31 22:00:00;1;2018;2,7;False;IPV911;2;-2800,0
2018-06-30 22:00:00;1;2018;6,5;False;IPV911;3;140,7
2018-09-30 22:00:00;1;2018;6,4;False;IPV911;4;-1,5
2018-12-31 23:00:00;1;2019;0,8;False;IPV911;1;-87,5
2019-03-31 22:00:00;1;2019;1,6;False;IPV911;2;100,0
2019-06-30 22:00:00;1;2019;6,1;False;IPV911;3;281,2
2019-09-30 22:00:00;1;2019;5,5;False;IPV911;4;-9,8
2019-12-31 23:00:00;1;2020;1,2;False;IPV911;1;-78,2
2020-03-31 22:00:00;1;2020;0,7;False;IPV911;2;-41,7
2020-06-30 22:00:00;1;2020;4,0;False;IPV911;3;471,4
2020-09-30 22:00:00;1;2020;2,4;False;IPV911;4;-40,0
2020-12-31 23:00:00;1;2021;-0,1;False;IPV911;1;-104,2
2021-03-31 22:00:00;1;2021;3,9;False;IPV911;2;-4000,0
2021-06-30 22:00:00;1;2021;8,4;False;IPV911;3;115,4
2021-09-30 22:00:00;1;2021;9,6;False;IPV911;4;14,3
2021-12-31 23:00:00;1;2022;2,1;False;IPV911;1;-78,1
2022-03-31 22:00:00;1;2022;5,1;False;IPV911;2;142,9
2022-06-30 22:00:00;1;2022;7,1;False;IPV911;3;39,2
2022-09-30 22:00:00;1;2022;5,9;False;IPV911;4;-16,9
2022-12-31 23:00:00;1;2023;0,5;False;IPV911;1;-91,5
2023-03-31 22:00:00;1;2023;2,5;False;IPV911;2;400,0
2023-06-30 22:00:00;1;2023;5,7;False;IPV911;3;128,0
2023-09-30 22:00:00;1;2023;4,4;False;IPV911;4;-22,8
2023-12-31 23:00:00;1;2024;1,8;False;IPV911;1;-59,1
2024-03-31 22:00:00;1;2024;4,2;False;IPV911;2;133,3
2024-06-30 22:00:00;1;2024;7,1;False;IPV911;3;69,0
2024-09-30 22:00:00;1;2024;8,6;False;IPV911;4;21,1
2024-12-31 23:00:00;1;2025;3,1;False;IPV911;1;-64,0
2025-03-31 22:00:00;1;2025;7,2;False;IPV911;2;132,3
2025-06-30 22:00:00;1;2025;11,2;False;IPV911;3;55,6
2025-09-30 22:00:00;1;2025;13,4;False;IPV911;4;19,6
2006-12-31 23:00:00;1;2007;13,6;False;IPV912;1;0,0
2007-03-31 22:00:00;1;2007;10,9;False;IPV912;2;-19,9
2007-06-30 22:00:00;1;2007;10,1;False;IPV912;3;-7,3
2007-09-30 22:00:00;1;2007;7,2;False;IPV912;4;-28,7
2007-12-31 23:00:00;1;2008;3,8;False;IPV912;1;-47,2
2008-03-31 22:00:00;1;2008;1,2;False;IPV912;2;-68,4
2008-06-30 22:00:00;1;2008;-2,6;False;IPV912;3;-316,7
2008-09-30 22:00:00;1;2008;-6,3;False;IPV912;4;142,3
2008-12-31 23:00:00;1;2009;-8,1;False;IPV912;1;28,6
2009-03-31 22:00:00;1;2009;-9,7;False;IPV912;2;19,8
2009-06-30 22:00:00;1;2009;-9,2;False;IPV912;3;-5,2
2009-09-30 22:00:00;1;2009;-5,6;False;IPV912;4;-39,1
2009-12-31 23:00:00;1;2010;-2,7;False;IPV912;1;-51,8
2010-03-31 22:00:00;1;2010;-2,0;False;IPV912;2;-25,9
2010-06-30 22:00:00;1;2010;-2,0;False;IPV912;3;0,0
2010-09-30 22:00:00;1;2010;-1,3;False;IPV912;4;-35,0
2010-12-31 23:00:00;1;2011;-3,0;False;IPV912;1;130,8
2011-03-31 22:00:00;1;2011;-3,9;False;IPV912;2;30,0
2011-06-30 22:00:00;1;2011;-5,2;False;IPV912;3;33,3
2011-09-30 22:00:00;1;2011;-9,8;False;IPV912;4;88,5
2011-12-31 23:00:00;1;2012;-14,8;False;IPV912;1;51,0
2012-03-31 22:00:00;1;2012;-15,0;False;IPV912;2;1,4
2012-06-30 22:00:00;1;2012;-14,0;False;IPV912;3;-6,7
2012-09-30 22:00:00;1;2012;-11,4;False;IPV912;4;-18,6
2012-12-31 23:00:00;1;2013;-9,9;False;IPV912;1;-13,2
2013-03-31 22:00:00;1;2013;-9,1;False;IPV912;2;-8,1
2013-06-30 22:00:00;1;2013;-5,8;False;IPV912;3;-36,3
2013-09-30 22:00:00;1;2013;-3,7;False;IPV912;4;-36,2
2013-12-31 23:00:00;1;2014;0,2;False;IPV912;1;-105,4
2014-03-31 22:00:00;1;2014;0,4;False;IPV912;2;100,0
2014-06-30 22:00:00;1;2014;0,5;False;IPV912;3;25,0
2014-09-30 22:00:00;1;2014;0,7;False;IPV912;4;40,0
2014-12-31 23:00:00;1;2015;2,8;False;IPV912;1;300,0
2015-03-31 22:00:00;1;2015;7,3;False;IPV912;2;160,7
2015-06-30 22:00:00;1;2015;8,4;False;IPV912;3;15,1
2015-09-30 22:00:00;1;2015;7,0;False;IPV912;4;-16,7
2015-12-31 23:00:00;1;2016;8,8;False;IPV912;1;25,7
2016-03-31 22:00:00;1;2016;5,0;False;IPV912;2;-43,2
2016-06-30 22:00:00;1;2016;5,4;False;IPV912;3;8,0
2016-09-30 22:00:00;1;2016;5,7;False;IPV912;4;5,6
2016-12-31 23:00:00;1;2017;5,5;False;IPV912;1;-3,5
2017-03-31 22:00:00;1;2017;7,4;False;IPV912;2;34,5
2017-06-30 22:00:00;1;2017;9,1;False;IPV912;3;23,0
2017-09-30 22:00:00;1;2017;9,8;False;IPV912;4;7,7
2017-12-31 23:00:00;1;2018;8,2;False;IPV912;1;-16,3
2018-03-31 22:00:00;1;2018;8,4;False;IPV912;2;2,4
2018-06-30 22:00:00;1;2018;7,0;False;IPV912;3;-16,7
2018-09-30 22:00:00;1;2018;6,4;False;IPV912;4;-8,6
2018-12-31 23:00:00;1;2019;7,3;False;IPV912;1;14,1
2019-03-31 22:00:00;1;2019;5,3;False;IPV912;2;-27,4
2019-06-30 22:00:00;1;2019;6,0;False;IPV912;3;13,2
2019-09-30 22:00:00;1;2019;5,5;False;IPV912;4;-8,3
2019-12-31 23:00:00;1;2020;6,0;False;IPV912;1;9,1
2020-03-31 22:00:00;1;2020;4,6;False;IPV912;2;-23,3
2020-06-30 22:00:00;1;2020;3,4;False;IPV912;3;-26,1
2020-09-30 22:00:00;1;2020;2,4;False;IPV912;4;-29,4
2020-12-31 23:00:00;1;2021;1,1;False;IPV912;1;-54,2
2021-03-31 22:00:00;1;2021;5,7;False;IPV912;2;418,2
2021-06-30 22:00:00;1;2021;6,8;False;IPV912;3;19,3
2021-09-30 22:00:00;1;2021;9,6;False;IPV912;4;41,2
2021-12-31 23:00:00;1;2022;12,0;False;IPV912;1;25,0
2022-03-31 22:00:00;1;2022;10,9;False;IPV912;2;-9,2
2022-06-30 22:00:00;1;2022;8,3;False;IPV912;3;-23,9
2022-09-30 22:00:00;1;2022;5,9;False;IPV912;4;-28,9
2022-12-31 23:00:00;1;2023;4,2;False;IPV912;1;-28,8
2023-03-31 22:00:00;1;2023;3,2;False;IPV912;2;-23,8
2023-06-30 22:00:00;1;2023;4,5;False;IPV912;3;40,6
2023-09-30 22:00:00;1;2023;4,4;False;IPV912;4;-2,2
2023-12-31 23:00:00;1;2024;5,8;False;IPV912;1;31,8
2024-03-31 22:00:00;1;2024;6,2;False;IPV912;2;6,9
2024-06-30 22:00:00;1;2024;5,8;False;IPV912;3;-6,5
2024-09-30 22:00:00;1;2024;8,6;False;IPV912;4;48,3
2024-12-31 23:00:00;1;2025;10,0;False;IPV912;1;16,3
2025-03-31 22:00:00;1;2025;11,7;False;IPV912;2;17,0
2025-06-30 22:00:00;1;2025;12,8;False;IPV912;3;9,4
2025-09-30 22:00:00;1;2025;13,4;False;IPV912;4;4,7
2006-12-31 23:00:00;1;2007;2,0;False;IPV913;1;0,0
2007-03-31 22:00:00;1;2007;3,5;False;IPV913;2;75,0
2007-06-30 22:00:00;1;2007;1,9;False;IPV913;3;-45,7
2007-09-30 22:00:00;1;2007;-0,3;False;IPV913;4;-115,8
2007-12-31 23:00:00;1;2008;-1,3;False;IPV913;1;333,3
2008-03-31 22:00:00;1;2008;0,9;False;IPV913;2;-169,2
2008-06-30 22:00:00;1;2008;-2,0;False;IPV913;3;-322,2
2008-09-30 22:00:00;1;2008;-4,0;False;IPV913;4;100,0
2008-12-31 23:00:00;1;2009;-3,3;False;IPV913;1;-17,5
2009-03-31 22:00:00;1;2009;-0,7;False;IPV913;2;-78,8
2009-06-30 22:00:00;1;2009;-1,5;False;IPV913;3;114,3
2009-09-30 22:00:00;1;2009;-0,2;False;IPV913;4;-86,7
2009-12-31 23:00:00;1;2010;-0,3;False;IPV913;1;50,0
2010-03-31 22:00:00;1;2010;0,0;False;IPV913;2;-100,0
2010-06-30 22:00:00;1;2010;-1,4;False;IPV913;3;-inf
2010-09-30 22:00:00;1;2010;0,4;False;IPV913;4;-128,6
2010-12-31 23:00:00;1;2011;-1,9;False;IPV913;1;-575,0
2011-03-31 22:00:00;1;2011;-1,0;False;IPV913;2;-47,4
2011-06-30 22:00:00;1;2011;-2,7;False;IPV913;3;170,0
2011-09-30 22:00:00;1;2011;-4,5;False;IPV913;4;66,7
2011-12-31 23:00:00;1;2012;-7,4;False;IPV913;1;64,4
2012-03-31 22:00:00;1;2012;-1,1;False;IPV913;2;-85,1
2012-06-30 22:00:00;1;2012;-1,6;False;IPV913;3;45,5
2012-09-30 22:00:00;1;2012;-1,6;False;IPV913;4;0,0
2012-12-31 23:00:00;1;2013;-5,9;False;IPV913;1;268,8
2013-03-31 22:00:00;1;2013;-0,2;False;IPV913;2;-96,6
2013-06-30 22:00:00;1;2013;2,0;False;IPV913;3;-1100,0
2013-09-30 22:00:00;1;2013;0,6;False;IPV913;4;-70,0
2013-12-31 23:00:00;1;2014;-2,1;False;IPV913;1;-450,0
2014-03-31 22:00:00;1;2014;0,0;False;IPV913;2;-100,0
2014-06-30 22:00:00;1;2014;2,1;False;IPV913;3;inf
2014-09-30 22:00:00;1;2014;0,9;False;IPV913;4;-57,1
2014-12-31 23:00:00;1;2015;-0,2;False;IPV913;1;-122,2
2015-03-31 22:00:00;1;2015;4,4;False;IPV913;2;-2300,0
2015-06-30 22:00:00;1;2015;3,1;False;IPV913;3;-29,5
2015-09-30 22:00:00;1;2015;-0,4;False;IPV913;4;-112,9
2015-12-31 23:00:00;1;2016;1,5;False;IPV913;1;-475,0
2016-03-31 22:00:00;1;2016;0,8;False;IPV913;2;-46,7
2016-06-30 22:00:00;1;2016;3,4;False;IPV913;3;325,0
2016-09-30 22:00:00;1;2016;-0,1;False;IPV913;4;-102,9
2016-12-31 23:00:00;1;2017;1,3;False;IPV913;1;-1400,0
2017-03-31 22:00:00;1;2017;2,6;False;IPV913;2;100,0
2017-06-30 22:00:00;1;2017;5,0;False;IPV913;3;92,3
2017-09-30 22:00:00;1;2017;0,5;False;IPV913;4;-90,0
2017-12-31 23:00:00;1;2018;-0,1;False;IPV913;1;-120,0
2018-03-31 22:00:00;1;2018;2,8;False;IPV913;2;-2900,0
2018-06-30 22:00:00;1;2018;3,7;False;IPV913;3;32,1
2018-09-30 22:00:00;1;2018;-0,1;False;IPV913;4;-102,7
2018-12-31 23:00:00;1;2019;0,8;False;IPV913;1;-900,0
2019-03-31 22:00:00;1;2019;0,8;False;IPV913;2;0,0
2019-06-30 22:00:00;1;2019;4,5;False;IPV913;3;462,5
2019-09-30 22:00:00;1;2019;-0,6;False;IPV913;4;-113,3
2019-12-31 23:00:00;1;2020;1,2;False;IPV913;1;-300,0
2020-03-31 22:00:00;1;2020;-0,5;False;IPV913;2;-141,7
2020-06-30 22:00:00;1;2020;3,2;False;IPV913;3;-740,0
2020-09-30 22:00:00;1;2020;-1,5;False;IPV913;4;-146,9
2020-12-31 23:00:00;1;2021;-0,1;False;IPV913;1;-93,3
2021-03-31 22:00:00;1;2021;4,0;False;IPV913;2;-4100,0
2021-06-30 22:00:00;1;2021;4,3;False;IPV913;3;7,5
2021-09-30 22:00:00;1;2021;1,1;False;IPV913;4;-74,4
2021-12-31 23:00:00;1;2022;2,1;False;IPV913;1;90,9
2022-03-31 22:00:00;1;2022;2,9;False;IPV913;2;38,1
2022-06-30 22:00:00;1;2022;1,9;False;IPV913;3;-34,5
2022-09-30 22:00:00;1;2022;-1,1;False;IPV913;4;-157,9
2022-12-31 23:00:00;1;2023;0,5;False;IPV913;1;-145,5
2023-03-31 22:00:00;1;2023;2,0;False;IPV913;2;300,0
2023-06-30 22:00:00;1;2023;3,1;False;IPV913;3;55,0
2023-09-30 22:00:00;1;2023;-1,2;False;IPV913;4;-138,7
2023-12-31 23:00:00;1;2024;1,8;False;IPV913;1;-250,0
2024-03-31 22:00:00;1;2024;2,3;False;IPV913;2;27,8
2024-06-30 22:00:00;1;2024;2,8;False;IPV913;3;21,7
2024-09-30 22:00:00;1;2024;1,4;False;IPV913;4;-50,0
2024-12-31 23:00:00;1;2025;3,1;False;IPV913;1;121,4
2025-03-31 22:00:00;1;2025;3,9;False;IPV913;2;25,8
2025-06-30 22:00:00;1;2025;3,8;False;IPV913;3;-2,6
2025-09-30 22:00:00;1;2025;1,9;False;IPV913;4;-50,0
2006-12-31 23:00:00;1;2007;2,3;False;IPV914;1;0,0
2007-03-31 22:00:00;1;2007;6,0;False;IPV914;2;160,9
2007-06-30 22:00:00;1;2007;7,2;False;IPV914;3;20,0
2007-09-30 22:00:00;1;2007;4,8;False;IPV914;4;-33,3
2007-12-31 23:00:00;1;2008;0,0;False;IPV914;1;-100,0
2008-03-31 22:00:00;1;2008;-2,0;False;IPV914;2;-inf
2008-06-30 22:00:00;1;2008;-3,9;False;IPV914;3;95,0
2008-09-30 22:00:00;1;2008;-6,1;False;IPV914;4;56,4
2008-12-31 23:00:00;1;2009;-0,7;False;IPV914;1;-88,5
2009-03-31 22:00:00;1;2009;-0,2;False;IPV914;2;-71,4
2009-06-30 22:00:00;1;2009;0,3;False;IPV914;3;-250,0
2009-09-30 22:00:00;1;2009;1,6;False;IPV914;4;433,3
2009-12-31 23:00:00;1;2010;-2,1;False;IPV914;1;-231,2
2010-03-31 22:00:00;1;2010;0,0;False;IPV914;2;-100,0
2010-06-30 22:00:00;1;2010;-3,3;False;IPV914;3;-inf
2010-09-30 22:00:00;1;2010;-0,6;False;IPV914;4;-81,8
2010-12-31 23:00:00;1;2011;-5,3;False;IPV914;1;783,3
2011-03-31 22:00:00;1;2011;-7,0;False;IPV914;2;32,1
2011-06-30 22:00:00;1;2011;-9,4;False;IPV914;3;34,3
2011-09-30 22:00:00;1;2011;-14,0;False;IPV914;4;48,9
2011-12-31 23:00:00;1;2012;-6,1;False;IPV914;1;-56,4
2012-03-31 22:00:00;1;2012;-8,8;False;IPV914;2;44,3
2012-06-30 22:00:00;1;2012;-13,7;False;IPV914;3;55,7
2012-09-30 22:00:00;1;2012;-13,7;False;IPV914;4;0,0
2012-12-31 23:00:00;1;2013;-7,3;False;IPV914;1;-46,7
2013-03-31 22:00:00;1;2013;-7,3;False;IPV914;2;0,0
2013-06-30 22:00:00;1;2013;-10,0;False;IPV914;3;37,0
2013-09-30 22:00:00;1;2013;-11,1;False;IPV914;4;11,0
2013-12-31 23:00:00;1;2014;-2,2;False;IPV914;1;-80,2
2014-03-31 22:00:00;1;2014;0,3;False;IPV914;2;-113,6
2014-06-30 22:00:00;1;2014;-0,9;False;IPV914;3;-400,0
2014-09-30 22:00:00;1;2014;-0,6;False;IPV914;4;-33,3
2014-12-31 23:00:00;1;2015;-1,6;False;IPV914;1;166,7
2015-03-31 22:00:00;1;2015;1,6;False;IPV914;2;-200,0
2015-06-30 22:00:00;1;2015;3,1;False;IPV914;3;93,8
2015-09-30 22:00:00;1;2015;0,5;False;IPV914;4;-83,9
2015-12-31 23:00:00;1;2016;0,5;False;IPV914;1;0,0
2016-03-31 22:00:00;1;2016;0,7;False;IPV914;2;40,0
2016-06-30 22:00:00;1;2016;1,9;False;IPV914;3;171,4
2016-09-30 22:00:00;1;2016;1,7;False;IPV914;4;-10,5
2016-12-31 23:00:00;1;2017;0,1;False;IPV914;1;-94,1
2017-03-31 22:00:00;1;2017;-0,9;False;IPV914;2;-1000,0
2017-06-30 22:00:00;1;2017;1,2;False;IPV914;3;-233,3
2017-09-30 22:00:00;1;2017;2,3;False;IPV914;4;91,7
2017-12-31 23:00:00;1;2018;-0,2;False;IPV914;1;-108,7
2018-03-31 22:00:00;1;2018;0,8;False;IPV914;2;-500,0
2018-06-30 22:00:00;1;2018;3,2;False;IPV914;3;300,0
2018-09-30 22:00:00;1;2018;2,6;False;IPV914;4;-18,8
2018-12-31 23:00:00;1;2019;0,5;False;IPV914;1;-80,8
2019-03-31 22:00:00;1;2019;2,8;False;IPV914;2;460,0
2019-06-30 22:00:00;1;2019;4,0;False;IPV914;3;42,9
2019-09-30 22:00:00;1;2019;4,5;False;IPV914;4;12,5
2019-12-31 23:00:00;1;2020;0,2;False;IPV914;1;-95,6
2020-03-31 22:00:00;1;2020;2,1;False;IPV914;2;950,0
2020-06-30 22:00:00;1;2020;1,2;False;IPV914;3;-42,9
2020-09-30 22:00:00;1;2020;1,5;False;IPV914;4;25,0
2020-12-31 23:00:00;1;2021;0,9;False;IPV914;1;-40,0
2021-03-31 22:00:00;1;2021;4,3;False;IPV914;2;377,8
2021-06-30 22:00:00;1;2021;5,0;False;IPV914;3;16,3
2021-09-30 22:00:00;1;2021;6,5;False;IPV914;4;30,0
2021-12-31 23:00:00;1;2022;1,6;False;IPV914;1;-75,4
2022-03-31 22:00:00;1;2022;4,3;False;IPV914;2;168,7
2022-06-30 22:00:00;1;2022;4,8;False;IPV914;3;11,6
2022-09-30 22:00:00;1;2022;4,1;False;IPV914;4;-14,6
2022-12-31 23:00:00;1;2023;0,3;False;IPV914;1;-92,7
2023-03-31 22:00:00;1;2023;2,0;False;IPV914;2;566,7
2023-06-30 22:00:00;1;2023;4,7;False;IPV914;3;135,0
2023-09-30 22:00:00;1;2023;3,0;False;IPV914;4;-36,2
2023-12-31 23:00:00;1;2024;2,0;False;IPV914;1;-33,3
2024-03-31 22:00:00;1;2024;6,5;False;IPV914;2;225,0
2024-06-30 22:00:00;1;2024;9,1;False;IPV914;3;40,0
2024-09-30 22:00:00;1;2024;11,7;False;IPV914;4;28,6
2024-12-31 23:00:00;1;2025;3,8;False;IPV914;1;-67,5
2025-03-31 22:00:00;1;2025;8,7;False;IPV914;2;128,9
2025-06-30 22:00:00;1;2025;11,4;False;IPV914;3;31,0
2025-09-30 22:00:00;1;2025;14,5;False;IPV914;4;27,2
2006-12-31 23:00:00;1;2007;16,4;False;IPV915;1;0,0
2007-03-31 22:00:00;1;2007;12,1;False;IPV915;2;-26,2
2007-06-30 22:00:00;1;2007;9,0;False;IPV915;3;-25,6
2007-09-30 22:00:00;1;2007;4,8;False;IPV915;4;-46,7
2007-12-31 23:00:00;1;2008;2,5;False;IPV915;1;-47,9
2008-03-31 22:00:00;1;2008;-3,1;False;IPV915;2;-224,0
2008-06-30 22:00:00;1;2008;-6,0;False;IPV915;3;93,5
2008-09-30 22:00:00;1;2008;-6,1;False;IPV915;4;1,7
2008-12-31 23:00:00;1;2009;-6,8;False;IPV915;1;11,5
2009-03-31 22:00:00;1;2009;-4,4;False;IPV915;2;-35,3
2009-06-30 22:00:00;1;2009;-2,0;False;IPV915;3;-54,5
2009-09-30 22:00:00;1;2009;1,6;False;IPV915;4;-180,0
2009-12-31 23:00:00;1;2010;0,1;False;IPV915;1;-93,8
2010-03-31 22:00:00;1;2010;1,8;False;IPV915;2;1700,0
2010-06-30 22:00:00;1;2010;-2,1;False;IPV915;3;-216,7
2010-09-30 22:00:00;1;2010;-0,6;False;IPV915;4;-71,4
2010-12-31 23:00:00;1;2011;-3,9;False;IPV915;1;550,0
2011-03-31 22:00:00;1;2011;-7,5;False;IPV915;2;92,3
2011-06-30 22:00:00;1;2011;-6,8;False;IPV915;3;-9,3
2011-09-30 22:00:00;1;2011;-14,0;False;IPV915;4;105,9
2011-12-31 23:00:00;1;2012;-14,7;False;IPV915;1;5,0
2012-03-31 22:00:00;1;2012;-15,7;False;IPV915;2;6,8
2012-06-30 22:00:00;1;2012;-18,2;False;IPV915;3;15,9
2012-09-30 22:00:00;1;2012;-13,7;False;IPV915;4;-24,7
2012-12-31 23:00:00;1;2013;-14,9;False;IPV915;1;8,8
2013-03-31 22:00:00;1;2013;-12,4;False;IPV915;2;-16,8
2013-06-30 22:00:00;1;2013;-10,0;False;IPV915;3;-19,4
2013-09-30 22:00:00;1;2013;-11,1;False;IPV915;4;11,0
2013-12-31 23:00:00;1;2014;-6,2;False;IPV915;1;-44,1
2014-03-31 22:00:00;1;2014;-3,7;False;IPV915;2;-40,3
2014-06-30 22:00:00;1;2014;-2,1;False;IPV915;3;-43,2
2014-09-30 22:00:00;1;2014;-0,6;False;IPV915;4;-71,4
2014-12-31 23:00:00;1;2015;0,1;False;IPV915;1;-116,7
2015-03-31 22:00:00;1;2015;0,7;False;IPV915;2;600,0
2015-06-30 22:00:00;1;2015;3,5;False;IPV915;3;400,0
2015-09-30 22:00:00;1;2015;0,5;False;IPV915;4;-85,7
2015-12-31 23:00:00;1;2016;2,7;False;IPV915;1;440,0
2016-03-31 22:00:00;1;2016;-0,4;False;IPV915;2;-114,8
2016-06-30 22:00:00;1;2016;-0,6;False;IPV915;3;50,0
2016-09-30 22:00:00;1;2016;1,7;False;IPV915;4;-383,3
2016-12-31 23:00:00;1;2017;1,3;False;IPV915;1;-23,5
2017-03-31 22:00:00;1;2017;0,1;False;IPV915;2;-92,3
2017-06-30 22:00:00;1;2017;1,0;False;IPV915;3;900,0
2017-09-30 22:00:00;1;2017;2,3;False;IPV915;4;130,0
2017-12-31 23:00:00;1;2018;2,0;False;IPV915;1;-13,0
2018-03-31 22:00:00;1;2018;4,0;False;IPV915;2;100,0
2018-06-30 22:00:00;1;2018;4,3;False;IPV915;3;7,5
2018-09-30 22:00:00;1;2018;2,6;False;IPV915;4;-39,5
2018-12-31 23:00:00;1;2019;3,3;False;IPV915;1;26,9
2019-03-31 22:00:00;1;2019;4,7;False;IPV915;2;42,4
2019-06-30 22:00:00;1;2019;3,3;False;IPV915;3;-29,8
2019-09-30 22:00:00;1;2019;4,5;False;IPV915;4;36,4
2019-12-31 23:00:00;1;2020;4,1;False;IPV915;1;-8,9
2020-03-31 22:00:00;1;2020;3,7;False;IPV915;2;-9,8
2020-06-30 22:00:00;1;2020;1,7;False;IPV915;3;-54,1
2020-09-30 22:00:00;1;2020;1,5;False;IPV915;4;-11,8
2020-12-31 23:00:00;1;2021;2,2;False;IPV915;1;46,7
2021-03-31 22:00:00;1;2021;3,6;False;IPV915;2;63,6
2021-06-30 22:00:00;1;2021;5,3;False;IPV915;3;47,2
2021-09-30 22:00:00;1;2021;6,5;False;IPV915;4;22,6
2021-12-31 23:00:00;1;2022;7,3;False;IPV915;1;12,3
2022-03-31 22:00:00;1;2022;6,5;False;IPV915;2;-11,0
2022-06-30 22:00:00;1;2022;6,3;False;IPV915;3;-3,1
2022-09-30 22:00:00;1;2022;4,1;False;IPV915;4;-34,9
2022-12-31 23:00:00;1;2023;2,8;False;IPV915;1;-31,7
2023-03-31 22:00:00;1;2023;1,8;False;IPV915;2;-35,7
2023-06-30 22:00:00;1;2023;4,0;False;IPV915;3;122,2
2023-09-30 22:00:00;1;2023;3,0;False;IPV915;4;-25,0
2023-12-31 23:00:00;1;2024;4,7;False;IPV915;1;56,7
2024-03-31 22:00:00;1;2024;7,6;False;IPV915;2;61,7
2024-06-30 22:00:00;1;2024;7,3;False;IPV915;3;-3,9
2024-09-30 22:00:00;1;2024;11,7;False;IPV915;4;60,3
2024-12-31 23:00:00;1;2025;13,7;False;IPV915;1;17,1
2025-03-31 22:00:00;1;2025;13,9;False;IPV915;2;1,5
2025-06-30 22:00:00;1;2025;14,1;False;IPV915;3;1,4
2025-09-30 22:00:00;1;2025;14,5;False;IPV915;4;2,8
2006-12-31 23:00:00;1;2007;2,3;False;IPV916;1;0,0
2007-03-31 22:00:00;1;2007;3,7;False;IPV916;2;60,9
2007-06-30 22:00:00;1;2007;1,1;False;IPV916;3;-70,3
2007-09-30 22:00:00;1;2007;-2,2;False;IPV916;4;-300,0
2007-12-31 23:00:00;1;2008;0,0;False;IPV916;1;-100,0
2008-03-31 22:00:00;1;2008;-2,1;False;IPV916;2;-inf
2008-06-30 22:00:00;1;2008;-1,9;False;IPV916;3;-9,5
2008-09-30 22:00:00;1;2008;-2,3;False;IPV916;4;21,1
2008-12-31 23:00:00;1;2009;-0,7;False;IPV916;1;-69,6
2009-03-31 22:00:00;1;2009;0,5;False;IPV916;2;-171,4
2009-06-30 22:00:00;1;2009;0,5;False;IPV916;3;0,0
2009-09-30 22:00:00;1;2009;1,3;False;IPV916;4;160,0
2009-12-31 23:00:00;1;2010;-2,1;False;IPV916;1;-261,5
2010-03-31 22:00:00;1;2010;2,2;False;IPV916;2;-204,8
2010-06-30 22:00:00;1;2010;-3,4;False;IPV916;3;-254,5
2010-09-30 22:00:00;1;2010;2,8;False;IPV916;4;-182,4
2010-12-31 23:00:00;1;2011;-5,3;False;IPV916;1;-289,3
2011-03-31 22:00:00;1;2011;-1,7;False;IPV916;2;-67,9
2011-06-30 22:00:00;1;2011;-2,6;False;IPV916;3;52,9
2011-09-30 22:00:00;1;2011;-5,1;False;IPV916;4;96,2
2011-12-31 23:00:00;1;2012;-6,1;False;IPV916;1;19,6
2012-03-31 22:00:00;1;2012;-2,9;False;IPV916;2;-52,5
2012-06-30 22:00:00;1;2012;-5,4;False;IPV916;3;86,2
2012-09-30 22:00:00;1;2012;0,0;False;IPV916;4;-100,0
2012-12-31 23:00:00;1;2013;-7,3;False;IPV916;1;-inf
2013-03-31 22:00:00;1;2013;0,0;False;IPV916;2;-100,0
2013-06-30 22:00:00;1;2013;-2,9;False;IPV916;3;-inf
2013-09-30 22:00:00;1;2013;-1,2;False;IPV916;4;-58,6
2013-12-31 23:00:00;1;2014;-2,2;False;IPV916;1;83,3
2014-03-31 22:00:00;1;2014;2,6;False;IPV916;2;-218,2
2014-06-30 22:00:00;1;2014;-1,2;False;IPV916;3;-146,2
2014-09-30 22:00:00;1;2014;0,4;False;IPV916;4;-133,3
2014-12-31 23:00:00;1;2015;-1,6;False;IPV916;1;-500,0
2015-03-31 22:00:00;1;2015;3,2;False;IPV916;2;-300,0
2015-06-30 22:00:00;1;2015;1,5;False;IPV916;3;-53,1
2015-09-30 22:00:00;1;2015;-2,5;False;IPV916;4;-266,7
2015-12-31 23:00:00;1;2016;0,5;False;IPV916;1;-120,0
2016-03-31 22:00:00;1;2016;0,2;False;IPV916;2;-60,0
2016-06-30 22:00:00;1;2016;1,2;False;IPV916;3;500,0
2016-09-30 22:00:00;1;2016;-0,2;False;IPV916;4;-116,7
2016-12-31 23:00:00;1;2017;0,1;False;IPV916;1;-150,0
2017-03-31 22:00:00;1;2017;-1,0;False;IPV916;2;-1100,0
2017-06-30 22:00:00;1;2017;2,1;False;IPV916;3;-310,0
2017-09-30 22:00:00;1;2017;1,1;False;IPV916;4;-47,6
2017-12-31 23:00:00;1;2018;-0,2;False;IPV916;1;-118,2
2018-03-31 22:00:00;1;2018;1,0;False;IPV916;2;-600,0
2018-06-30 22:00:00;1;2018;2,4;False;IPV916;3;140,0
2018-09-30 22:00:00;1;2018;-0,6;False;IPV916;4;-125,0
2018-12-31 23:00:00;1;2019;0,5;False;IPV916;1;-183,3
2019-03-31 22:00:00;1;2019;2,3;False;IPV916;2;360,0
2019-06-30 22:00:00;1;2019;1,1;False;IPV916;3;-52,2
2019-09-30 22:00:00;1;2019;0,5;False;IPV916;4;-54,5
2019-12-31 23:00:00;1;2020;0,2;False;IPV916;1;-60,0
2020-03-31 22:00:00;1;2020;1,9;False;IPV916;2;850,0
2020-06-30 22:00:00;1;2020;-0,8;False;IPV916;3;-142,1
2020-09-30 22:00:00;1;2020;0,2;False;IPV916;4;-125,0
2020-12-31 23:00:00;1;2021;0,9;False;IPV916;1;350,0
2021-03-31 22:00:00;1;2021;3,4;False;IPV916;2;277,8
2021-06-30 22:00:00;1;2021;0,7;False;IPV916;3;-79,4
2021-09-30 22:00:00;1;2021;1,4;False;IPV916;4;100,0
2021-12-31 23:00:00;1;2022;1,6;False;IPV916;1;14,3
2022-03-31 22:00:00;1;2022;2,6;False;IPV916;2;62,5
2022-06-30 22:00:00;1;2022;0,5;False;IPV916;3;-80,8
2022-09-30 22:00:00;1;2022;-0,7;False;IPV916;4;-240,0
2022-12-31 23:00:00;1;2023;0,3;False;IPV916;1;-142,9
2023-03-31 22:00:00;1;2023;1,6;False;IPV916;2;433,3
2023-06-30 22:00:00;1;2023;2,6;False;IPV916;3;62,5
2023-09-30 22:00:00;1;2023;-1,6;False;IPV916;4;-161,5
2023-12-31 23:00:00;1;2024;2,0;False;IPV916;1;-225,0
2024-03-31 22:00:00;1;2024;4,5;False;IPV916;2;125,0
2024-06-30 22:00:00;1;2024;2,4;False;IPV916;3;-46,7
2024-09-30 22:00:00;1;2024;2,3;False;IPV916;4;-4,2
2024-12-31 23:00:00;1;2025;3,8;False;IPV916;1;65,2
2025-03-31 22:00:00;1;2025;4,7;False;IPV916;2;23,7
2025-06-30 22:00:00;1;2025;2,5;False;IPV916;3;-46,8
2025-09-30 22:00:00;1;2025;2,7;False;IPV916;4;8,0
2006-12-31 23:00:00;1;2007;2,8;False;IPV917;1;0,0
2007-03-31 22:00:00;1;2007;6,3;False;IPV917;2;125,0
2007-06-30 22:00:00;1;2007;9,7;False;IPV917;3;54,0
2007-09-30 22:00:00;1;2007;11,9;False;IPV917;4;22,7
2007-12-31 23:00:00;1;2008;0,3;False;IPV917;1;-97,5
2008-03-31 22:00:00;1;2008;0,4;False;IPV917;2;33,3
2008-06-30 22:00:00;1;2008;1,6;False;IPV917;3;300,0
2008-09-30 22:00:00;1;2008;2,2;False;IPV917;4;37,5
2008-12-31 23:00:00;1;2009;0,5;False;IPV917;1;-77,3
2009-03-31 22:00:00;1;2009;0,1;False;IPV917;2;-80,0
2009-06-30 22:00:00;1;2009;0,1;False;IPV917;3;0,0
2009-09-30 22:00:00;1;2009;-1,8;False;IPV917;4;-1900,0
2009-12-31 23:00:00;1;2010;-0,5;False;IPV917;1;-72,2
2010-03-31 22:00:00;1;2010;1,0;False;IPV917;2;-300,0
2010-06-30 22:00:00;1;2010;-2,4;False;IPV917;3;-340,0
2010-09-30 22:00:00;1;2010;-1,3;False;IPV917;4;-45,8
2010-12-31 23:00:00;1;2011;-1,2;False;IPV917;1;-7,7
2011-03-31 22:00:00;1;2011;-3,3;False;IPV917;2;175,0
2011-06-30 22:00:00;1;2011;-3,1;False;IPV917;3;-6,1
2011-09-30 22:00:00;1;2011;-8,5;False;IPV917;4;174,2
2011-12-31 23:00:00;1;2012;-6,6;False;IPV917;1;-22,4
2012-03-31 22:00:00;1;2012;-8,6;False;IPV917;2;30,3
2012-06-30 22:00:00;1;2012;-12,0;False;IPV917;3;39,5
2012-09-30 22:00:00;1;2012;-11,4;False;IPV917;4;-5,0
2012-12-31 23:00:00;1;2013;-9,4;False;IPV917;1;-17,5
2013-03-31 22:00:00;1;2013;-10,9;False;IPV917;2;16,0
2013-06-30 22:00:00;1;2013;-10,1;False;IPV917;3;-7,3
2013-09-30 22:00:00;1;2013;-12,0;False;IPV917;4;18,8
2013-12-31 23:00:00;1;2014;0,2;False;IPV917;1;-101,7
2014-03-31 22:00:00;1;2014;2,3;False;IPV917;2;1050,0
2014-06-30 22:00:00;1;2014;3,0;False;IPV917;3;30,4
2014-09-30 22:00:00;1;2014;0,3;False;IPV917;4;-90,0
2014-12-31 23:00:00;1;2015;1,7;False;IPV917;1;466,7
2015-03-31 22:00:00;1;2015;4,2;False;IPV917;2;147,1
2015-06-30 22:00:00;1;2015;7,2;False;IPV917;3;71,4
2015-09-30 22:00:00;1;2015;4,5;False;IPV917;4;-37,5
2015-12-31 23:00:00;1;2016;2,5;False;IPV917;1;-44,4
2016-03-31 22:00:00;1;2016;5,6;False;IPV917;2;124,0
2016-06-30 22:00:00;1;2016;5,9;False;IPV917;3;5,4
2016-09-30 22:00:00;1;2016;3,2;False;IPV917;4;-45,8
2016-12-31 23:00:00;1;2017;1,4;False;IPV917;1;-56,2
2017-03-31 22:00:00;1;2017;1,0;False;IPV917;2;-28,6
2017-06-30 22:00:00;1;2017;3,3;False;IPV917;3;230,0
2017-09-30 22:00:00;1;2017;3,5;False;IPV917;4;6,1
2017-12-31 23:00:00;1;2018;1,5;False;IPV917;1;-57,1
2018-03-31 22:00:00;1;2018;2,1;False;IPV917;2;40,0
2018-06-30 22:00:00;1;2018;4,6;False;IPV917;3;119,0
2018-09-30 22:00:00;1;2018;8,7;False;IPV917;4;89,1
2018-12-31 23:00:00;1;2019;0,0;False;IPV917;1;-100,0
2019-03-31 22:00:00;1;2019;1,8;False;IPV917;2;inf
2019-06-30 22:00:00;1;2019;1,2;False;IPV917;3;-33,3
2019-09-30 22:00:00;1;2019;3,3;False;IPV917;4;175,0
2019-12-31 23:00:00;1;2020;2,9;False;IPV917;1;-12,1
2020-03-31 22:00:00;1;2020;3,0;False;IPV917;2;3,4
2020-06-30 22:00:00;1;2020;8,0;False;IPV917;3;166,7
2020-09-30 22:00:00;1;2020;4,9;False;IPV917;4;-38,7
2020-12-31 23:00:00;1;2021;0,5;False;IPV917;1;-89,8
2021-03-31 22:00:00;1;2021;2,2;False;IPV917;2;340,0
2021-06-30 22:00:00;1;2021;3,3;False;IPV917;3;50,0
2021-09-30 22:00:00;1;2021;4,0;False;IPV917;4;21,2
2021-12-31 23:00:00;1;2022;3,2;False;IPV917;1;-20,0
2022-03-31 22:00:00;1;2022;5,0;False;IPV917;2;56,2
2022-06-30 22:00:00;1;2022;6,3;False;IPV917;3;26,0
2022-09-30 22:00:00;1;2022;7,3;False;IPV917;4;15,9
2022-12-31 23:00:00;1;2023;4,9;False;IPV917;1;-32,9
2023-03-31 22:00:00;1;2023;7,4;False;IPV917;2;51,0
2023-06-30 22:00:00;1;2023;10,9;False;IPV917;3;47,3
2023-09-30 22:00:00;1;2023;6,9;False;IPV917;4;-36,7
2023-12-31 23:00:00;1;2024;5,8;False;IPV917;1;-15,9
2024-03-31 22:00:00;1;2024;6,4;False;IPV917;2;10,3
2024-06-30 22:00:00;1;2024;7,8;False;IPV917;3;21,9
2024-09-30 22:00:00;1;2024;12,1;False;IPV917;4;55,1
2024-12-31 23:00:00;1;2025;3,2;False;IPV917;1;-73,6
2025-03-31 22:00:00;1;2025;5,8;False;IPV917;2;81,2
2025-06-30 22:00:00;1;2025;6,2;False;IPV917;3;6,9
2025-09-30 22:00:00;1;2025;10,9;False;IPV917;4;75,8
2006-12-31 23:00:00;1;2007;15,2;False;IPV918;1;0,0
2007-03-31 22:00:00;1;2007;14,7;False;IPV918;2;-3,3
2007-06-30 22:00:00;1;2007;12,4;False;IPV918;3;-15,6
2007-09-30 22:00:00;1;2007;11,9;False;IPV918;4;-4,0
2007-12-31 23:00:00;1;2008;9,2;False;IPV918;1;-22,7
2008-03-31 22:00:00;1;2008;5,7;False;IPV918;2;-38,0
2008-06-30 22:00:00;1;2008;3,7;False;IPV918;3;-35,1
2008-09-30 22:00:00;1;2008;2,2;False;IPV918;4;-40,5
2008-12-31 23:00:00;1;2009;2,4;False;IPV918;1;9,1
2009-03-31 22:00:00;1;2009;1,9;False;IPV918;2;-20,8
2009-06-30 22:00:00;1;2009;0,8;False;IPV918;3;-57,9
2009-09-30 22:00:00;1;2009;-1,8;False;IPV918;4;-325,0
2009-12-31 23:00:00;1;2010;-2,8;False;IPV918;1;55,6
2010-03-31 22:00:00;1;2010;-0,8;False;IPV918;2;-71,4
2010-06-30 22:00:00;1;2010;-4,3;False;IPV918;3;437,5
2010-09-30 22:00:00;1;2010;-1,3;False;IPV918;4;-69,8
2010-12-31 23:00:00;1;2011;-1,9;False;IPV918;1;46,2
2011-03-31 22:00:00;1;2011;-5,4;False;IPV918;2;184,2
2011-06-30 22:00:00;1;2011;-1,9;False;IPV918;3;-64,8
2011-09-30 22:00:00;1;2011;-8,5;False;IPV918;4;347,4
2011-12-31 23:00:00;1;2012;-13,6;False;IPV918;1;60,0
2012-03-31 22:00:00;1;2012;-13,5;False;IPV918;2;-0,7
2012-06-30 22:00:00;1;2012;-16,9;False;IPV918;3;25,2
2012-09-30 22:00:00;1;2012;-11,4;False;IPV918;4;-32,5
2012-12-31 23:00:00;1;2013;-14,0;False;IPV918;1;22,8
2013-03-31 22:00:00;1;2013;-13,6;False;IPV918;2;-2,9
2013-06-30 22:00:00;1;2013;-9,5;False;IPV918;3;-30,1
2013-09-30 22:00:00;1;2013;-12,0;False;IPV918;4;26,3
2013-12-31 23:00:00;1;2014;-2,6;False;IPV918;1;-78,3
2014-03-31 22:00:00;1;2014;1,1;False;IPV918;2;-142,3
2014-06-30 22:00:00;1;2014;0,8;False;IPV918;3;-27,3
2014-09-30 22:00:00;1;2014;0,3;False;IPV918;4;-62,5
2014-12-31 23:00:00;1;2015;1,8;False;IPV918;1;500,0
2015-03-31 22:00:00;1;2015;2,1;False;IPV918;2;16,7
2015-06-30 22:00:00;1;2015;4,4;False;IPV918;3;109,5
2015-09-30 22:00:00;1;2015;4,5;False;IPV918;4;2,3
2015-12-31 23:00:00;1;2016;5,2;False;IPV918;1;15,6
2016-03-31 22:00:00;1;2016;5,9;False;IPV918;2;13,5
2016-06-30 22:00:00;1;2016;3,2;False;IPV918;3;-45,8
2016-09-30 22:00:00;1;2016;3,2;False;IPV918;4;0,0
2016-12-31 23:00:00;1;2017;2,1;False;IPV918;1;-34,4
2017-03-31 22:00:00;1;2017;-1,3;False;IPV918;2;-161,9
2017-06-30 22:00:00;1;2017;0,7;False;IPV918;3;-153,8
2017-09-30 22:00:00;1;2017;3,5;False;IPV918;4;400,0
2017-12-31 23:00:00;1;2018;3,5;False;IPV918;1;0,0
2018-03-31 22:00:00;1;2018;4,7;False;IPV918;2;34,3
2018-06-30 22:00:00;1;2018;4,8;False;IPV918;3;2,1
2018-09-30 22:00:00;1;2018;8,7;False;IPV918;4;81,2
2018-12-31 23:00:00;1;2019;7,2;False;IPV918;1;-17,2
2019-03-31 22:00:00;1;2019;8,3;False;IPV918;2;15,3
2019-06-30 22:00:00;1;2019;5,2;False;IPV918;3;-37,3
2019-09-30 22:00:00;1;2019;3,3;False;IPV918;4;-36,5
2019-12-31 23:00:00;1;2020;6,3;False;IPV918;1;90,9
2020-03-31 22:00:00;1;2020;4,5;False;IPV918;2;-28,6
2020-06-30 22:00:00;1;2020;10,2;False;IPV918;3;126,7
2020-09-30 22:00:00;1;2020;4,9;False;IPV918;4;-52,0
2020-12-31 23:00:00;1;2021;2,4;False;IPV918;1;-51,0
2021-03-31 22:00:00;1;2021;4,1;False;IPV918;2;70,8
2021-06-30 22:00:00;1;2021;0,3;False;IPV918;3;-92,7
2021-09-30 22:00:00;1;2021;4,0;False;IPV918;4;1233,3
2021-12-31 23:00:00;1;2022;6,8;False;IPV918;1;70,0
2022-03-31 22:00:00;1;2022;6,8;False;IPV918;2;0,0
2022-06-30 22:00:00;1;2022;7,1;False;IPV918;3;4,4
2022-09-30 22:00:00;1;2022;7,3;False;IPV918;4;2,8
2022-12-31 23:00:00;1;2023;9,1;False;IPV918;1;24,7
2023-03-31 22:00:00;1;2023;9,7;False;IPV918;2;6,6
2023-06-30 22:00:00;1;2023;11,9;False;IPV918;3;22,7
2023-09-30 22:00:00;1;2023;6,9;False;IPV918;4;-42,0
2023-12-31 23:00:00;1;2024;7,8;False;IPV918;1;13,0
2024-03-31 22:00:00;1;2024;6,0;False;IPV918;2;-23,1
2024-06-30 22:00:00;1;2024;3,9;False;IPV918;3;-35,0
2024-09-30 22:00:00;1;2024;12,1;False;IPV918;4;210,3
2024-12-31 23:00:00;1;2025;9,4;False;IPV918;1;-22,3
2025-03-31 22:00:00;1;2025;11,4;False;IPV918;2;21,3
2025-06-30 22:00:00;1;2025;10,4;False;IPV918;3;-8,8
2025-09-30 22:00:00;1;2025;10,9;False;IPV918;4;4,8
2006-12-31 23:00:00;1;2007;2,8;False;IPV919;1;0,0
2007-03-31 22:00:00;1;2007;3,3;False;IPV919;2;17,9
2007-06-30 22:00:00;1;2007;3,2;False;IPV919;3;-3,0
2007-09-30 22:00:00;1;2007;2,1;False;IPV919;4;-34,4
2007-12-31 23:00:00;1;2008;0,3;False;IPV919;1;-85,7
2008-03-31 22:00:00;1;2008;0,0;False;IPV919;2;-100,0
2008-06-30 22:00:00;1;2008;1,2;False;IPV919;3;inf
2008-09-30 22:00:00;1;2008;0,6;False;IPV919;4;-50,0
2008-12-31 23:00:00;1;2009;0,5;False;IPV919;1;-16,7
2009-03-31 22:00:00;1;2009;-0,4;False;IPV919;2;-180,0
2009-06-30 22:00:00;1;2009;0,1;False;IPV919;3;-125,0
2009-09-30 22:00:00;1;2009;-1,9;False;IPV919;4;-2000,0
2009-12-31 23:00:00;1;2010;-0,5;False;IPV919;1;-73,7
2010-03-31 22:00:00;1;2010;1,6;False;IPV919;2;-420,0
2010-06-30 22:00:00;1;2010;-3,4;False;IPV919;3;-312,5
2010-09-30 22:00:00;1;2010;1,2;False;IPV919;4;-135,3
2010-12-31 23:00:00;1;2011;-1,2;False;IPV919;1;-200,0
2011-03-31 22:00:00;1;2011;-2,1;False;IPV919;2;75,0
2011-06-30 22:00:00;1;2011;0,2;False;IPV919;3;-109,5
2011-09-30 22:00:00;1;2011;-5,6;False;IPV919;4;-2900,0
2011-12-31 23:00:00;1;2012;-6,6;False;IPV919;1;17,9
2012-03-31 22:00:00;1;2012;-2,1;False;IPV919;2;-68,2
2012-06-30 22:00:00;1;2012;-3,7;False;IPV919;3;76,2
2012-09-30 22:00:00;1;2012;0,7;False;IPV919;4;-118,9
2012-12-31 23:00:00;1;2013;-9,4;False;IPV919;1;-1442,9
2013-03-31 22:00:00;1;2013;-1,7;False;IPV919;2;-81,9
2013-06-30 22:00:00;1;2013;0,9;False;IPV919;3;-152,9
2013-09-30 22:00:00;1;2013;-2,1;False;IPV919;4;-333,3
2013-12-31 23:00:00;1;2014;0,2;False;IPV919;1;-109,5
2014-03-31 22:00:00;1;2014;2,1;False;IPV919;2;950,0
2014-06-30 22:00:00;1;2014;0,7;False;IPV919;3;-66,7
2014-09-30 22:00:00;1;2014;-2,6;False;IPV919;4;-471,4
2014-12-31 23:00:00;1;2015;1,7;False;IPV919;1;-165,4
2015-03-31 22:00:00;1;2015;2,4;False;IPV919;2;41,2
2015-06-30 22:00:00;1;2015;2,9;False;IPV919;3;20,8
2015-09-30 22:00:00;1;2015;-2,5;False;IPV919;4;-186,2
2015-12-31 23:00:00;1;2016;2,5;False;IPV919;1;-200,0
2016-03-31 22:00:00;1;2016;3,0;False;IPV919;2;20,0
2016-06-30 22:00:00;1;2016;0,3;False;IPV919;3;-90,0
2016-09-30 22:00:00;1;2016;-2,6;False;IPV919;4;-966,7
2016-12-31 23:00:00;1;2017;1,4;False;IPV919;1;-153,8
2017-03-31 22:00:00;1;2017;-0,4;False;IPV919;2;-128,6
2017-06-30 22:00:00;1;2017;2,3;False;IPV919;3;-675,0
2017-09-30 22:00:00;1;2017;0,2;False;IPV919;4;-91,3
2017-12-31 23:00:00;1;2018;1,5;False;IPV919;1;650,0
2018-03-31 22:00:00;1;2018;0,6;False;IPV919;2;-60,0
2018-06-30 22:00:00;1;2018;2,4;False;IPV919;3;300,0
2018-09-30 22:00:00;1;2018;3,9;False;IPV919;4;62,5
2018-12-31 23:00:00;1;2019;0,0;False;IPV919;1;-100,0
2019-03-31 22:00:00;1;2019;1,7;False;IPV919;2;inf
2019-06-30 22:00:00;1;2019;-0,5;False;IPV919;3;-129,4
2019-09-30 22:00:00;1;2019;2,0;False;IPV919;4;-500,0
2019-12-31 23:00:00;1;2020;2,9;False;IPV919;1;45,0
2020-03-31 22:00:00;1;2020;0,1;False;IPV919;2;-96,6
2020-06-30 22:00:00;1;2020;4,9;False;IPV919;3;4800,0
2020-09-30 22:00:00;1;2020;-2,9;False;IPV919;4;-159,2
2020-12-31 23:00:00;1;2021;0,5;False;IPV919;1;-117,2
2021-03-31 22:00:00;1;2021;1,7;False;IPV919;2;240,0
2021-06-30 22:00:00;1;2021;1,1;False;IPV919;3;-35,3
2021-09-30 22:00:00;1;2021;0,7;False;IPV919;4;-36,4
2021-12-31 23:00:00;1;2022;3,2;False;IPV919;1;357,1
2022-03-31 22:00:00;1;2022;1,8;False;IPV919;2;-43,8
2022-06-30 22:00:00;1;2022;1,3;False;IPV919;3;-27,8
2022-09-30 22:00:00;1;2022;0,9;False;IPV919;4;-30,8
2022-12-31 23:00:00;1;2023;4,9;False;IPV919;1;444,4
2023-03-31 22:00:00;1;2023;2,4;False;IPV919;2;-51,0
2023-06-30 22:00:00;1;2023;3,3;False;IPV919;3;37,5
2023-09-30 22:00:00;1;2023;-3,6;False;IPV919;4;-209,1
2023-12-31 23:00:00;1;2024;5,8;False;IPV919;1;-261,1
2024-03-31 22:00:00;1;2024;0,6;False;IPV919;2;-89,7
2024-06-30 22:00:00;1;2024;1,3;False;IPV919;3;116,7
2024-09-30 22:00:00;1;2024;4,0;False;IPV919;4;207,7
2024-12-31 23:00:00;1;2025;3,2;False;IPV919;1;-20,0
2025-03-31 22:00:00;1;2025;2,4;False;IPV919;2;-25,0
2025-06-30 22:00:00;1;2025;0,4;False;IPV919;3;-83,3
2025-09-30 22:00:00;1;2025;4,5;False;IPV919;4;1025,0
2006-12-31 23:00:00;1;2007;2,6;False;IPV920;1;0,0
2007-03-31 22:00:00;1;2007;6,1;False;IPV920;2;134,6
2007-06-30 22:00:00;1;2007;8,5;False;IPV920;3;39,3
2007-09-30 22:00:00;1;2007;8,5;False;IPV920;4;0,0
2007-12-31 23:00:00;1;2008;0,2;False;IPV920;1;-97,6
2008-03-31 22:00:00;1;2008;-0,7;False;IPV920;2;-450,0
2008-06-30 22:00:00;1;2008;-0,9;False;IPV920;3;28,6
2008-09-30 22:00:00;1;2008;-1,6;False;IPV920;4;77,8
2008-12-31 23:00:00;1;2009;0,1;False;IPV920;1;-106,2
2009-03-31 22:00:00;1;2009;0,0;False;IPV920;2;-100,0
2009-06-30 22:00:00;1;2009;0,2;False;IPV920;3;inf
2009-09-30 22:00:00;1;2009;-0,5;False;IPV920;4;-350,0
2009-12-31 23:00:00;1;2010;-1,1;False;IPV920;1;120,0
2010-03-31 22:00:00;1;2010;0,7;False;IPV920;2;-163,6
2010-06-30 22:00:00;1;2010;-2,7;False;IPV920;3;-485,7
2010-09-30 22:00:00;1;2010;-1,0;False;IPV920;4;-63,0
2010-12-31 23:00:00;1;2011;-2,6;False;IPV920;1;160,0
2011-03-31 22:00:00;1;2011;-4,6;False;IPV920;2;76,9
2011-06-30 22:00:00;1;2011;-5,3;False;IPV920;3;15,2
2011-09-30 22:00:00;1;2011;-10,5;False;IPV920;4;98,1
2011-12-31 23:00:00;1;2012;-6,4;False;IPV920;1;-39,0
2012-03-31 22:00:00;1;2012;-8,7;False;IPV920;2;35,9
2012-06-30 22:00:00;1;2012;-12,7;False;IPV920;3;46,0
2012-09-30 22:00:00;1;2012;-12,4;False;IPV920;4;-2,4
2012-12-31 23:00:00;1;2013;-8,3;False;IPV920;1;-33,1
2013-03-31 22:00:00;1;2013;-8,9;False;IPV920;2;7,2
2013-06-30 22:00:00;1;2013;-10,0;False;IPV920;3;12,4
2013-09-30 22:00:00;1;2013;-11,5;False;IPV920;4;15,0
2013-12-31 23:00:00;1;2014;-1,6;False;IPV920;1;-86,1
2014-03-31 22:00:00;1;2014;0,8;False;IPV920;2;-150,0
2014-06-30 22:00:00;1;2014;0,1;False;IPV920;3;-87,5
2014-09-30 22:00:00;1;2014;-0,3;False;IPV920;4;-400,0
2014-12-31 23:00:00;1;2015;-0,9;False;IPV920;1;200,0
2015-03-31 22:00:00;1;2015;2,1;False;IPV920;2;-333,3
2015-06-30 22:00:00;1;2015;3,9;False;IPV920;3;85,7
2015-09-30 22:00:00;1;2015;1,3;False;IPV920;4;-66,7
2015-12-31 23:00:00;1;2016;0,8;False;IPV920;1;-38,5
2016-03-31 22:00:00;1;2016;1,5;False;IPV920;2;87,5
2016-06-30 22:00:00;1;2016;2,6;False;IPV920;3;73,3
2016-09-30 22:00:00;1;2016;1,9;False;IPV920;4;-26,9
2016-12-31 23:00:00;1;2017;0,3;False;IPV920;1;-84,2
2017-03-31 22:00:00;1;2017;-0,7;False;IPV920;2;-333,3
2017-06-30 22:00:00;1;2017;1,5;False;IPV920;3;-314,3
2017-09-30 22:00:00;1;2017;2,4;False;IPV920;4;60,0
2017-12-31 23:00:00;1;2018;0,0;False;IPV920;1;-100,0
2018-03-31 22:00:00;1;2018;0,9;False;IPV920;2;inf
2018-06-30 22:00:00;1;2018;3,4;False;IPV920;3;277,8
2018-09-30 22:00:00;1;2018;3,4;False;IPV920;4;0,0
2018-12-31 23:00:00;1;2019;0,5;False;IPV920;1;-85,3
2019-03-31 22:00:00;1;2019;2,7;False;IPV920;2;440,0
2019-06-30 22:00:00;1;2019;3,6;False;IPV920;3;33,3
2019-09-30 22:00:00;1;2019;4,3;False;IPV920;4;19,4
2019-12-31 23:00:00;1;2020;0,5;False;IPV920;1;-88,4
2020-03-31 22:00:00;1;2020;2,2;False;IPV920;2;340,0
2020-06-30 22:00:00;1;2020;2,0;False;IPV920;3;-9,1
2020-09-30 22:00:00;1;2020;1,9;False;IPV920;4;-5,0
2020-12-31 23:00:00;1;2021;0,8;False;IPV920;1;-57,9
2021-03-31 22:00:00;1;2021;4,0;False;IPV920;2;400,0
2021-06-30 22:00:00;1;2021;4,8;False;IPV920;3;20,0
2021-09-30 22:00:00;1;2021;6,2;False;IPV920;4;29,2
2021-12-31 23:00:00;1;2022;1,9;False;IPV920;1;-69,4
2022-03-31 22:00:00;1;2022;4,4;False;IPV920;2;131,6
2022-06-30 22:00:00;1;2022;5,0;False;IPV920;3;13,6
2022-09-30 22:00:00;1;2022;4,6;False;IPV920;4;-8,0
2022-12-31 23:00:00;1;2023;0,9;False;IPV920;1;-80,4
2023-03-31 22:00:00;1;2023;2,6;False;IPV920;2;188,9
2023-06-30 22:00:00;1;2023;5,5;False;IPV920;3;111,5
2023-09-30 22:00:00;1;2023;3,5;False;IPV920;4;-36,4
2023-12-31 23:00:00;1;2024;2,5;False;IPV920;1;-28,6
2024-03-31 22:00:00;1;2024;6,5;False;IPV920;2;160,0
2024-06-30 22:00:00;1;2024;8,9;False;IPV920;3;36,9
2024-09-30 22:00:00;1;2024;11,7;False;IPV920;4;31,5
2024-12-31 23:00:00;1;2025;3,7;False;IPV920;1;-68,4
2025-03-31 22:00:00;1;2025;8,2;False;IPV920;2;121,6
2025-06-30 22:00:00;1;2025;10,6;False;IPV920;3;29,3
2025-09-30 22:00:00;1;2025;13,9;False;IPV920;4;31,1
2006-12-31 23:00:00;1;2007;15,8;False;IPV921;1;0,0
2007-03-31 22:00:00;1;2007;13,5;False;IPV921;2;-14,6
2007-06-30 22:00:00;1;2007;10,8;False;IPV921;3;-20,0
2007-09-30 22:00:00;1;2007;8,5;False;IPV921;4;-21,3
2007-12-31 23:00:00;1;2008;6,0;False;IPV921;1;-29,4
2008-03-31 22:00:00;1;2008;1,5;False;IPV921;2;-75,0
2008-06-30 22:00:00;1;2008;-0,9;False;IPV921;3;-160,0
2008-09-30 22:00:00;1;2008;-1,6;False;IPV921;4;77,8
2008-12-31 23:00:00;1;2009;-1,8;False;IPV921;1;12,5
2009-03-31 22:00:00;1;2009;-0,9;False;IPV921;2;-50,0
2009-06-30 22:00:00;1;2009;-0,5;False;IPV921;3;-44,4
2009-09-30 22:00:00;1;2009;-0,5;False;IPV921;4;0,0
2009-12-31 23:00:00;1;2010;-1,6;False;IPV921;1;220,0
2010-03-31 22:00:00;1;2010;0,2;False;IPV921;2;-112,5
2010-06-30 22:00:00;1;2010;-3,4;False;IPV921;3;-1800,0
2010-09-30 22:00:00;1;2010;-1,0;False;IPV921;4;-70,6
2010-12-31 23:00:00;1;2011;-2,6;False;IPV921;1;160,0
2011-03-31 22:00:00;1;2011;-6,2;False;IPV921;2;138,5
2011-06-30 22:00:00;1;2011;-3,7;False;IPV921;3;-40,3
2011-09-30 22:00:00;1;2011;-10,5;False;IPV921;4;183,8
2011-12-31 23:00:00;1;2012;-13,9;False;IPV921;1;32,4
2012-03-31 22:00:00;1;2012;-14,3;False;IPV921;2;2,9
2012-06-30 22:00:00;1;2012;-17,5;False;IPV921;3;22,4
2012-09-30 22:00:00;1;2012;-12,4;False;IPV921;4;-29,1
2012-12-31 23:00:00;1;2013;-14,1;False;IPV921;1;13,7
2013-03-31 22:00:00;1;2013;-12,7;False;IPV921;2;-9,9
2013-06-30 22:00:00;1;2013;-9,7;False;IPV921;3;-23,6
2013-09-30 22:00:00;1;2013;-11,5;False;IPV921;4;18,6
2013-12-31 23:00:00;1;2014;-5,0;False;IPV921;1;-56,5
2014-03-31 22:00:00;1;2014;-2,0;False;IPV921;2;-60,0
2014-06-30 22:00:00;1;2014;-1,5;False;IPV921;3;-25,0
2014-09-30 22:00:00;1;2014;-0,3;False;IPV921;4;-80,0
2014-12-31 23:00:00;1;2015;0,3;False;IPV921;1;-200,0
2015-03-31 22:00:00;1;2015;0,9;False;IPV921;2;200,0
2015-06-30 22:00:00;1;2015;3,5;False;IPV921;3;288,9
2015-09-30 22:00:00;1;2015;1,3;False;IPV921;4;-62,9
2015-12-31 23:00:00;1;2016;3,1;False;IPV921;1;138,5
2016-03-31 22:00:00;1;2016;0,7;False;IPV921;2;-77,4
2016-06-30 22:00:00;1;2016;0,0;False;IPV921;3;-100,0
2016-09-30 22:00:00;1;2016;1,9;False;IPV921;4;inf
2016-12-31 23:00:00;1;2017;1,4;False;IPV921;1;-26,3
2017-03-31 22:00:00;1;2017;-0,3;False;IPV921;2;-121,4
2017-06-30 22:00:00;1;2017;0,8;False;IPV921;3;-366,7
2017-09-30 22:00:00;1;2017;2,4;False;IPV921;4;200,0
2017-12-31 23:00:00;1;2018;2,2;False;IPV921;1;-8,3
2018-03-31 22:00:00;1;2018;4,1;False;IPV921;2;86,4
2018-06-30 22:00:00;1;2018;4,4;False;IPV921;3;7,3
2018-09-30 22:00:00;1;2018;3,4;False;IPV921;4;-22,7
2018-12-31 23:00:00;1;2019;3,8;False;IPV921;1;11,8
2019-03-31 22:00:00;1;2019;5,1;False;IPV921;2;34,2
2019-06-30 22:00:00;1;2019;3,5;False;IPV921;3;-31,4
2019-09-30 22:00:00;1;2019;4,3;False;IPV921;4;22,9
2019-12-31 23:00:00;1;2020;4,4;False;IPV921;1;2,3
2020-03-31 22:00:00;1;2020;3,8;False;IPV921;2;-13,6
2020-06-30 22:00:00;1;2020;2,7;False;IPV921;3;-28,9
2020-09-30 22:00:00;1;2020;1,9;False;IPV921;4;-29,6
2020-12-31 23:00:00;1;2021;2,2;False;IPV921;1;15,8
2021-03-31 22:00:00;1;2021;3,6;False;IPV921;2;63,6
2021-06-30 22:00:00;1;2021;4,6;False;IPV921;3;27,8
2021-09-30 22:00:00;1;2021;6,2;False;IPV921;4;34,8
2021-12-31 23:00:00;1;2022;7,3;False;IPV921;1;17,7
2022-03-31 22:00:00;1;2022;6,6;False;IPV921;2;-9,6
2022-06-30 22:00:00;1;2022;6,4;False;IPV921;3;-3,0
2022-09-30 22:00:00;1;2022;4,6;False;IPV921;4;-28,1
2022-12-31 23:00:00;1;2023;3,6;False;IPV921;1;-21,7
2023-03-31 22:00:00;1;2023;2,9;False;IPV921;2;-19,4
2023-06-30 22:00:00;1;2023;5,0;False;IPV921;3;72,4
2023-09-30 22:00:00;1;2023;3,5;False;IPV921;4;-30,0
2023-12-31 23:00:00;1;2024;5,1;False;IPV921;1;45,7
2024-03-31 22:00:00;1;2024;7,4;False;IPV921;2;45,1
2024-06-30 22:00:00;1;2024;6,9;False;IPV921;3;-6,8
2024-09-30 22:00:00;1;2024;11,7;False;IPV921;4;69,6
2024-12-31 23:00:00;1;2025;13,1;False;IPV921;1;12,0
2025-03-31 22:00:00;1;2025;13,5;False;IPV921;2;3,1
2025-06-30 22:00:00;1;2025;13,5;False;IPV921;3;0,0
2025-09-30 22:00:00;1;2025;13,9;False;IPV921;4;3,0
2006-12-31 23:00:00;1;2007;2,6;False;IPV922;1;0,0
2007-03-31 22:00:00;1;2007;3,5;False;IPV922;2;34,6
2007-06-30 22:00:00;1;2007;2,2;False;IPV922;3;-37,1
2007-09-30 22:00:00;1;2007;0,0;False;IPV922;4;-100,0
2007-12-31 23:00:00;1;2008;0,2;False;IPV922;1;inf
2008-03-31 22:00:00;1;2008;-0,9;False;IPV922;2;-550,0
2008-06-30 22:00:00;1;2008;-0,2;False;IPV922;3;-77,8
2008-09-30 22:00:00;1;2008;-0,7;False;IPV922;4;250,0
2008-12-31 23:00:00;1;2009;0,1;False;IPV922;1;-114,3
2009-03-31 22:00:00;1;2009;-0,1;False;IPV922;2;-200,0
2009-06-30 22:00:00;1;2009;0,2;False;IPV922;3;-300,0
2009-09-30 22:00:00;1;2009;-0,7;False;IPV922;4;-450,0
2009-12-31 23:00:00;1;2010;-1,1;False;IPV922;1;57,1
2010-03-31 22:00:00;1;2010;1,8;False;IPV922;2;-263,6
2010-06-30 22:00:00;1;2010;-3,4;False;IPV922;3;-288,9
2010-09-30 22:00:00;1;2010;1,7;False;IPV922;4;-150,0
2010-12-31 23:00:00;1;2011;-2,6;False;IPV922;1;-252,9
2011-03-31 22:00:00;1;2011;-2,0;False;IPV922;2;-23,1
2011-06-30 22:00:00;1;2011;-0,8;False;IPV922;3;-60,0
2011-09-30 22:00:00;1;2011;-5,4;False;IPV922;4;575,0
2011-12-31 23:00:00;1;2012;-6,4;False;IPV922;1;18,5
2012-03-31 22:00:00;1;2012;-2,4;False;IPV922;2;-62,5
2012-06-30 22:00:00;1;2012;-4,5;False;IPV922;3;87,5
2012-09-30 22:00:00;1;2012;0,4;False;IPV922;4;-108,9
2012-12-31 23:00:00;1;2013;-8,3;False;IPV922;1;-2175,0
2013-03-31 22:00:00;1;2013;-0,7;False;IPV922;2;-91,6
2013-06-30 22:00:00;1;2013;-1,2;False;IPV922;3;71,4
2013-09-30 22:00:00;1;2013;-1,6;False;IPV922;4;33,3
2013-12-31 23:00:00;1;2014;-1,6;False;IPV922;1;0,0
2014-03-31 22:00:00;1;2014;2,4;False;IPV922;2;-250,0
2014-06-30 22:00:00;1;2014;-0,7;False;IPV922;3;-129,2
2014-09-30 22:00:00;1;2014;-0,4;False;IPV922;4;-42,9
2014-12-31 23:00:00;1;2015;-0,9;False;IPV922;1;125,0
2015-03-31 22:00:00;1;2015;3,1;False;IPV922;2;-444,4
2015-06-30 22:00:00;1;2015;1,8;False;IPV922;3;-41,9
2015-09-30 22:00:00;1;2015;-2,5;False;IPV922;4;-238,9
2015-12-31 23:00:00;1;2016;0,8;False;IPV922;1;-132,0
2016-03-31 22:00:00;1;2016;0,7;False;IPV922;2;-12,5
2016-06-30 22:00:00;1;2016;1,0;False;IPV922;3;42,9
2016-09-30 22:00:00;1;2016;-0,6;False;IPV922;4;-160,0
2016-12-31 23:00:00;1;2017;0,3;False;IPV922;1;-150,0
2017-03-31 22:00:00;1;2017;-1,0;False;IPV922;2;-433,3
2017-06-30 22:00:00;1;2017;2,2;False;IPV922;3;-320,0
2017-09-30 22:00:00;1;2017;0,9;False;IPV922;4;-59,1
2017-12-31 23:00:00;1;2018;0,0;False;IPV922;1;-100,0
2018-03-31 22:00:00;1;2018;0,9;False;IPV922;2;inf
2018-06-30 22:00:00;1;2018;2,4;False;IPV922;3;166,7
2018-09-30 22:00:00;1;2018;-0,1;False;IPV922;4;-104,2
2018-12-31 23:00:00;1;2019;0,5;False;IPV922;1;-600,0
2019-03-31 22:00:00;1;2019;2,2;False;IPV922;2;340,0
2019-06-30 22:00:00;1;2019;0,9;False;IPV922;3;-59,1
2019-09-30 22:00:00;1;2019;0,7;False;IPV922;4;-22,2
2019-12-31 23:00:00;1;2020;0,5;False;IPV922;1;-28,6
2020-03-31 22:00:00;1;2020;1,7;False;IPV922;2;240,0
2020-06-30 22:00:00;1;2020;-0,2;False;IPV922;3;-111,8
2020-09-30 22:00:00;1;2020;-0,2;False;IPV922;4;0,0
2020-12-31 23:00:00;1;2021;0,8;False;IPV922;1;-500,0
2021-03-31 22:00:00;1;2021;3,1;False;IPV922;2;287,5
2021-06-30 22:00:00;1;2021;0,8;False;IPV922;3;-74,2
2021-09-30 22:00:00;1;2021;1,3;False;IPV922;4;62,5
2021-12-31 23:00:00;1;2022;1,9;False;IPV922;1;46,2
2022-03-31 22:00:00;1;2022;2,5;False;IPV922;2;31,6
2022-06-30 22:00:00;1;2022;0,6;False;IPV922;3;-76,0
2022-09-30 22:00:00;1;2022;-0,4;False;IPV922;4;-166,7
2022-12-31 23:00:00;1;2023;0,9;False;IPV922;1;-325,0
2023-03-31 22:00:00;1;2023;1,7;False;IPV922;2;88,9
2023-06-30 22:00:00;1;2023;2,7;False;IPV922;3;58,8
2023-09-30 22:00:00;1;2023;-1,9;False;IPV922;4;-170,4
2023-12-31 23:00:00;1;2024;2,5;False;IPV922;1;-231,6
2024-03-31 22:00:00;1;2024;3,9;False;IPV922;2;56,0
2024-06-30 22:00:00;1;2024;2,3;False;IPV922;3;-41,0
2024-09-30 22:00:00;1;2024;2,6;False;IPV922;4;13,0
2024-12-31 23:00:00;1;2025;3,7;False;IPV922;1;42,3
2025-03-31 22:00:00;1;2025;4,4;False;IPV922;2;18,9
2025-06-30 22:00:00;1;2025;2,2;False;IPV922;3;-50,0
2025-09-30 22:00:00;1;2025;3,0;False;IPV922;4;36,4
2006-12-31 23:00:00;1;2007;-0,5;False;IPV923;1;0,0
2007-03-31 22:00:00;1;2007;-1,1;False;IPV923;2;120,0
2007-06-30 22:00:00;1;2007;0,3;False;IPV923;3;-127,3
2007-09-30 22:00:00;1;2007;-3,3;False;IPV923;4;-1200,0
2007-12-31 23:00:00;1;2008;-0,7;False;IPV923;1;-78,8
2008-03-31 22:00:00;1;2008;-2,5;False;IPV923;2;257,1
2008-06-30 22:00:00;1;2008;-7,9;False;IPV923;3;216,0
2008-09-30 22:00:00;1;2008;-14,0;False;IPV923;4;77,2
2008-12-31 23:00:00;1;2009;-3,2;False;IPV923;1;-77,1
2009-03-31 22:00:00;1;2009;-3,6;False;IPV923;2;12,5
2009-06-30 22:00:00;1;2009;-5,4;False;IPV923;3;50,0
2009-09-30 22:00:00;1;2009;-5,3;False;IPV923;4;-1,9
2009-12-31 23:00:00;1;2010;-1,6;False;IPV923;1;-69,8
2010-03-31 22:00:00;1;2010;-1,0;False;IPV923;2;-37,5
2010-06-30 22:00:00;1;2010;-4,2;False;IPV923;3;320,0
2010-09-30 22:00:00;1;2010;-3,3;False;IPV923;4;-21,4
2010-12-31 23:00:00;1;2011;-7,5;False;IPV923;1;127,3
2011-03-31 22:00:00;1;2011;-6,9;False;IPV923;2;-8,0
2011-06-30 22:00:00;1;2011;-10,6;False;IPV923;3;53,6
2011-09-30 22:00:00;1;2011;-14,8;False;IPV923;4;39,6
2011-12-31 23:00:00;1;2012;-8,3;False;IPV923;1;-43,9
2012-03-31 22:00:00;1;2012;-8,3;False;IPV923;2;0,0
2012-06-30 22:00:00;1;2012;-12,5;False;IPV923;3;50,6
2012-09-30 22:00:00;1;2012;-13,7;False;IPV923;4;9,6
2012-12-31 23:00:00;1;2013;-7,9;False;IPV923;1;-42,3
2013-03-31 22:00:00;1;2013;-8,0;False;IPV923;2;1,3
2013-06-30 22:00:00;1;2013;-9,8;False;IPV923;3;22,5
2013-09-30 22:00:00;1;2013;-11,4;False;IPV923;4;16,3
2013-12-31 23:00:00;1;2014;-1,1;False;IPV923;1;-90,4
2014-03-31 22:00:00;1;2014;0,0;False;IPV923;2;-100,0
2014-06-30 22:00:00;1;2014;-0,1;False;IPV923;3;-inf
2014-09-30 22:00:00;1;2014;0,3;False;IPV923;4;-400,0
2014-12-31 23:00:00;1;2015;-1,7;False;IPV923;1;-666,7
2015-03-31 22:00:00;1;2015;1,2;False;IPV923;2;-170,6
2015-06-30 22:00:00;1;2015;1,0;False;IPV923;3;-16,7
2015-09-30 22:00:00;1;2015;0,2;False;IPV923;4;-80,0
2015-12-31 23:00:00;1;2016;0,4;False;IPV923;1;100,0
2016-03-31 22:00:00;1;2016;1,7;False;IPV923;2;325,0
2016-06-30 22:00:00;1;2016;1,5;False;IPV923;3;-11,8
2016-09-30 22:00:00;1;2016;2,1;False;IPV923;4;40,0
2016-12-31 23:00:00;1;2017;1,4;False;IPV923;1;-33,3
2017-03-31 22:00:00;1;2017;1,4;False;IPV923;2;0,0
2017-06-30 22:00:00;1;2017;2,4;False;IPV923;3;71,4
2017-09-30 22:00:00;1;2017;3,3;False;IPV923;4;37,5
2017-12-31 23:00:00;1;2018;1,7;False;IPV923;1;-48,5
2018-03-31 22:00:00;1;2018;3,4;False;IPV923;2;100,0
2018-06-30 22:00:00;1;2018;4,9;False;IPV923;3;44,1
2018-09-30 22:00:00;1;2018;5,9;False;IPV923;4;20,4
2018-12-31 23:00:00;1;2019;1,7;False;IPV923;1;-71,2
2019-03-31 22:00:00;1;2019;3,4;False;IPV923;2;100,0
2019-06-30 22:00:00;1;2019;4,9;False;IPV923;3;44,1
2019-09-30 22:00:00;1;2019;5,6;False;IPV923;4;14,3
2019-12-31 23:00:00;1;2020;-0,5;False;IPV923;1;-108,9
2020-03-31 22:00:00;1;2020;1,3;False;IPV923;2;-360,0
2020-06-30 22:00:00;1;2020;0,6;False;IPV923;3;-53,8
2020-09-30 22:00:00;1;2020;0,5;False;IPV923;4;-16,7
2020-12-31 23:00:00;1;2021;1,5;False;IPV923;1;200,0
2021-03-31 22:00:00;1;2021;3,5;False;IPV923;2;133,3
2021-06-30 22:00:00;1;2021;4,8;False;IPV923;3;37,1
2021-09-30 22:00:00;1;2021;5,9;False;IPV923;4;22,9
2021-12-31 23:00:00;1;2022;2,3;False;IPV923;1;-61,0
2022-03-31 22:00:00;1;2022;4,5;False;IPV923;2;95,7
2022-06-30 22:00:00;1;2022;5,3;False;IPV923;3;17,8
2022-09-30 22:00:00;1;2022;4,1;False;IPV923;4;-22,6
2022-12-31 23:00:00;1;2023;0,4;False;IPV923;1;-90,2
2023-03-31 22:00:00;1;2023;2,1;False;IPV923;2;425,0
2023-06-30 22:00:00;1;2023;4,0;False;IPV923;3;90,5
2023-09-30 22:00:00;1;2023;3,3;False;IPV923;4;-17,5
2023-12-31 23:00:00;1;2024;2,8;False;IPV923;1;-15,2
2024-03-31 22:00:00;1;2024;7,7;False;IPV923;2;175,0
2024-06-30 22:00:00;1;2024;10,9;False;IPV923;3;41,6
2024-09-30 22:00:00;1;2024;13,1;False;IPV923;4;20,2
2024-12-31 23:00:00;1;2025;3,8;False;IPV923;1;-71,0
2025-03-31 22:00:00;1;2025;9,2;False;IPV923;2;142,1
2025-06-30 22:00:00;1;2025;13,3;False;IPV923;3;44,6
2025-09-30 22:00:00;1;2025;15,3;False;IPV923;4;15,0
2006-12-31 23:00:00;1;2007;9,9;False;IPV924;1;0,0
2007-03-31 22:00:00;1;2007;3,7;False;IPV924;2;-62,6
2007-06-30 22:00:00;1;2007;3,7;False;IPV924;3;0,0
2007-09-30 22:00:00;1;2007;-3,3;False;IPV924;4;-189,2
2007-12-31 23:00:00;1;2008;-3,5;False;IPV924;1;6,1
2008-03-31 22:00:00;1;2008;-4,6;False;IPV924;2;31,4
2008-06-30 22:00:00;1;2008;-11,2;False;IPV924;3;143,5
2008-09-30 22:00:00;1;2008;-14,0;False;IPV924;4;25,0
2008-12-31 23:00:00;1;2009;-16,2;False;IPV924;1;15,7
2009-03-31 22:00:00;1;2009;-15,0;False;IPV924;2;-7,4
2009-06-30 22:00:00;1;2009;-11,6;False;IPV924;3;-22,7
2009-09-30 22:00:00;1;2009;-5,3;False;IPV924;4;-54,3
2009-12-31 23:00:00;1;2010;-3,7;False;IPV924;1;-30,2
2010-03-31 22:00:00;1;2010;-2,7;False;IPV924;2;-27,0
2010-06-30 22:00:00;1;2010;-4,0;False;IPV924;3;48,1
2010-09-30 22:00:00;1;2010;-3,3;False;IPV924;4;-17,5
2010-12-31 23:00:00;1;2011;-9,0;False;IPV924;1;172,7
2011-03-31 22:00:00;1;2011;-9,0;False;IPV924;2;0,0
2011-06-30 22:00:00;1;2011;-9,8;False;IPV924;3;8,9
2011-09-30 22:00:00;1;2011;-14,8;False;IPV924;4;51,0
2011-12-31 23:00:00;1;2012;-15,5;False;IPV924;1;4,7
2012-03-31 22:00:00;1;2012;-16,1;False;IPV924;2;3,9
2012-06-30 22:00:00;1;2012;-16,5;False;IPV924;3;2,5
2012-09-30 22:00:00;1;2012;-13,7;False;IPV924;4;-17,0
2012-12-31 23:00:00;1;2013;-13,4;False;IPV924;1;-2,2
2013-03-31 22:00:00;1;2013;-13,5;False;IPV924;2;0,7
2013-06-30 22:00:00;1;2013;-11,1;False;IPV924;3;-17,8
2013-09-30 22:00:00;1;2013;-11,4;False;IPV924;4;2,7
2013-12-31 23:00:00;1;2014;-4,8;False;IPV924;1;-57,9
2014-03-31 22:00:00;1;2014;-3,6;False;IPV924;2;-25,0
2014-06-30 22:00:00;1;2014;-1,8;False;IPV924;3;-50,0
2014-09-30 22:00:00;1;2014;0,3;False;IPV924;4;-116,7
2014-12-31 23:00:00;1;2015;-0,4;False;IPV924;1;-233,3
2015-03-31 22:00:00;1;2015;1,4;False;IPV924;2;-450,0
2015-06-30 22:00:00;1;2015;1,4;False;IPV924;3;0,0
2015-09-30 22:00:00;1;2015;0,2;False;IPV924;4;-85,7
2015-12-31 23:00:00;1;2016;2,4;False;IPV924;1;1100,0
2016-03-31 22:00:00;1;2016;0,7;False;IPV924;2;-70,8
2016-06-30 22:00:00;1;2016;0,6;False;IPV924;3;-14,3
2016-09-30 22:00:00;1;2016;2,1;False;IPV924;4;250,0
2016-12-31 23:00:00;1;2017;3,1;False;IPV924;1;47,6
2017-03-31 22:00:00;1;2017;1,8;False;IPV924;2;-41,9
2017-06-30 22:00:00;1;2017;3,0;False;IPV924;3;66,7
2017-09-30 22:00:00;1;2017;3,3;False;IPV924;4;10,0
2017-12-31 23:00:00;1;2018;3,6;False;IPV924;1;9,1
2018-03-31 22:00:00;1;2018;5,4;False;IPV924;2;50,0
2018-06-30 22:00:00;1;2018;5,8;False;IPV924;3;7,4
2018-09-30 22:00:00;1;2018;5,9;False;IPV924;4;1,7
2018-12-31 23:00:00;1;2019;5,9;False;IPV924;1;0,0
2019-03-31 22:00:00;1;2019;5,9;False;IPV924;2;0,0
2019-06-30 22:00:00;1;2019;5,9;False;IPV924;3;0,0
2019-09-30 22:00:00;1;2019;5,6;False;IPV924;4;-5,1
2019-12-31 23:00:00;1;2020;3,4;False;IPV924;1;-39,3
2020-03-31 22:00:00;1;2020;3,4;False;IPV924;2;0,0
2020-06-30 22:00:00;1;2020;1,2;False;IPV924;3;-64,7
2020-09-30 22:00:00;1;2020;0,5;False;IPV924;4;-58,3
2020-12-31 23:00:00;1;2021;2,5;False;IPV924;1;400,0
2021-03-31 22:00:00;1;2021;2,7;False;IPV924;2;8,0
2021-06-30 22:00:00;1;2021;4,7;False;IPV924;3;74,1
2021-09-30 22:00:00;1;2021;5,9;False;IPV924;4;25,5
2021-12-31 23:00:00;1;2022;6,7;False;IPV924;1;13,6
2022-03-31 22:00:00;1;2022;7,0;False;IPV924;2;4,5
2022-06-30 22:00:00;1;2022;6,4;False;IPV924;3;-8,6
2022-09-30 22:00:00;1;2022;4,1;False;IPV924;4;-35,9
2022-12-31 23:00:00;1;2023;2,1;False;IPV924;1;-48,8
2023-03-31 22:00:00;1;2023;1,7;False;IPV924;2;-19,0
2023-06-30 22:00:00;1;2023;2,8;False;IPV924;3;64,7
2023-09-30 22:00:00;1;2023;3,3;False;IPV924;4;17,9
2023-12-31 23:00:00;1;2024;5,8;False;IPV924;1;75,8
2024-03-31 22:00:00;1;2024;8,9;False;IPV924;2;53,4
2024-06-30 22:00:00;1;2024;10,1;False;IPV924;3;13,5
2024-09-30 22:00:00;1;2024;13,1;False;IPV924;4;29,7
2024-12-31 23:00:00;1;2025;14,2;False;IPV924;1;8,4
2025-03-31 22:00:00;1;2025;14,8;False;IPV924;2;4,2
2025-06-30 22:00:00;1;2025;15,6;False;IPV924;3;5,4
2025-09-30 22:00:00;1;2025;15,3;False;IPV924;4;-1,9
2006-12-31 23:00:00;1;2007;-0,5;False;IPV925;1;0,0
2007-03-31 22:00:00;1;2007;-0,6;False;IPV925;2;20,0
2007-06-30 22:00:00;1;2007;1,4;False;IPV925;3;-333,3
2007-09-30 22:00:00;1;2007;-3,5;False;IPV925;4;-350,0
2007-12-31 23:00:00;1;2008;-0,7;False;IPV925;1;-80,0
2008-03-31 22:00:00;1;2008;-1,8;False;IPV925;2;157,1
2008-06-30 22:00:00;1;2008;-5,6;False;IPV925;3;211,1
2008-09-30 22:00:00;1;2008;-6,6;False;IPV925;4;17,9
2008-12-31 23:00:00;1;2009;-3,2;False;IPV925;1;-51,5
2009-03-31 22:00:00;1;2009;-0,4;False;IPV925;2;-87,5
2009-06-30 22:00:00;1;2009;-1,9;False;IPV925;3;375,0
2009-09-30 22:00:00;1;2009;0,1;False;IPV925;4;-105,3
2009-12-31 23:00:00;1;2010;-1,6;False;IPV925;1;-1700,0
2010-03-31 22:00:00;1;2010;0,7;False;IPV925;2;-143,8
2010-06-30 22:00:00;1;2010;-3,2;False;IPV925;3;-557,1
2010-09-30 22:00:00;1;2010;0,9;False;IPV925;4;-128,1
2010-12-31 23:00:00;1;2011;-7,5;False;IPV925;1;-933,3
2011-03-31 22:00:00;1;2011;0,6;False;IPV925;2;-108,0
2011-06-30 22:00:00;1;2011;-4,0;False;IPV925;3;-766,7
2011-09-30 22:00:00;1;2011;-4,7;False;IPV925;4;17,5
2011-12-31 23:00:00;1;2012;-8,3;False;IPV925;1;76,6
2012-03-31 22:00:00;1;2012;0,0;False;IPV925;2;-100,0
2012-06-30 22:00:00;1;2012;-4,6;False;IPV925;3;-inf
2012-09-30 22:00:00;1;2012;-1,5;False;IPV925;4;-67,4
2012-12-31 23:00:00;1;2013;-7,9;False;IPV925;1;426,7
2013-03-31 22:00:00;1;2013;-0,1;False;IPV925;2;-98,7
2013-06-30 22:00:00;1;2013;-2,0;False;IPV925;3;1900,0
2013-09-30 22:00:00;1;2013;-1,7;False;IPV925;4;-15,0
2013-12-31 23:00:00;1;2014;-1,1;False;IPV925;1;-35,3
2014-03-31 22:00:00;1;2014;1,1;False;IPV925;2;-200,0
2014-06-30 22:00:00;1;2014;-0,1;False;IPV925;3;-109,1
2014-09-30 22:00:00;1;2014;0,4;False;IPV925;4;-500,0
2014-12-31 23:00:00;1;2015;-1,7;False;IPV925;1;-525,0
2015-03-31 22:00:00;1;2015;3,0;False;IPV925;2;-276,5
2015-06-30 22:00:00;1;2015;-0,1;False;IPV925;3;-103,3
2015-09-30 22:00:00;1;2015;-0,8;False;IPV925;4;700,0
2015-12-31 23:00:00;1;2016;0,4;False;IPV925;1;-150,0
2016-03-31 22:00:00;1;2016;1,3;False;IPV925;2;225,0
2016-06-30 22:00:00;1;2016;-0,2;False;IPV925;3;-115,4
2016-09-30 22:00:00;1;2016;0,6;False;IPV925;4;-400,0
2016-12-31 23:00:00;1;2017;1,4;False;IPV925;1;133,3
2017-03-31 22:00:00;1;2017;0,0;False;IPV925;2;-100,0
2017-06-30 22:00:00;1;2017;1,0;False;IPV925;3;inf
2017-09-30 22:00:00;1;2017;0,9;False;IPV925;4;-10,0
2017-12-31 23:00:00;1;2018;1,7;False;IPV925;1;88,9
2018-03-31 22:00:00;1;2018;1,7;False;IPV925;2;0,0
2018-06-30 22:00:00;1;2018;1,4;False;IPV925;3;-17,6
2018-09-30 22:00:00;1;2018;1,0;False;IPV925;4;-28,6
2018-12-31 23:00:00;1;2019;1,7;False;IPV925;1;70,0
2019-03-31 22:00:00;1;2019;1,7;False;IPV925;2;0,0
2019-06-30 22:00:00;1;2019;1,4;False;IPV925;3;-17,6
2019-09-30 22:00:00;1;2019;0,7;False;IPV925;4;-50,0
2019-12-31 23:00:00;1;2020;-0,5;False;IPV925;1;-171,4
2020-03-31 22:00:00;1;2020;1,8;False;IPV925;2;-460,0
2020-06-30 22:00:00;1;2020;-0,7;False;IPV925;3;-138,9
2020-09-30 22:00:00;1;2020;-0,1;False;IPV925;4;-85,7
2020-12-31 23:00:00;1;2021;1,5;False;IPV925;1;-1600,0
2021-03-31 22:00:00;1;2021;1,9;False;IPV925;2;26,7
2021-06-30 22:00:00;1;2021;1,3;False;IPV925;3;-31,6
2021-09-30 22:00:00;1;2021;1,0;False;IPV925;4;-23,1
2021-12-31 23:00:00;1;2022;2,3;False;IPV925;1;130,0
2022-03-31 22:00:00;1;2022;2,2;False;IPV925;2;-4,3
2022-06-30 22:00:00;1;2022;0,8;False;IPV925;3;-63,6
2022-09-30 22:00:00;1;2022;-1,2;False;IPV925;4;-250,0
2022-12-31 23:00:00;1;2023;0,4;False;IPV925;1;-133,3
2023-03-31 22:00:00;1;2023;1,7;False;IPV925;2;325,0
2023-06-30 22:00:00;1;2023;1,8;False;IPV925;3;5,9
2023-09-30 22:00:00;1;2023;-0,7;False;IPV925;4;-138,9
2023-12-31 23:00:00;1;2024;2,8;False;IPV925;1;-500,0
2024-03-31 22:00:00;1;2024;4,7;False;IPV925;2;67,9
2024-06-30 22:00:00;1;2024;2,9;False;IPV925;3;-38,3
2024-09-30 22:00:00;1;2024;2,1;False;IPV925;4;-27,6
2024-12-31 23:00:00;1;2025;3,8;False;IPV925;1;81,0
2025-03-31 22:00:00;1;2025;5,2;False;IPV925;2;36,8
2025-06-30 22:00:00;1;2025;3,7;False;IPV925;3;-28,8
2025-09-30 22:00:00;1;2025;1,8;False;IPV925;4;-51,4
2006-12-31 23:00:00;1;2007;1,4;False;IPV926;1;0,0
2007-03-31 22:00:00;1;2007;3,3;False;IPV926;2;135,7
2007-06-30 22:00:00;1;2007;3,9;False;IPV926;3;18,2
2007-09-30 22:00:00;1;2007;5,5;False;IPV926;4;41,0
2007-12-31 23:00:00;1;2008;0,0;False;IPV926;1;-100,0
2008-03-31 22:00:00;1;2008;2,3;False;IPV926;2;inf
2008-06-30 22:00:00;1;2008;0,1;False;IPV926;3;-95,7
2008-09-30 22:00:00;1;2008;0,7;False;IPV926;4;600,0
2008-12-31 23:00:00;1;2009;-3,8;False;IPV926;1;-642,9
2009-03-31 22:00:00;1;2009;-3,7;False;IPV926;2;-2,6
2009-06-30 22:00:00;1;2009;-6,1;False;IPV926;3;64,9
2009-09-30 22:00:00;1;2009;-7,9;False;IPV926;4;29,5
2009-12-31 23:00:00;1;2010;-4,0;False;IPV926;1;-49,4
2010-03-31 22:00:00;1;2010;-2,8;False;IPV926;2;-30,0
2010-06-30 22:00:00;1;2010;-5,5;False;IPV926;3;96,4
2010-09-30 22:00:00;1;2010;-5,1;False;IPV926;4;-7,3
2010-12-31 23:00:00;1;2011;-2,4;False;IPV926;1;-52,9
2011-03-31 22:00:00;1;2011;-3,7;False;IPV926;2;54,2
2011-06-30 22:00:00;1;2011;-3,9;False;IPV926;3;5,4
2011-09-30 22:00:00;1;2011;-10,2;False;IPV926;4;161,5
2011-12-31 23:00:00;1;2012;-6,4;False;IPV926;1;-37,3
2012-03-31 22:00:00;1;2012;-6,4;False;IPV926;2;0,0
2012-06-30 22:00:00;1;2012;-9,5;False;IPV926;3;48,4
2012-09-30 22:00:00;1;2012;-9,2;False;IPV926;4;-3,2
2012-12-31 23:00:00;1;2013;-10,5;False;IPV926;1;14,1
2013-03-31 22:00:00;1;2013;-12,5;False;IPV926;2;19,0
2013-06-30 22:00:00;1;2013;-11,6;False;IPV926;3;-7,2
2013-09-30 22:00:00;1;2013;-14,2;False;IPV926;4;22,4
2013-12-31 23:00:00;1;2014;-1,0;False;IPV926;1;-93,0
2014-03-31 22:00:00;1;2014;2,7;False;IPV926;2;-370,0
2014-06-30 22:00:00;1;2014;0,9;False;IPV926;3;-66,7
2014-09-30 22:00:00;1;2014;-0,6;False;IPV926;4;-166,7
2014-12-31 23:00:00;1;2015;3,0;False;IPV926;1;-600,0
2015-03-31 22:00:00;1;2015;4,6;False;IPV926;2;53,3
2015-06-30 22:00:00;1;2015;1,0;False;IPV926;3;-78,3
2015-09-30 22:00:00;1;2015;2,0;False;IPV926;4;100,0
2015-12-31 23:00:00;1;2016;1,9;False;IPV926;1;-5,0
2016-03-31 22:00:00;1;2016;7,1;False;IPV926;2;273,7
2016-06-30 22:00:00;1;2016;6,4;False;IPV926;3;-9,9
2016-09-30 22:00:00;1;2016;3,5;False;IPV926;4;-45,3
2016-12-31 23:00:00;1;2017;5,1;False;IPV926;1;45,7
2017-03-31 22:00:00;1;2017;5,1;False;IPV926;2;0,0
2017-06-30 22:00:00;1;2017;5,5;False;IPV926;3;7,8
2017-09-30 22:00:00;1;2017;2,1;False;IPV926;4;-61,8
2017-12-31 23:00:00;1;2018;3,1;False;IPV926;1;47,6
2018-03-31 22:00:00;1;2018;3,1;False;IPV926;2;0,0
2018-06-30 22:00:00;1;2018;6,7;False;IPV926;3;116,1
2018-09-30 22:00:00;1;2018;7,5;False;IPV926;4;11,9
2018-12-31 23:00:00;1;2019;3,9;False;IPV926;1;-48,0
2019-03-31 22:00:00;1;2019;5,2;False;IPV926;2;33,3
2019-06-30 22:00:00;1;2019;4,4;False;IPV926;3;-15,4
2019-09-30 22:00:00;1;2019;5,1;False;IPV926;4;15,9
2019-12-31 23:00:00;1;2020;3,3;False;IPV926;1;-35,3
2020-03-31 22:00:00;1;2020;1,6;False;IPV926;2;-51,5
2020-06-30 22:00:00;1;2020;6,2;False;IPV926;3;287,5
2020-09-30 22:00:00;1;2020;3,1;False;IPV926;4;-50,0
2020-12-31 23:00:00;1;2021;0,1;False;IPV926;1;-96,8
2021-03-31 22:00:00;1;2021;0,5;False;IPV926;2;400,0
2021-06-30 22:00:00;1;2021;6,5;False;IPV926;3;1200,0
2021-09-30 22:00:00;1;2021;7,6;False;IPV926;4;16,9
2021-12-31 23:00:00;1;2022;3,1;False;IPV926;1;-59,2
2022-03-31 22:00:00;1;2022;2,1;False;IPV926;2;-32,3
2022-06-30 22:00:00;1;2022;4,4;False;IPV926;3;109,5
2022-09-30 22:00:00;1;2022;5,0;False;IPV926;4;13,6
2022-12-31 23:00:00;1;2023;5,5;False;IPV926;1;10,0
2023-03-31 22:00:00;1;2023;7,0;False;IPV926;2;27,3
2023-06-30 22:00:00;1;2023;11,6;False;IPV926;3;65,7
2023-09-30 22:00:00;1;2023;8,3;False;IPV926;4;-28,4
2023-12-31 23:00:00;1;2024;8,9;False;IPV926;1;7,2
2024-03-31 22:00:00;1;2024;12,0;False;IPV926;2;34,8
2024-06-30 22:00:00;1;2024;14,5;False;IPV926;3;20,8
2024-09-30 22:00:00;1;2024;14,1;False;IPV926;4;-2,8
2024-12-31 23:00:00;1;2025;4,8;False;IPV926;1;-66,0
2025-03-31 22:00:00;1;2025;7,3;False;IPV926;2;52,1
2025-06-30 22:00:00;1;2025;10,6;False;IPV926;3;45,2
2025-09-30 22:00:00;1;2025;9,9;False;IPV926;4;-6,6
2006-12-31 23:00:00;1;2007;10,9;False;IPV927;1;0,0
2007-03-31 22:00:00;1;2007;10,3;False;IPV927;2;-5,5
2007-06-30 22:00:00;1;2007;8,0;False;IPV927;3;-22,3
2007-09-30 22:00:00;1;2007;5,5;False;IPV927;4;-31,2
2007-12-31 23:00:00;1;2008;4,1;False;IPV927;1;-25,5
2008-03-31 22:00:00;1;2008;4,6;False;IPV927;2;12,2
2008-06-30 22:00:00;1;2008;1,6;False;IPV927;3;-65,2
2008-09-30 22:00:00;1;2008;0,7;False;IPV927;4;-56,2
2008-12-31 23:00:00;1;2009;-3,2;False;IPV927;1;-557,1
2009-03-31 22:00:00;1;2009;-5,2;False;IPV927;2;62,5
2009-06-30 22:00:00;1;2009;-5,5;False;IPV927;3;5,8
2009-09-30 22:00:00;1;2009;-7,9;False;IPV927;4;43,6
2009-12-31 23:00:00;1;2010;-8,0;False;IPV927;1;1,3
2010-03-31 22:00:00;1;2010;-7,1;False;IPV927;2;-11,3
2010-06-30 22:00:00;1;2010;-7,2;False;IPV927;3;1,4
2010-09-30 22:00:00;1;2010;-5,1;False;IPV927;4;-29,2
2010-12-31 23:00:00;1;2011;-3,5;False;IPV927;1;-31,4
2011-03-31 22:00:00;1;2011;-6,0;False;IPV927;2;71,4
2011-06-30 22:00:00;1;2011;-3,5;False;IPV927;3;-41,7
2011-09-30 22:00:00;1;2011;-10,2;False;IPV927;4;191,4
2011-12-31 23:00:00;1;2012;-14,0;False;IPV927;1;37,3
2012-03-31 22:00:00;1;2012;-12,8;False;IPV927;2;-8,6
2012-06-30 22:00:00;1;2012;-15,5;False;IPV927;3;21,1
2012-09-30 22:00:00;1;2012;-9,2;False;IPV927;4;-40,6
2012-12-31 23:00:00;1;2013;-13,1;False;IPV927;1;42,4
2013-03-31 22:00:00;1;2013;-15,1;False;IPV927;2;15,3
2013-06-30 22:00:00;1;2013;-11,4;False;IPV927;3;-24,5
2013-09-30 22:00:00;1;2013;-14,2;False;IPV927;4;24,6
2013-12-31 23:00:00;1;2014;-5,1;False;IPV927;1;-64,1
2014-03-31 22:00:00;1;2014;0,8;False;IPV927;2;-115,7
2014-06-30 22:00:00;1;2014;-2,0;False;IPV927;3;-350,0
2014-09-30 22:00:00;1;2014;-0,6;False;IPV927;4;-70,0
2014-12-31 23:00:00;1;2015;3,4;False;IPV927;1;-666,7
2015-03-31 22:00:00;1;2015;1,3;False;IPV927;2;-61,8
2015-06-30 22:00:00;1;2015;-0,6;False;IPV927;3;-146,2
2015-09-30 22:00:00;1;2015;2,0;False;IPV927;4;-433,3
2015-12-31 23:00:00;1;2016;1,0;False;IPV927;1;-50,0
2016-03-31 22:00:00;1;2016;4,5;False;IPV927;2;350,0
2016-06-30 22:00:00;1;2016;7,5;False;IPV927;3;66,7
2016-09-30 22:00:00;1;2016;3,5;False;IPV927;4;-53,3
2016-12-31 23:00:00;1;2017;6,7;False;IPV927;1;91,4
2017-03-31 22:00:00;1;2017;1,5;False;IPV927;2;-77,6
2017-06-30 22:00:00;1;2017;2,6;False;IPV927;3;73,3
2017-09-30 22:00:00;1;2017;2,1;False;IPV927;4;-19,2
2017-12-31 23:00:00;1;2018;0,1;False;IPV927;1;-95,2
2018-03-31 22:00:00;1;2018;0,2;False;IPV927;2;100,0
2018-06-30 22:00:00;1;2018;3,3;False;IPV927;3;1550,0
2018-09-30 22:00:00;1;2018;7,5;False;IPV927;4;127,3
2018-12-31 23:00:00;1;2019;8,3;False;IPV927;1;10,7
2019-03-31 22:00:00;1;2019;9,6;False;IPV927;2;15,7
2019-06-30 22:00:00;1;2019;5,1;False;IPV927;3;-46,9
2019-09-30 22:00:00;1;2019;5,1;False;IPV927;4;0,0
2019-12-31 23:00:00;1;2020;4,5;False;IPV927;1;-11,8
2020-03-31 22:00:00;1;2020;1,5;False;IPV927;2;-66,7
2020-06-30 22:00:00;1;2020;6,9;False;IPV927;3;360,0
2020-09-30 22:00:00;1;2020;3,1;False;IPV927;4;-55,1
2020-12-31 23:00:00;1;2021;-0,1;False;IPV927;1;-103,2
2021-03-31 22:00:00;1;2021;2,0;False;IPV927;2;-2100,0
2021-06-30 22:00:00;1;2021;3,4;False;IPV927;3;70,0
2021-09-30 22:00:00;1;2021;7,6;False;IPV927;4;123,5
2021-12-31 23:00:00;1;2022;10,9;False;IPV927;1;43,4
2022-03-31 22:00:00;1;2022;9,3;False;IPV927;2;-14,7
2022-06-30 22:00:00;1;2022;5,5;False;IPV927;3;-40,9
2022-09-30 22:00:00;1;2022;5,0;False;IPV927;4;-9,1
2022-12-31 23:00:00;1;2023;7,5;False;IPV927;1;50,0
2023-03-31 22:00:00;1;2023;10,0;False;IPV927;2;33,3
2023-06-30 22:00:00;1;2023;12,4;False;IPV927;3;24,0
2023-09-30 22:00:00;1;2023;8,3;False;IPV927;4;-33,1
2023-12-31 23:00:00;1;2024;11,8;False;IPV927;1;42,2
2024-03-31 22:00:00;1;2024;13,4;False;IPV927;2;13,6
2024-06-30 22:00:00;1;2024;11,1;False;IPV927;3;-17,2
2024-09-30 22:00:00;1;2024;14,1;False;IPV927;4;27,0
2024-12-31 23:00:00;1;2025;9,9;False;IPV927;1;-29,8
2025-03-31 22:00:00;1;2025;9,4;False;IPV927;2;-5,1
2025-06-30 22:00:00;1;2025;10,2;False;IPV927;3;8,5
2025-09-30 22:00:00;1;2025;9,9;False;IPV927;4;-2,9
2006-12-31 23:00:00;1;2007;1,4;False;IPV928;1;0,0
2007-03-31 22:00:00;1;2007;1,9;False;IPV928;2;35,7
2007-06-30 22:00:00;1;2007;0,6;False;IPV928;3;-68,4
2007-09-30 22:00:00;1;2007;1,6;False;IPV928;4;166,7
2007-12-31 23:00:00;1;2008;0,0;False;IPV928;1;-100,0
2008-03-31 22:00:00;1;2008;2,3;False;IPV928;2;inf
2008-06-30 22:00:00;1;2008;-2,2;False;IPV928;3;-195,7
2008-09-30 22:00:00;1;2008;0,6;False;IPV928;4;-127,3
2008-12-31 23:00:00;1;2009;-3,8;False;IPV928;1;-733,3
2009-03-31 22:00:00;1;2009;0,2;False;IPV928;2;-105,3
2009-06-30 22:00:00;1;2009;-2,5;False;IPV928;3;-1350,0
2009-09-30 22:00:00;1;2009;-1,9;False;IPV928;4;-24,0
2009-12-31 23:00:00;1;2010;-4,0;False;IPV928;1;110,5
2010-03-31 22:00:00;1;2010;1,2;False;IPV928;2;-130,0
2010-06-30 22:00:00;1;2010;-2,7;False;IPV928;3;-325,0
2010-09-30 22:00:00;1;2010;0,4;False;IPV928;4;-114,8
2010-12-31 23:00:00;1;2011;-2,4;False;IPV928;1;-700,0
2011-03-31 22:00:00;1;2011;-1,4;False;IPV928;2;-41,7
2011-06-30 22:00:00;1;2011;-0,2;False;IPV928;3;-85,7
2011-09-30 22:00:00;1;2011;-6,6;False;IPV928;4;3200,0
2011-12-31 23:00:00;1;2012;-6,4;False;IPV928;1;-3,0
2012-03-31 22:00:00;1;2012;0,0;False;IPV928;2;-100,0
2012-06-30 22:00:00;1;2012;-3,3;False;IPV928;3;-inf
2012-09-30 22:00:00;1;2012;0,3;False;IPV928;4;-109,1
2012-12-31 23:00:00;1;2013;-10,5;False;IPV928;1;-3600,0
2013-03-31 22:00:00;1;2013;-2,3;False;IPV928;2;-78,1
2013-06-30 22:00:00;1;2013;1,0;False;IPV928;3;-143,5
2013-09-30 22:00:00;1;2013;-2,9;False;IPV928;4;-390,0
2013-12-31 23:00:00;1;2014;-1,0;False;IPV928;1;-65,5
2014-03-31 22:00:00;1;2014;3,7;False;IPV928;2;-470,0
2014-06-30 22:00:00;1;2014;-1,7;False;IPV928;3;-145,9
2014-09-30 22:00:00;1;2014;-1,5;False;IPV928;4;-11,8
2014-12-31 23:00:00;1;2015;3,0;False;IPV928;1;-300,0
2015-03-31 22:00:00;1;2015;1,6;False;IPV928;2;-46,7
2015-06-30 22:00:00;1;2015;-3,5;False;IPV928;3;-318,8
2015-09-30 22:00:00;1;2015;1,1;False;IPV928;4;-131,4
2015-12-31 23:00:00;1;2016;1,9;False;IPV928;1;72,7
2016-03-31 22:00:00;1;2016;5,1;False;IPV928;2;168,4
2016-06-30 22:00:00;1;2016;-0,7;False;IPV928;3;-113,7
2016-09-30 22:00:00;1;2016;-2,7;False;IPV928;4;285,7
2016-12-31 23:00:00;1;2017;5,1;False;IPV928;1;-288,9
2017-03-31 22:00:00;1;2017;0,0;False;IPV928;2;-100,0
2017-06-30 22:00:00;1;2017;0,4;False;IPV928;3;inf
2017-09-30 22:00:00;1;2017;-3,2;False;IPV928;4;-900,0
2017-12-31 23:00:00;1;2018;3,1;False;IPV928;1;-196,9
2018-03-31 22:00:00;1;2018;0,0;False;IPV928;2;-100,0
2018-06-30 22:00:00;1;2018;3,5;False;IPV928;3;inf
2018-09-30 22:00:00;1;2018;0,7;False;IPV928;4;-80,0
2018-12-31 23:00:00;1;2019;3,9;False;IPV928;1;457,1
2019-03-31 22:00:00;1;2019;1,2;False;IPV928;2;-69,2
2019-06-30 22:00:00;1;2019;-0,8;False;IPV928;3;-166,7
2019-09-30 22:00:00;1;2019;0,7;False;IPV928;4;-187,5
2019-12-31 23:00:00;1;2020;3,3;False;IPV928;1;371,4
2020-03-31 22:00:00;1;2020;-1,6;False;IPV928;2;-148,5
2020-06-30 22:00:00;1;2020;4,5;False;IPV928;3;-381,2
2020-09-30 22:00:00;1;2020;-2,9;False;IPV928;4;-164,4
2020-12-31 23:00:00;1;2021;0,1;False;IPV928;1;-103,4
2021-03-31 22:00:00;1;2021;0,4;False;IPV928;2;300,0
2021-06-30 22:00:00;1;2021;5,9;False;IPV928;3;1375,0
2021-09-30 22:00:00;1;2021;1,1;False;IPV928;4;-81,4
2021-12-31 23:00:00;1;2022;3,1;False;IPV928;1;181,8
2022-03-31 22:00:00;1;2022;-1,0;False;IPV928;2;-132,3
2022-06-30 22:00:00;1;2022;2,2;False;IPV928;3;-320,0
2022-09-30 22:00:00;1;2022;0,6;False;IPV928;4;-72,7
2022-12-31 23:00:00;1;2023;5,5;False;IPV928;1;816,7
2023-03-31 22:00:00;1;2023;1,4;False;IPV928;2;-74,5
2023-06-30 22:00:00;1;2023;4,4;False;IPV928;3;214,3
2023-09-30 22:00:00;1;2023;-3,0;False;IPV928;4;-168,2
2023-12-31 23:00:00;1;2024;8,9;False;IPV928;1;-396,7
2024-03-31 22:00:00;1;2024;2,8;False;IPV928;2;-68,5
2024-06-30 22:00:00;1;2024;2,3;False;IPV928;3;-17,9
2024-09-30 22:00:00;1;2024;-0,3;False;IPV928;4;-113,0
2024-12-31 23:00:00;1;2025;4,8;False;IPV928;1;-1700,0
2025-03-31 22:00:00;1;2025;2,4;False;IPV928;2;-50,0
2025-06-30 22:00:00;1;2025;3,0;False;IPV928;3;25,0
2025-09-30 22:00:00;1;2025;-0,6;False;IPV928;4;-120,0
2006-12-31 23:00:00;1;2007;0,4;False;IPV929;1;0,0
2007-03-31 22:00:00;1;2007;1,0;False;IPV929;2;150,0
2007-06-30 22:00:00;1;2007;2,0;False;IPV929;3;100,0
2007-09-30 22:00:00;1;2007;0,9;False;IPV929;4;-55,0
2007-12-31 23:00:00;1;2008;-0,4;False;IPV929;1;-144,4
2008-03-31 22:00:00;1;2008;-0,1;False;IPV929;2;-75,0
2008-06-30 22:00:00;1;2008;-4,0;False;IPV929;3;3900,0
2008-09-30 22:00:00;1;2008;-6,7;False;IPV929;4;67,5
2008-12-31 23:00:00;1;2009;-3,6;False;IPV929;1;-46,3
2009-03-31 22:00:00;1;2009;-3,7;False;IPV929;2;2,8
2009-06-30 22:00:00;1;2009;-5,8;False;IPV929;3;56,8
2009-09-30 22:00:00;1;2009;-6,8;False;IPV929;4;17,2
2009-12-31 23:00:00;1;2010;-3,0;False;IPV929;1;-55,9
2010-03-31 22:00:00;1;2010;-2,0;False;IPV929;2;-33,3
2010-06-30 22:00:00;1;2010;-4,9;False;IPV929;3;145,0
2010-09-30 22:00:00;1;2010;-4,3;False;IPV929;4;-12,2
2010-12-31 23:00:00;1;2011;-4,9;False;IPV929;1;14,0
2011-03-31 22:00:00;1;2011;-5,3;False;IPV929;2;8,2
2011-06-30 22:00:00;1;2011;-7,2;False;IPV929;3;35,8
2011-09-30 22:00:00;1;2011;-12,5;False;IPV929;4;73,6
2011-12-31 23:00:00;1;2012;-7,5;False;IPV929;1;-40,0
2012-03-31 22:00:00;1;2012;-7,5;False;IPV929;2;0,0
2012-06-30 22:00:00;1;2012;-11,2;False;IPV929;3;49,3
2012-09-30 22:00:00;1;2012;-11,8;False;IPV929;4;5,4
2012-12-31 23:00:00;1;2013;-8,9;False;IPV929;1;-24,6
2013-03-31 22:00:00;1;2013;-9,8;False;IPV929;2;10,1
2013-06-30 22:00:00;1;2013;-10,5;False;IPV929;3;7,1
2013-09-30 22:00:00;1;2013;-12,5;False;IPV929;4;19,0
2013-12-31 23:00:00;1;2014;-1,0;False;IPV929;1;-92,0
2014-03-31 22:00:00;1;2014;0,7;False;IPV929;2;-170,0
2014-06-30 22:00:00;1;2014;0,2;False;IPV929;3;-71,4
2014-09-30 22:00:00;1;2014;0,1;False;IPV929;4;-50,0
2014-12-31 23:00:00;1;2015;-0,6;False;IPV929;1;-700,0
2015-03-31 22:00:00;1;2015;2,0;False;IPV929;2;-433,3
2015-06-30 22:00:00;1;2015;1,0;False;IPV929;3;-50,0
2015-09-30 22:00:00;1;2015;0,7;False;IPV929;4;-30,0
2015-12-31 23:00:00;1;2016;0,7;False;IPV929;1;0,0
2016-03-31 22:00:00;1;2016;2,7;False;IPV929;2;285,7
2016-06-30 22:00:00;1;2016;2,4;False;IPV929;3;-11,1
2016-09-30 22:00:00;1;2016;2,3;False;IPV929;4;-4,2
2016-12-31 23:00:00;1;2017;2,0;False;IPV929;1;-13,0
2017-03-31 22:00:00;1;2017;2,0;False;IPV929;2;0,0
2017-06-30 22:00:00;1;2017;2,9;False;IPV929;3;45,0
2017-09-30 22:00:00;1;2017;3,1;False;IPV929;4;6,9
2017-12-31 23:00:00;1;2018;2,0;False;IPV929;1;-35,5
2018-03-31 22:00:00;1;2018;3,3;False;IPV929;2;65,0
2018-06-30 22:00:00;1;2018;5,2;False;IPV929;3;57,6
2018-09-30 22:00:00;1;2018;6,2;False;IPV929;4;19,2
2018-12-31 23:00:00;1;2019;2,2;False;IPV929;1;-64,5
2019-03-31 22:00:00;1;2019;3,8;False;IPV929;2;72,7
2019-06-30 22:00:00;1;2019;4,8;False;IPV929;3;26,3
2019-09-30 22:00:00;1;2019;5,5;False;IPV929;4;14,6
2019-12-31 23:00:00;1;2020;0,4;False;IPV929;1;-92,7
2020-03-31 22:00:00;1;2020;1,4;False;IPV929;2;250,0
2020-06-30 22:00:00;1;2020;1,8;False;IPV929;3;28,6
2020-09-30 22:00:00;1;2020;1,1;False;IPV929;4;-38,9
2020-12-31 23:00:00;1;2021;1,2;False;IPV929;1;9,1
2021-03-31 22:00:00;1;2021;2,8;False;IPV929;2;133,3
2021-06-30 22:00:00;1;2021;5,2;False;IPV929;3;85,7
2021-09-30 22:00:00;1;2021;6,3;False;IPV929;4;21,2
2021-12-31 23:00:00;1;2022;2,5;False;IPV929;1;-60,3
2022-03-31 22:00:00;1;2022;3,9;False;IPV929;2;56,0
2022-06-30 22:00:00;1;2022;5,1;False;IPV929;3;30,8
2022-09-30 22:00:00;1;2022;4,3;False;IPV929;4;-15,7
2022-12-31 23:00:00;1;2023;1,4;False;IPV929;1;-67,4
2023-03-31 22:00:00;1;2023;3,1;False;IPV929;2;121,4
2023-06-30 22:00:00;1;2023;5,5;False;IPV929;3;77,4
2023-09-30 22:00:00;1;2023;4,3;False;IPV929;4;-21,8
2023-12-31 23:00:00;1;2024;4,1;False;IPV929;1;-4,7
2024-03-31 22:00:00;1;2024;8,6;False;IPV929;2;109,8
2024-06-30 22:00:00;1;2024;11,6;False;IPV929;3;34,9
2024-09-30 22:00:00;1;2024;13,3;False;IPV929;4;14,7
2024-12-31 23:00:00;1;2025;4,0;False;IPV929;1;-69,9
2025-03-31 22:00:00;1;2025;8,9;False;IPV929;2;122,5
2025-06-30 22:00:00;1;2025;12,8;False;IPV929;3;43,8
2025-09-30 22:00:00;1;2025;14,4;False;IPV929;4;12,5
2006-12-31 23:00:00;1;2007;10,4;False;IPV930;1;0,0
2007-03-31 22:00:00;1;2007;6,7;False;IPV930;2;-35,6
2007-06-30 22:00:00;1;2007;5,7;False;IPV930;3;-14,9
2007-09-30 22:00:00;1;2007;0,9;False;IPV930;4;-84,2
2007-12-31 23:00:00;1;2008;0,1;False;IPV930;1;-88,9
2008-03-31 22:00:00;1;2008;-0,2;False;IPV930;2;-300,0
2008-06-30 22:00:00;1;2008;-5,0;False;IPV930;3;2400,0
2008-09-30 22:00:00;1;2008;-6,7;False;IPV930;4;34,0
2008-12-31 23:00:00;1;2009;-9,7;False;IPV930;1;44,8
2009-03-31 22:00:00;1;2009;-10,0;False;IPV930;2;3,1
2009-06-30 22:00:00;1;2009;-8,5;False;IPV930;3;-15,0
2009-09-30 22:00:00;1;2009;-6,8;False;IPV930;4;-20,0
2009-12-31 23:00:00;1;2010;-6,2;False;IPV930;1;-8,8
2010-03-31 22:00:00;1;2010;-5,2;False;IPV930;2;-16,1
2010-06-30 22:00:00;1;2010;-5,9;False;IPV930;3;13,5
2010-09-30 22:00:00;1;2010;-4,3;False;IPV930;4;-27,1
2010-12-31 23:00:00;1;2011;-6,2;False;IPV930;1;44,2
2011-03-31 22:00:00;1;2011;-7,5;False;IPV930;2;21,0
2011-06-30 22:00:00;1;2011;-6,7;False;IPV930;3;-10,7
2011-09-30 22:00:00;1;2011;-12,5;False;IPV930;4;86,6
2011-12-31 23:00:00;1;2012;-14,9;False;IPV930;1;19,2
2012-03-31 22:00:00;1;2012;-14,5;False;IPV930;2;-2,7
2012-06-30 22:00:00;1;2012;-16,2;False;IPV930;3;11,7
2012-09-30 22:00:00;1;2012;-11,8;False;IPV930;4;-27,2
2012-12-31 23:00:00;1;2013;-13,2;False;IPV930;1;11,9
2013-03-31 22:00:00;1;2013;-14,0;False;IPV930;2;6,1
2013-06-30 22:00:00;1;2013;-11,1;False;IPV930;3;-20,7
2013-09-30 22:00:00;1;2013;-12,5;False;IPV930;4;12,6
2013-12-31 23:00:00;1;2014;-4,9;False;IPV930;1;-60,8
2014-03-31 22:00:00;1;2014;-2,3;False;IPV930;2;-53,1
2014-06-30 22:00:00;1;2014;-2,0;False;IPV930;3;-13,0
2014-09-30 22:00:00;1;2014;0,1;False;IPV930;4;-105,0
2014-12-31 23:00:00;1;2015;0,5;False;IPV930;1;400,0
2015-03-31 22:00:00;1;2015;1,3;False;IPV930;2;160,0
2015-06-30 22:00:00;1;2015;0,9;False;IPV930;3;-30,8
2015-09-30 22:00:00;1;2015;0,7;False;IPV930;4;-22,2
2015-12-31 23:00:00;1;2016;1,9;False;IPV930;1;171,4
2016-03-31 22:00:00;1;2016;1,3;False;IPV930;2;-31,6
2016-06-30 22:00:00;1;2016;2,0;False;IPV930;3;53,8
2016-09-30 22:00:00;1;2016;2,3;False;IPV930;4;15,0
2016-12-31 23:00:00;1;2017;3,7;False;IPV930;1;60,9
2017-03-31 22:00:00;1;2017;1,6;False;IPV930;2;-56,8
2017-06-30 22:00:00;1;2017;2,9;False;IPV930;3;81,2
2017-09-30 22:00:00;1;2017;3,1;False;IPV930;4;6,9
2017-12-31 23:00:00;1;2018;3,1;False;IPV930;1;0,0
2018-03-31 22:00:00;1;2018;4,5;False;IPV930;2;45,2
2018-06-30 22:00:00;1;2018;5,5;False;IPV930;3;22,2
2018-09-30 22:00:00;1;2018;6,2;False;IPV930;4;12,7
2018-12-31 23:00:00;1;2019;6,4;False;IPV930;1;3,2
2019-03-31 22:00:00;1;2019;6,7;False;IPV930;2;4,7
2019-06-30 22:00:00;1;2019;5,8;False;IPV930;3;-13,4
2019-09-30 22:00:00;1;2019;5,5;False;IPV930;4;-5,2
2019-12-31 23:00:00;1;2020;3,6;False;IPV930;1;-34,5
2020-03-31 22:00:00;1;2020;3,0;False;IPV930;2;-16,7
2020-06-30 22:00:00;1;2020;2,5;False;IPV930;3;-16,7
2020-09-30 22:00:00;1;2020;1,1;False;IPV930;4;-56,0
2020-12-31 23:00:00;1;2021;1,9;False;IPV930;1;72,7
2021-03-31 22:00:00;1;2021;2,5;False;IPV930;2;31,6
2021-06-30 22:00:00;1;2021;4,5;False;IPV930;3;80,0
2021-09-30 22:00:00;1;2021;6,3;False;IPV930;4;40,0
2021-12-31 23:00:00;1;2022;7,7;False;IPV930;1;22,2
2022-03-31 22:00:00;1;2022;7,5;False;IPV930;2;-2,6
2022-06-30 22:00:00;1;2022;6,2;False;IPV930;3;-17,3
2022-09-30 22:00:00;1;2022;4,3;False;IPV930;4;-30,6
2022-12-31 23:00:00;1;2023;3,2;False;IPV930;1;-25,6
2023-03-31 22:00:00;1;2023;3,4;False;IPV930;2;6,2
2023-06-30 22:00:00;1;2023;4,7;False;IPV930;3;38,2
2023-09-30 22:00:00;1;2023;4,3;False;IPV930;4;-8,5
2023-12-31 23:00:00;1;2024;7,0;False;IPV930;1;62,8
2024-03-31 22:00:00;1;2024;9,9;False;IPV930;2;41,4
2024-06-30 22:00:00;1;2024;10,3;False;IPV930;3;4,0
2024-09-30 22:00:00;1;2024;13,3;False;IPV930;4;29,1
2024-12-31 23:00:00;1;2025;13,2;False;IPV930;1;-0,8
2025-03-31 22:00:00;1;2025;13,7;False;IPV930;2;3,8
2025-06-30 22:00:00;1;2025;14,6;False;IPV930;3;6,6
2025-09-30 22:00:00;1;2025;14,4;False;IPV930;4;-1,4
2006-12-31 23:00:00;1;2007;0,4;False;IPV931;1;0,0
2007-03-31 22:00:00;1;2007;0,6;False;IPV931;2;50,0
2007-06-30 22:00:00;1;2007;1,0;False;IPV931;3;66,7
2007-09-30 22:00:00;1;2007;-1,1;False;IPV931;4;-210,0
2007-12-31 23:00:00;1;2008;-0,4;False;IPV931;1;-63,6
2008-03-31 22:00:00;1;2008;0,3;False;IPV931;2;-175,0
2008-06-30 22:00:00;1;2008;-3,8;False;IPV931;3;-1366,7
2008-09-30 22:00:00;1;2008;-2,9;False;IPV931;4;-23,7
2008-12-31 23:00:00;1;2009;-3,6;False;IPV931;1;24,1
2009-03-31 22:00:00;1;2009;-0,1;False;IPV931;2;-97,2
2009-06-30 22:00:00;1;2009;-2,2;False;IPV931;3;2100,0
2009-09-30 22:00:00;1;2009;-1,0;False;IPV931;4;-54,5
2009-12-31 23:00:00;1;2010;-3,0;False;IPV931;1;200,0
2010-03-31 22:00:00;1;2010;1,0;False;IPV931;2;-133,3
2010-06-30 22:00:00;1;2010;-2,9;False;IPV931;3;-390,0
2010-09-30 22:00:00;1;2010;0,6;False;IPV931;4;-120,7
2010-12-31 23:00:00;1;2011;-4,9;False;IPV931;1;-916,7
2011-03-31 22:00:00;1;2011;-0,4;False;IPV931;2;-91,8
2011-06-30 22:00:00;1;2011;-2,1;False;IPV931;3;425,0
2011-09-30 22:00:00;1;2011;-5,7;False;IPV931;4;171,4
2011-12-31 23:00:00;1;2012;-7,5;False;IPV931;1;31,6
2012-03-31 22:00:00;1;2012;0,0;False;IPV931;2;-100,0
2012-06-30 22:00:00;1;2012;-4,0;False;IPV931;3;-inf
2012-09-30 22:00:00;1;2012;-0,7;False;IPV931;4;-82,5
2012-12-31 23:00:00;1;2013;-8,9;False;IPV931;1;1171,4
2013-03-31 22:00:00;1;2013;-0,9;False;IPV931;2;-89,9
2013-06-30 22:00:00;1;2013;-0,8;False;IPV931;3;-11,1
2013-09-30 22:00:00;1;2013;-2,2;False;IPV931;4;175,0
2013-12-31 23:00:00;1;2014;-1,0;False;IPV931;1;-54,5
2014-03-31 22:00:00;1;2014;1,8;False;IPV931;2;-280,0
2014-06-30 22:00:00;1;2014;-0,6;False;IPV931;3;-133,3
2014-09-30 22:00:00;1;2014;-0,1;False;IPV931;4;-83,3
2014-12-31 23:00:00;1;2015;-0,6;False;IPV931;1;500,0
2015-03-31 22:00:00;1;2015;2,6;False;IPV931;2;-533,3
2015-06-30 22:00:00;1;2015;-1,0;False;IPV931;3;-138,5
2015-09-30 22:00:00;1;2015;-0,4;False;IPV931;4;-60,0
2015-12-31 23:00:00;1;2016;0,7;False;IPV931;1;-275,0
2016-03-31 22:00:00;1;2016;2,0;False;IPV931;2;185,7
2016-06-30 22:00:00;1;2016;-0,3;False;IPV931;3;-115,0
2016-09-30 22:00:00;1;2016;0,0;False;IPV931;4;-100,0
2016-12-31 23:00:00;1;2017;2,0;False;IPV931;1;inf
2017-03-31 22:00:00;1;2017;0,0;False;IPV931;2;-100,0
2017-06-30 22:00:00;1;2017;0,9;False;IPV931;3;inf
2017-09-30 22:00:00;1;2017;0,2;False;IPV931;4;-77,8
2017-12-31 23:00:00;1;2018;2,0;False;IPV931;1;900,0
2018-03-31 22:00:00;1;2018;1,3;False;IPV931;2;-35,0
2018-06-30 22:00:00;1;2018;1,8;False;IPV931;3;38,5
2018-09-30 22:00:00;1;2018;0,9;False;IPV931;4;-50,0
2018-12-31 23:00:00;1;2019;2,2;False;IPV931;1;144,4
2019-03-31 22:00:00;1;2019;1,6;False;IPV931;2;-27,3
2019-06-30 22:00:00;1;2019;1,0;False;IPV931;3;-37,5
2019-09-30 22:00:00;1;2019;0,7;False;IPV931;4;-30,0
2019-12-31 23:00:00;1;2020;0,4;False;IPV931;1;-42,9
2020-03-31 22:00:00;1;2020;1,0;False;IPV931;2;150,0
2020-06-30 22:00:00;1;2020;0,4;False;IPV931;3;-60,0
2020-09-30 22:00:00;1;2020;-0,7;False;IPV931;4;-275,0
2020-12-31 23:00:00;1;2021;1,2;False;IPV931;1;-271,4
2021-03-31 22:00:00;1;2021;1,6;False;IPV931;2;33,3
2021-06-30 22:00:00;1;2021;2,4;False;IPV931;3;50,0
2021-09-30 22:00:00;1;2021;1,1;False;IPV931;4;-54,2
2021-12-31 23:00:00;1;2022;2,5;False;IPV931;1;127,3
2022-03-31 22:00:00;1;2022;1,4;False;IPV931;2;-44,0
2022-06-30 22:00:00;1;2022;1,1;False;IPV931;3;-21,4
2022-09-30 22:00:00;1;2022;-0,7;False;IPV931;4;-163,6
2022-12-31 23:00:00;1;2023;1,4;False;IPV931;1;-300,0
2023-03-31 22:00:00;1;2023;1,6;False;IPV931;2;14,3
2023-06-30 22:00:00;1;2023;2,4;False;IPV931;3;50,0
2023-09-30 22:00:00;1;2023;-1,2;False;IPV931;4;-150,0
2023-12-31 23:00:00;1;2024;4,1;False;IPV931;1;-441,7
2024-03-31 22:00:00;1;2024;4,3;False;IPV931;2;4,9
2024-06-30 22:00:00;1;2024;2,8;False;IPV931;3;-34,9
2024-09-30 22:00:00;1;2024;1,6;False;IPV931;4;-42,9
2024-12-31 23:00:00;1;2025;4,0;False;IPV931;1;150,0
2025-03-31 22:00:00;1;2025;4,8;False;IPV931;2;20,0
2025-06-30 22:00:00;1;2025;3,6;False;IPV931;3;-25,0
2025-09-30 22:00:00;1;2025;1,4;False;IPV931;4;-61,1
2006-12-31 23:00:00;1;2007;3,7;False;IPV932;1;0,0
2007-03-31 22:00:00;1;2007;6,9;False;IPV932;2;86,5
2007-06-30 22:00:00;1;2007;8,5;False;IPV932;3;23,2
2007-09-30 22:00:00;1;2007;7,9;False;IPV932;4;-7,1
2007-12-31 23:00:00;1;2008;-0,3;False;IPV932;1;-103,8
2008-03-31 22:00:00;1;2008;-1,9;False;IPV932;2;533,3
2008-06-30 22:00:00;1;2008;-3,9;False;IPV932;3;105,3
2008-09-30 22:00:00;1;2008;-7,7;False;IPV932;4;97,4
2008-12-31 23:00:00;1;2009;-2,5;False;IPV932;1;-67,5
2009-03-31 22:00:00;1;2009;-1,4;False;IPV932;2;-44,0
2009-06-30 22:00:00;1;2009;-2,0;False;IPV932;3;42,9
2009-09-30 22:00:00;1;2009;-1,7;False;IPV932;4;-15,0
2009-12-31 23:00:00;1;2010;-1,1;False;IPV932;1;-35,3
2010-03-31 22:00:00;1;2010;-0,6;False;IPV932;2;-45,5
2010-06-30 22:00:00;1;2010;-2,2;False;IPV932;3;266,7
2010-09-30 22:00:00;1;2010;-1,8;False;IPV932;4;-18,2
2010-12-31 23:00:00;1;2011;-5,6;False;IPV932;1;211,1
2011-03-31 22:00:00;1;2011;-5,4;False;IPV932;2;-3,6
2011-06-30 22:00:00;1;2011;-8,2;False;IPV932;3;51,9
2011-09-30 22:00:00;1;2011;-11,8;False;IPV932;4;43,9
2011-12-31 23:00:00;1;2012;-5,3;False;IPV932;1;-55,1
2012-03-31 22:00:00;1;2012;-8,9;False;IPV932;2;67,9
2012-06-30 22:00:00;1;2012;-11,2;False;IPV932;3;25,8
2012-09-30 22:00:00;1;2012;-12,2;False;IPV932;4;8,9
2012-12-31 23:00:00;1;2013;-5,7;False;IPV932;1;-53,3
2013-03-31 22:00:00;1;2013;-5,9;False;IPV932;2;3,5
2013-06-30 22:00:00;1;2013;-5,2;False;IPV932;3;-11,9
2013-09-30 22:00:00;1;2013;-6,5;False;IPV932;4;25,0
2013-12-31 23:00:00;1;2014;-1,1;False;IPV932;1;-83,1
2014-03-31 22:00:00;1;2014;0,8;False;IPV932;2;-172,7
2014-06-30 22:00:00;1;2014;1,0;False;IPV932;3;25,0
2014-09-30 22:00:00;1;2014;1,6;False;IPV932;4;60,0
2014-12-31 23:00:00;1;2015;-1,9;False;IPV932;1;-218,8
2015-03-31 22:00:00;1;2015;2,2;False;IPV932;2;-215,8
2015-06-30 22:00:00;1;2015;3,6;False;IPV932;3;63,6
2015-09-30 22:00:00;1;2015;2,5;False;IPV932;4;-30,6
2015-12-31 23:00:00;1;2016;0,6;False;IPV932;1;-76,0
2016-03-31 22:00:00;1;2016;1,5;False;IPV932;2;150,0
2016-06-30 22:00:00;1;2016;1,6;False;IPV932;3;6,7
2016-09-30 22:00:00;1;2016;1,7;False;IPV932;4;6,2
2016-12-31 23:00:00;1;2017;0,7;False;IPV932;1;-58,8
2017-03-31 22:00:00;1;2017;2,3;False;IPV932;2;228,6
2017-06-30 22:00:00;1;2017;3,5;False;IPV932;3;52,2
2017-09-30 22:00:00;1;2017;4,4;False;IPV932;4;25,7
2017-12-31 23:00:00;1;2018;0,4;False;IPV932;1;-90,9
2018-03-31 22:00:00;1;2018;2,7;False;IPV932;2;575,0
2018-06-30 22:00:00;1;2018;4,4;False;IPV932;3;63,0
2018-09-30 22:00:00;1;2018;5,5;False;IPV932;4;25,0
2018-12-31 23:00:00;1;2019;0,7;False;IPV932;1;-87,3
2019-03-31 22:00:00;1;2019;2,5;False;IPV932;2;257,1
2019-06-30 22:00:00;1;2019;4,4;False;IPV932;3;76,0
2019-09-30 22:00:00;1;2019;3,9;False;IPV932;4;-11,4
2019-12-31 23:00:00;1;2020;0,6;False;IPV932;1;-84,6
2020-03-31 22:00:00;1;2020;0,5;False;IPV932;2;-16,7
2020-06-30 22:00:00;1;2020;1,0;False;IPV932;3;100,0
2020-09-30 22:00:00;1;2020;0,6;False;IPV932;4;-40,0
2020-12-31 23:00:00;1;2021;-0,1;False;IPV932;1;-116,7
2021-03-31 22:00:00;1;2021;3,3;False;IPV932;2;-3400,0
2021-06-30 22:00:00;1;2021;6,4;False;IPV932;3;93,9
2021-09-30 22:00:00;1;2021;8,1;False;IPV932;4;26,6
2021-12-31 23:00:00;1;2022;2,2;False;IPV932;1;-72,8
2022-03-31 22:00:00;1;2022;5,1;False;IPV932;2;131,8
2022-06-30 22:00:00;1;2022;7,0;False;IPV932;3;37,3
2022-09-30 22:00:00;1;2022;5,9;False;IPV932;4;-15,7
2022-12-31 23:00:00;1;2023;0,1;False;IPV932;1;-98,3
2023-03-31 22:00:00;1;2023;3,3;False;IPV932;2;3200,0
2023-06-30 22:00:00;1;2023;5,6;False;IPV932;3;69,7
2023-09-30 22:00:00;1;2023;5,3;False;IPV932;4;-5,4
2023-12-31 23:00:00;1;2024;2,1;False;IPV932;1;-60,4
2024-03-31 22:00:00;1;2024;6,8;False;IPV932;2;223,8
2024-06-30 22:00:00;1;2024;10,4;False;IPV932;3;52,9
2024-09-30 22:00:00;1;2024;12,7;False;IPV932;4;22,1
2024-12-31 23:00:00;1;2025;3,0;False;IPV932;1;-76,4
2025-03-31 22:00:00;1;2025;7,3;False;IPV932;2;143,3
2025-06-30 22:00:00;1;2025;10,5;False;IPV932;3;43,8
2025-09-30 22:00:00;1;2025;12,5;False;IPV932;4;19,0
2006-12-31 23:00:00;1;2007;15,4;False;IPV933;1;0,0
2007-03-31 22:00:00;1;2007;11,6;False;IPV933;2;-24,7
2007-06-30 22:00:00;1;2007;9,8;False;IPV933;3;-15,5
2007-09-30 22:00:00;1;2007;7,9;False;IPV933;4;-19,4
2007-12-31 23:00:00;1;2008;3,8;False;IPV933;1;-51,9
2008-03-31 22:00:00;1;2008;-1,0;False;IPV933;2;-126,3
2008-06-30 22:00:00;1;2008;-4,4;False;IPV933;3;340,0
2008-09-30 22:00:00;1;2008;-7,7;False;IPV933;4;75,0
2008-12-31 23:00:00;1;2009;-9,8;False;IPV933;1;27,3
2009-03-31 22:00:00;1;2009;-7,3;False;IPV933;2;-25,5
2009-06-30 22:00:00;1;2009;-5,9;False;IPV933;3;-19,2
2009-09-30 22:00:00;1;2009;-1,7;False;IPV933;4;-71,2
2009-12-31 23:00:00;1;2010;-0,3;False;IPV933;1;-82,4
2010-03-31 22:00:00;1;2010;-0,9;False;IPV933;2;200,0
2010-06-30 22:00:00;1;2010;-1,9;False;IPV933;3;111,1
2010-09-30 22:00:00;1;2010;-1,8;False;IPV933;4;-5,3
2010-12-31 23:00:00;1;2011;-6,3;False;IPV933;1;250,0
2011-03-31 22:00:00;1;2011;-6,6;False;IPV933;2;4,8
2011-06-30 22:00:00;1;2011;-7,8;False;IPV933;3;18,2
2011-09-30 22:00:00;1;2011;-11,8;False;IPV933;4;51,3
2011-12-31 23:00:00;1;2012;-11,6;False;IPV933;1;-1,7
2012-03-31 22:00:00;1;2012;-15,1;False;IPV933;2;30,2
2012-06-30 22:00:00;1;2012;-14,6;False;IPV933;3;-3,3
2012-09-30 22:00:00;1;2012;-12,2;False;IPV933;4;-16,4
2012-12-31 23:00:00;1;2013;-12,5;False;IPV933;1;2,5
2013-03-31 22:00:00;1;2013;-9,3;False;IPV933;2;-25,6
2013-06-30 22:00:00;1;2013;-6,3;False;IPV933;3;-32,3
2013-09-30 22:00:00;1;2013;-6,5;False;IPV933;4;3,2
2013-12-31 23:00:00;1;2014;-2,0;False;IPV933;1;-69,2
2014-03-31 22:00:00;1;2014;0,2;False;IPV933;2;-110,0
2014-06-30 22:00:00;1;2014;-0,4;False;IPV933;3;-300,0
2014-09-30 22:00:00;1;2014;1,6;False;IPV933;4;-500,0
2014-12-31 23:00:00;1;2015;0,8;False;IPV933;1;-50,0
2015-03-31 22:00:00;1;2015;3,1;False;IPV933;2;287,5
2015-06-30 22:00:00;1;2015;4,3;False;IPV933;3;38,7
2015-09-30 22:00:00;1;2015;2,5;False;IPV933;4;-41,9
2015-12-31 23:00:00;1;2016;5,2;False;IPV933;1;108,0
2016-03-31 22:00:00;1;2016;1,8;False;IPV933;2;-65,4
2016-06-30 22:00:00;1;2016;0,5;False;IPV933;3;-72,2
2016-09-30 22:00:00;1;2016;1,7;False;IPV933;4;240,0
2016-12-31 23:00:00;1;2017;1,9;False;IPV933;1;11,8
2017-03-31 22:00:00;1;2017;2,5;False;IPV933;2;31,6
2017-06-30 22:00:00;1;2017;3,6;False;IPV933;3;44,0
2017-09-30 22:00:00;1;2017;4,4;False;IPV933;4;22,2
2017-12-31 23:00:00;1;2018;4,0;False;IPV933;1;-9,1
2018-03-31 22:00:00;1;2018;4,8;False;IPV933;2;20,0
2018-06-30 22:00:00;1;2018;5,3;False;IPV933;3;10,4
2018-09-30 22:00:00;1;2018;5,5;False;IPV933;4;3,8
2018-12-31 23:00:00;1;2019;5,8;False;IPV933;1;5,5
2019-03-31 22:00:00;1;2019;5,3;False;IPV933;2;-8,6
2019-06-30 22:00:00;1;2019;5,5;False;IPV933;3;3,8
2019-09-30 22:00:00;1;2019;3,9;False;IPV933;4;-29,1
2019-12-31 23:00:00;1;2020;3,7;False;IPV933;1;-5,1
2020-03-31 22:00:00;1;2020;1,8;False;IPV933;2;-51,4
2020-06-30 22:00:00;1;2020;0,6;False;IPV933;3;-66,7
2020-09-30 22:00:00;1;2020;0,6;False;IPV933;4;0,0
2020-12-31 23:00:00;1;2021;-0,1;False;IPV933;1;-116,7
2021-03-31 22:00:00;1;2021;3,4;False;IPV933;2;-3500,0
2021-06-30 22:00:00;1;2021;5,9;False;IPV933;3;73,5
2021-09-30 22:00:00;1;2021;8,1;False;IPV933;4;37,3
2021-12-31 23:00:00;1;2022;10,5;False;IPV933;1;29,6
2022-03-31 22:00:00;1;2022;10,0;False;IPV933;2;-4,8
2022-06-30 22:00:00;1;2022;8,7;False;IPV933;3;-13,0
2022-09-30 22:00:00;1;2022;5,9;False;IPV933;4;-32,2
2022-12-31 23:00:00;1;2023;3,8;False;IPV933;1;-35,6
2023-03-31 22:00:00;1;2023;4,1;False;IPV933;2;7,9
2023-06-30 22:00:00;1;2023;4,5;False;IPV933;3;9,8
2023-09-30 22:00:00;1;2023;5,3;False;IPV933;4;17,8
2023-12-31 23:00:00;1;2024;7,4;False;IPV933;1;39,6
2024-03-31 22:00:00;1;2024;8,9;False;IPV933;2;20,3
2024-06-30 22:00:00;1;2024;10,1;False;IPV933;3;13,5
2024-09-30 22:00:00;1;2024;12,7;False;IPV933;4;25,7
2024-12-31 23:00:00;1;2025;13,8;False;IPV933;1;8,7
2025-03-31 22:00:00;1;2025;13,2;False;IPV933;2;-4,3
2025-06-30 22:00:00;1;2025;12,8;False;IPV933;3;-3,0
2025-09-30 22:00:00;1;2025;12,5;False;IPV933;4;-2,3
2006-12-31 23:00:00;1;2007;3,7;False;IPV934;1;0,0
2007-03-31 22:00:00;1;2007;3,1;False;IPV934;2;-16,2
2007-06-30 22:00:00;1;2007;1,5;False;IPV934;3;-51,6
2007-09-30 22:00:00;1;2007;-0,6;False;IPV934;4;-140,0
2007-12-31 23:00:00;1;2008;-0,3;False;IPV934;1;-50,0
2008-03-31 22:00:00;1;2008;-1,6;False;IPV934;2;433,3
2008-06-30 22:00:00;1;2008;-2,0;False;IPV934;3;25,0
2008-09-30 22:00:00;1;2008;-4,0;False;IPV934;4;100,0
2008-12-31 23:00:00;1;2009;-2,5;False;IPV934;1;-37,5
2009-03-31 22:00:00;1;2009;1,2;False;IPV934;2;-148,0
2009-06-30 22:00:00;1;2009;-0,6;False;IPV934;3;-150,0
2009-09-30 22:00:00;1;2009;0,3;False;IPV934;4;-150,0
2009-12-31 23:00:00;1;2010;-1,1;False;IPV934;1;-466,7
2010-03-31 22:00:00;1;2010;0,5;False;IPV934;2;-145,5
2010-06-30 22:00:00;1;2010;-1,7;False;IPV934;3;-440,0
2010-09-30 22:00:00;1;2010;0,4;False;IPV934;4;-123,5
2010-12-31 23:00:00;1;2011;-5,6;False;IPV934;1;-1500,0
2011-03-31 22:00:00;1;2011;0,2;False;IPV934;2;-103,6
2011-06-30 22:00:00;1;2011;-3,0;False;IPV934;3;-1600,0
2011-09-30 22:00:00;1;2011;-3,9;False;IPV934;4;30,0
2011-12-31 23:00:00;1;2012;-5,3;False;IPV934;1;35,9
2012-03-31 22:00:00;1;2012;-3,8;False;IPV934;2;-28,3
2012-06-30 22:00:00;1;2012;-2,5;False;IPV934;3;-34,2
2012-09-30 22:00:00;1;2012;-1,2;False;IPV934;4;-52,0
2012-12-31 23:00:00;1;2013;-5,7;False;IPV934;1;375,0
2013-03-31 22:00:00;1;2013;-0,2;False;IPV934;2;-96,5
2013-06-30 22:00:00;1;2013;0,7;False;IPV934;3;-450,0
2013-09-30 22:00:00;1;2013;-1,4;False;IPV934;4;-300,0
2013-12-31 23:00:00;1;2014;-1,1;False;IPV934;1;-21,4
2014-03-31 22:00:00;1;2014;1,9;False;IPV934;2;-272,7
2014-06-30 22:00:00;1;2014;0,2;False;IPV934;3;-89,5
2014-09-30 22:00:00;1;2014;0,7;False;IPV934;4;250,0
2014-12-31 23:00:00;1;2015;-1,9;False;IPV934;1;-371,4
2015-03-31 22:00:00;1;2015;4,2;False;IPV934;2;-321,1
2015-06-30 22:00:00;1;2015;1,3;False;IPV934;3;-69,0
2015-09-30 22:00:00;1;2015;-1,1;False;IPV934;4;-184,6
2015-12-31 23:00:00;1;2016;0,6;False;IPV934;1;-154,5
2016-03-31 22:00:00;1;2016;0,9;False;IPV934;2;50,0
2016-06-30 22:00:00;1;2016;0,1;False;IPV934;3;-88,9
2016-09-30 22:00:00;1;2016;0,1;False;IPV934;4;0,0
2016-12-31 23:00:00;1;2017;0,7;False;IPV934;1;600,0
2017-03-31 22:00:00;1;2017;1,5;False;IPV934;2;114,3
2017-06-30 22:00:00;1;2017;1,2;False;IPV934;3;-20,0
2017-09-30 22:00:00;1;2017;0,9;False;IPV934;4;-25,0
2017-12-31 23:00:00;1;2018;0,4;False;IPV934;1;-55,6
2018-03-31 22:00:00;1;2018;2,2;False;IPV934;2;450,0
2018-06-30 22:00:00;1;2018;1,6;False;IPV934;3;-27,3
2018-09-30 22:00:00;1;2018;1,1;False;IPV934;4;-31,2
2018-12-31 23:00:00;1;2019;0,7;False;IPV934;1;-36,4
2019-03-31 22:00:00;1;2019;1,8;False;IPV934;2;157,1
2019-06-30 22:00:00;1;2019;1,8;False;IPV934;3;0,0
2019-09-30 22:00:00;1;2019;-0,5;False;IPV934;4;-127,8
2019-12-31 23:00:00;1;2020;0,6;False;IPV934;1;-220,0
2020-03-31 22:00:00;1;2020;-0,1;False;IPV934;2;-116,7
2020-06-30 22:00:00;1;2020;0,6;False;IPV934;3;-700,0
2020-09-30 22:00:00;1;2020;-0,5;False;IPV934;4;-183,3
2020-12-31 23:00:00;1;2021;-0,1;False;IPV934;1;-80,0
2021-03-31 22:00:00;1;2021;3,4;False;IPV934;2;-3500,0
2021-06-30 22:00:00;1;2021;3,0;False;IPV934;3;-11,8
2021-09-30 22:00:00;1;2021;1,6;False;IPV934;4;-46,7
2021-12-31 23:00:00;1;2022;2,2;False;IPV934;1;37,5
2022-03-31 22:00:00;1;2022;2,9;False;IPV934;2;31,8
2022-06-30 22:00:00;1;2022;1,8;False;IPV934;3;-37,9
2022-09-30 22:00:00;1;2022;-1,0;False;IPV934;4;-155,6
2022-12-31 23:00:00;1;2023;0,1;False;IPV934;1;-110,0
2023-03-31 22:00:00;1;2023;3,2;False;IPV934;2;3100,0
2023-06-30 22:00:00;1;2023;2,2;False;IPV934;3;-31,2
2023-09-30 22:00:00;1;2023;-0,3;False;IPV934;4;-113,6
2023-12-31 23:00:00;1;2024;2,1;False;IPV934;1;-800,0
2024-03-31 22:00:00;1;2024;4,6;False;IPV934;2;119,0
2024-06-30 22:00:00;1;2024;3,3;False;IPV934;3;-28,3
2024-09-30 22:00:00;1;2024;2,1;False;IPV934;4;-36,4
2024-12-31 23:00:00;1;2025;3,0;False;IPV934;1;42,9
2025-03-31 22:00:00;1;2025;4,1;False;IPV934;2;36,7
2025-06-30 22:00:00;1;2025;3,0;False;IPV934;3;-26,8
2025-09-30 22:00:00;1;2025;1,9;False;IPV934;4;-36,7
2006-12-31 23:00:00;1;2007;4,3;False;IPV935;1;0,0
2007-03-31 22:00:00;1;2007;7,3;False;IPV935;2;69,8
2007-06-30 22:00:00;1;2007;10,8;False;IPV935;3;47,9
2007-09-30 22:00:00;1;2007;14,7;False;IPV935;4;36,1
2007-12-31 23:00:00;1;2008;0,2;False;IPV935;1;-98,6
2008-03-31 22:00:00;1;2008;1,0;False;IPV935;2;400,0
2008-06-30 22:00:00;1;2008;3,4;False;IPV935;3;240,0
2008-09-30 22:00:00;1;2008;2,1;False;IPV935;4;-38,2
2008-12-31 23:00:00;1;2009;0,1;False;IPV935;1;-95,2
2009-03-31 22:00:00;1;2009;-0,5;False;IPV935;2;-600,0
2009-06-30 22:00:00;1;2009;-1,0;False;IPV935;3;100,0
2009-09-30 22:00:00;1;2009;-1,8;False;IPV935;4;80,0
2009-12-31 23:00:00;1;2010;-0,8;False;IPV935;1;-55,6
2010-03-31 22:00:00;1;2010;1,1;False;IPV935;2;-237,5
2010-06-30 22:00:00;1;2010;-1,6;False;IPV935;3;-245,5
2010-09-30 22:00:00;1;2010;-2,2;False;IPV935;4;37,5
2010-12-31 23:00:00;1;2011;-0,9;False;IPV935;1;-59,1
2011-03-31 22:00:00;1;2011;-1,2;False;IPV935;2;33,3
2011-06-30 22:00:00;1;2011;-3,0;False;IPV935;3;150,0
2011-09-30 22:00:00;1;2011;-5,3;False;IPV935;4;76,7
2011-12-31 23:00:00;1;2012;-3,6;False;IPV935;1;-32,1
2012-03-31 22:00:00;1;2012;-7,2;False;IPV935;2;100,0
2012-06-30 22:00:00;1;2012;-8,3;False;IPV935;3;15,3
2012-09-30 22:00:00;1;2012;-10,5;False;IPV935;4;26,5
2012-12-31 23:00:00;1;2013;-4,6;False;IPV935;1;-56,2
2013-03-31 22:00:00;1;2013;-6,7;False;IPV935;2;45,7
2013-06-30 22:00:00;1;2013;-5,5;False;IPV935;3;-17,9
2013-09-30 22:00:00;1;2013;-5,7;False;IPV935;4;3,6
2013-12-31 23:00:00;1;2014;0,3;False;IPV935;1;-105,3
2014-03-31 22:00:00;1;2014;1,3;False;IPV935;2;333,3
2014-06-30 22:00:00;1;2014;2,2;False;IPV935;3;69,2
2014-09-30 22:00:00;1;2014;2,6;False;IPV935;4;18,2
2014-12-31 23:00:00;1;2015;1,7;False;IPV935;1;-34,6
2015-03-31 22:00:00;1;2015;4,9;False;IPV935;2;188,2
2015-06-30 22:00:00;1;2015;4,6;False;IPV935;3;-6,1
2015-09-30 22:00:00;1;2015;6,5;False;IPV935;4;41,3
2015-12-31 23:00:00;1;2016;2,8;False;IPV935;1;-56,9
2016-03-31 22:00:00;1;2016;7,0;False;IPV935;2;150,0
2016-06-30 22:00:00;1;2016;5,5;False;IPV935;3;-21,4
2016-09-30 22:00:00;1;2016;4,7;False;IPV935;4;-14,5
2016-12-31 23:00:00;1;2017;2,2;False;IPV935;1;-53,2
2017-03-31 22:00:00;1;2017;4,2;False;IPV935;2;90,9
2017-06-30 22:00:00;1;2017;5,5;False;IPV935;3;31,0
2017-09-30 22:00:00;1;2017;5,7;False;IPV935;4;3,6
2017-12-31 23:00:00;1;2018;0,9;False;IPV935;1;-84,2
2018-03-31 22:00:00;1;2018;2,9;False;IPV935;2;222,2
2018-06-30 22:00:00;1;2018;6,4;False;IPV935;3;120,7
2018-09-30 22:00:00;1;2018;7,0;False;IPV935;4;9,4
2018-12-31 23:00:00;1;2019;1,0;False;IPV935;1;-85,7
2019-03-31 22:00:00;1;2019;3,6;False;IPV935;2;260,0
2019-06-30 22:00:00;1;2019;8,8;False;IPV935;3;144,4
2019-09-30 22:00:00;1;2019;6,5;False;IPV935;4;-26,1
2019-12-31 23:00:00;1;2020;1,8;False;IPV935;1;-72,3
2020-03-31 22:00:00;1;2020;3,9;False;IPV935;2;116,7
2020-06-30 22:00:00;1;2020;8,0;False;IPV935;3;105,1
2020-09-30 22:00:00;1;2020;9,4;False;IPV935;4;17,5
2020-12-31 23:00:00;1;2021;-1,2;False;IPV935;1;-112,8
2021-03-31 22:00:00;1;2021;0,3;False;IPV935;2;-125,0
2021-06-30 22:00:00;1;2021;5,7;False;IPV935;3;1800,0
2021-09-30 22:00:00;1;2021;7,6;False;IPV935;4;33,3
2021-12-31 23:00:00;1;2022;3,3;False;IPV935;1;-56,6
2022-03-31 22:00:00;1;2022;3,7;False;IPV935;2;12,1
2022-06-30 22:00:00;1;2022;4,7;False;IPV935;3;27,0
2022-09-30 22:00:00;1;2022;8,7;False;IPV935;4;85,1
2022-12-31 23:00:00;1;2023;0,7;False;IPV935;1;-92,0
2023-03-31 22:00:00;1;2023;1,0;False;IPV935;2;42,9
2023-06-30 22:00:00;1;2023;7,8;False;IPV935;3;680,0
2023-09-30 22:00:00;1;2023;5,3;False;IPV935;4;-32,1
2023-12-31 23:00:00;1;2024;6,5;False;IPV935;1;22,6
2024-03-31 22:00:00;1;2024;8,7;False;IPV935;2;33,8
2024-06-30 22:00:00;1;2024;16,4;False;IPV935;3;88,5
2024-09-30 22:00:00;1;2024;17,5;False;IPV935;4;6,7
2024-12-31 23:00:00;1;2025;4,6;False;IPV935;1;-73,7
2025-03-31 22:00:00;1;2025;7,2;False;IPV935;2;56,5
2025-06-30 22:00:00;1;2025;8,7;False;IPV935;3;20,8
2025-09-30 22:00:00;1;2025;11,4;False;IPV935;4;31,0
2006-12-31 23:00:00;1;2007;15,4;False;IPV936;1;0,0
2007-03-31 22:00:00;1;2007;14,4;False;IPV936;2;-6,5
2007-06-30 22:00:00;1;2007;13,6;False;IPV936;3;-5,6
2007-09-30 22:00:00;1;2007;14,7;False;IPV936;4;8,1
2007-12-31 23:00:00;1;2008;10,2;False;IPV936;1;-30,6
2008-03-31 22:00:00;1;2008;8,0;False;IPV936;2;-21,6
2008-06-30 22:00:00;1;2008;7,0;False;IPV936;3;-12,5
2008-09-30 22:00:00;1;2008;2,1;False;IPV936;4;-70,0
2008-12-31 23:00:00;1;2009;2,0;False;IPV936;1;-4,8
2009-03-31 22:00:00;1;2009;0,6;False;IPV936;2;-70,0
2009-06-30 22:00:00;1;2009;-2,2;False;IPV936;3;-466,7
2009-09-30 22:00:00;1;2009;-1,8;False;IPV936;4;-18,2
2009-12-31 23:00:00;1;2010;-2,6;False;IPV936;1;44,4
2010-03-31 22:00:00;1;2010;-0,1;False;IPV936;2;-96,2
2010-06-30 22:00:00;1;2010;-2,3;False;IPV936;3;2200,0
2010-09-30 22:00:00;1;2010;-2,2;False;IPV936;4;-4,3
2010-12-31 23:00:00;1;2011;-2,4;False;IPV936;1;9,1
2011-03-31 22:00:00;1;2011;-4,5;False;IPV936;2;87,5
2011-06-30 22:00:00;1;2011;-3,6;False;IPV936;3;-20,0
2011-09-30 22:00:00;1;2011;-5,3;False;IPV936;4;47,2
2011-12-31 23:00:00;1;2012;-7,8;False;IPV936;1;47,2
2012-03-31 22:00:00;1;2012;-11,0;False;IPV936;2;41,0
2012-06-30 22:00:00;1;2012;-10,5;False;IPV936;3;-4,5
2012-09-30 22:00:00;1;2012;-10,5;False;IPV936;4;0,0
2012-12-31 23:00:00;1;2013;-11,4;False;IPV936;1;8,6
2013-03-31 22:00:00;1;2013;-10,1;False;IPV936;2;-11,4
2013-06-30 22:00:00;1;2013;-7,8;False;IPV936;3;-22,8
2013-09-30 22:00:00;1;2013;-5,7;False;IPV936;4;-26,9
2013-12-31 23:00:00;1;2014;-0,8;False;IPV936;1;-86,0
2014-03-31 22:00:00;1;2014;2,4;False;IPV936;2;-400,0
2014-06-30 22:00:00;1;2014;1,9;False;IPV936;3;-20,8
2014-09-30 22:00:00;1;2014;2,6;False;IPV936;4;36,8
2014-12-31 23:00:00;1;2015;4,0;False;IPV936;1;53,8
2015-03-31 22:00:00;1;2015;6,2;False;IPV936;2;55,0
2015-06-30 22:00:00;1;2015;5,0;False;IPV936;3;-19,4
2015-09-30 22:00:00;1;2015;6,5;False;IPV936;4;30,0
2015-12-31 23:00:00;1;2016;7,7;False;IPV936;1;18,5
2016-03-31 22:00:00;1;2016;8,6;False;IPV936;2;11,7
2016-06-30 22:00:00;1;2016;7,5;False;IPV936;3;-12,8
2016-09-30 22:00:00;1;2016;4,7;False;IPV936;4;-37,3
2016-12-31 23:00:00;1;2017;4,1;False;IPV936;1;-12,8
2017-03-31 22:00:00;1;2017;2,0;False;IPV936;2;-51,2
2017-06-30 22:00:00;1;2017;4,6;False;IPV936;3;130,0
2017-09-30 22:00:00;1;2017;5,7;False;IPV936;4;23,9
2017-12-31 23:00:00;1;2018;4,3;False;IPV936;1;-24,6
2018-03-31 22:00:00;1;2018;4,4;False;IPV936;2;2,3
2018-06-30 22:00:00;1;2018;6,6;False;IPV936;3;50,0
2018-09-30 22:00:00;1;2018;7,0;False;IPV936;4;6,1
2018-12-31 23:00:00;1;2019;7,0;False;IPV936;1;0,0
2019-03-31 22:00:00;1;2019;7,6;False;IPV936;2;8,6
2019-06-30 22:00:00;1;2019;9,4;False;IPV936;3;23,7
2019-09-30 22:00:00;1;2019;6,5;False;IPV936;4;-30,9
2019-12-31 23:00:00;1;2020;7,4;False;IPV936;1;13,8
2020-03-31 22:00:00;1;2020;6,9;False;IPV936;2;-6,8
2020-06-30 22:00:00;1;2020;5,8;False;IPV936;3;-15,9
2020-09-30 22:00:00;1;2020;9,4;False;IPV936;4;62,1
2020-12-31 23:00:00;1;2021;6,2;False;IPV936;1;-34,0
2021-03-31 22:00:00;1;2021;5,6;False;IPV936;2;-9,7
2021-06-30 22:00:00;1;2021;7,0;False;IPV936;3;25,0
2021-09-30 22:00:00;1;2021;7,6;False;IPV936;4;8,6
2021-12-31 23:00:00;1;2022;12,5;False;IPV936;1;64,5
2022-03-31 22:00:00;1;2022;11,2;False;IPV936;2;-10,4
2022-06-30 22:00:00;1;2022;6,5;False;IPV936;3;-42,0
2022-09-30 22:00:00;1;2022;8,7;False;IPV936;4;33,8
2022-12-31 23:00:00;1;2023;5,9;False;IPV936;1;-32,2
2023-03-31 22:00:00;1;2023;5,9;False;IPV936;2;0,0
2023-06-30 22:00:00;1;2023;11,9;False;IPV936;3;101,7
2023-09-30 22:00:00;1;2023;5,3;False;IPV936;4;-55,5
2023-12-31 23:00:00;1;2024;11,5;False;IPV936;1;117,0
2024-03-31 22:00:00;1;2024;13,4;False;IPV936;2;16,5
2024-06-30 22:00:00;1;2024;13,8;False;IPV936;3;3,0
2024-09-30 22:00:00;1;2024;17,5;False;IPV936;4;26,8
2024-12-31 23:00:00;1;2025;15,3;False;IPV936;1;-12,6
2025-03-31 22:00:00;1;2025;15,8;False;IPV936;2;3,3
2025-06-30 22:00:00;1;2025;9,7;False;IPV936;3;-38,6
2025-09-30 22:00:00;1;2025;11,4;False;IPV936;4;17,5
2006-12-31 23:00:00;1;2007;4,3;False;IPV937;1;0,0
2007-03-31 22:00:00;1;2007;2,8;False;IPV937;2;-34,9
2007-06-30 22:00:00;1;2007;3,3;False;IPV937;3;17,9
2007-09-30 22:00:00;1;2007;3,5;False;IPV937;4;6,1
2007-12-31 23:00:00;1;2008;0,2;False;IPV937;1;-94,3
2008-03-31 22:00:00;1;2008;0,8;False;IPV937;2;300,0
2008-06-30 22:00:00;1;2008;2,3;False;IPV937;3;187,5
2008-09-30 22:00:00;1;2008;-1,2;False;IPV937;4;-152,2
2008-12-31 23:00:00;1;2009;0,1;False;IPV937;1;-108,3
2009-03-31 22:00:00;1;2009;-0,6;False;IPV937;2;-700,0
2009-06-30 22:00:00;1;2009;-0,5;False;IPV937;3;-16,7
2009-09-30 22:00:00;1;2009;-0,7;False;IPV937;4;40,0
2009-12-31 23:00:00;1;2010;-0,8;False;IPV937;1;14,3
2010-03-31 22:00:00;1;2010;1,9;False;IPV937;2;-337,5
2010-06-30 22:00:00;1;2010;-2,7;False;IPV937;3;-242,1
2010-09-30 22:00:00;1;2010;-0,6;False;IPV937;4;-77,8
2010-12-31 23:00:00;1;2011;-0,9;False;IPV937;1;50,0
2011-03-31 22:00:00;1;2011;-0,3;False;IPV937;2;-66,7
2011-06-30 22:00:00;1;2011;-1,8;False;IPV937;3;500,0
2011-09-30 22:00:00;1;2011;-2,3;False;IPV937;4;27,8
2011-12-31 23:00:00;1;2012;-3,6;False;IPV937;1;56,5
2012-03-31 22:00:00;1;2012;-3,7;False;IPV937;2;2,8
2012-06-30 22:00:00;1;2012;-1,2;False;IPV937;3;-67,6
2012-09-30 22:00:00;1;2012;-2,4;False;IPV937;4;100,0
2012-12-31 23:00:00;1;2013;-4,6;False;IPV937;1;91,7
2013-03-31 22:00:00;1;2013;-2,2;False;IPV937;2;-52,2
2013-06-30 22:00:00;1;2013;1,4;False;IPV937;3;-163,6
2013-09-30 22:00:00;1;2013;-0,3;False;IPV937;4;-121,4
2013-12-31 23:00:00;1;2014;0,3;False;IPV937;1;-200,0
2014-03-31 22:00:00;1;2014;1,0;False;IPV937;2;233,3
2014-06-30 22:00:00;1;2014;0,9;False;IPV937;3;-10,0
2014-09-30 22:00:00;1;2014;0,4;False;IPV937;4;-55,6
2014-12-31 23:00:00;1;2015;1,7;False;IPV937;1;325,0
2015-03-31 22:00:00;1;2015;3,2;False;IPV937;2;88,2
2015-06-30 22:00:00;1;2015;-0,3;False;IPV937;3;-109,4
2015-09-30 22:00:00;1;2015;1,8;False;IPV937;4;-700,0
2015-12-31 23:00:00;1;2016;2,8;False;IPV937;1;55,6
2016-03-31 22:00:00;1;2016;4,1;False;IPV937;2;46,4
2016-06-30 22:00:00;1;2016;-1,3;False;IPV937;3;-131,7
2016-09-30 22:00:00;1;2016;-0,8;False;IPV937;4;-38,5
2016-12-31 23:00:00;1;2017;2,2;False;IPV937;1;-375,0
2017-03-31 22:00:00;1;2017;1,9;False;IPV937;2;-13,6
2017-06-30 22:00:00;1;2017;1,2;False;IPV937;3;-36,8
2017-09-30 22:00:00;1;2017;0,2;False;IPV937;4;-83,3
2017-12-31 23:00:00;1;2018;0,9;False;IPV937;1;350,0
2018-03-31 22:00:00;1;2018;2,0;False;IPV937;2;122,2
2018-06-30 22:00:00;1;2018;3,4;False;IPV937;3;70,0
2018-09-30 22:00:00;1;2018;0,6;False;IPV937;4;-82,4
2018-12-31 23:00:00;1;2019;1,0;False;IPV937;1;66,7
2019-03-31 22:00:00;1;2019;2,6;False;IPV937;2;160,0
2019-06-30 22:00:00;1;2019;5,0;False;IPV937;3;92,3
2019-09-30 22:00:00;1;2019;-2,1;False;IPV937;4;-142,0
2019-12-31 23:00:00;1;2020;1,8;False;IPV937;1;-185,7
2020-03-31 22:00:00;1;2020;2,1;False;IPV937;2;16,7
2020-06-30 22:00:00;1;2020;4,0;False;IPV937;3;90,5
2020-09-30 22:00:00;1;2020;1,2;False;IPV937;4;-70,0
2020-12-31 23:00:00;1;2021;-1,2;False;IPV937;1;-200,0
2021-03-31 22:00:00;1;2021;1,5;False;IPV937;2;-225,0
2021-06-30 22:00:00;1;2021;5,4;False;IPV937;3;260,0
2021-09-30 22:00:00;1;2021;1,8;False;IPV937;4;-66,7
2021-12-31 23:00:00;1;2022;3,3;False;IPV937;1;83,3
2022-03-31 22:00:00;1;2022;0,4;False;IPV937;2;-87,9
2022-06-30 22:00:00;1;2022;0,9;False;IPV937;3;125,0
2022-09-30 22:00:00;1;2022;3,8;False;IPV937;4;322,2
2022-12-31 23:00:00;1;2023;0,7;False;IPV937;1;-81,6
2023-03-31 22:00:00;1;2023;0,4;False;IPV937;2;-42,9
2023-06-30 22:00:00;1;2023;6,7;False;IPV937;3;1575,0
2023-09-30 22:00:00;1;2023;-2,3;False;IPV937;4;-134,3
2023-12-31 23:00:00;1;2024;6,5;False;IPV937;1;-382,6
2024-03-31 22:00:00;1;2024;2,1;False;IPV937;2;-67,7
2024-06-30 22:00:00;1;2024;7,0;False;IPV937;3;233,3
2024-09-30 22:00:00;1;2024;0,9;False;IPV937;4;-87,1
2024-12-31 23:00:00;1;2025;4,6;False;IPV937;1;411,1
2025-03-31 22:00:00;1;2025;2,6;False;IPV937;2;-43,5
2025-06-30 22:00:00;1;2025;1,3;False;IPV937;3;-50,0
2025-09-30 22:00:00;1;2025;2,5;False;IPV937;4;92,3
2006-12-31 23:00:00;1;2007;4,0;False;IPV938;1;0,0
2007-03-31 22:00:00;1;2007;7,1;False;IPV938;2;77,5
2007-06-30 22:00:00;1;2007;9,6;False;IPV938;3;35,2
2007-09-30 22:00:00;1;2007;11,1;False;IPV938;4;15,6
2007-12-31 23:00:00;1;2008;0,0;False;IPV938;1;-100,0
2008-03-31 22:00:00;1;2008;-0,4;False;IPV938;2;-inf
2008-06-30 22:00:00;1;2008;-0,3;False;IPV938;3;-25,0
2008-09-30 22:00:00;1;2008;-2,9;False;IPV938;4;866,7
2008-12-31 23:00:00;1;2009;-1,0;False;IPV938;1;-65,5
2009-03-31 22:00:00;1;2009;-0,9;False;IPV938;2;-10,0
2009-06-30 22:00:00;1;2009;-1,5;False;IPV938;3;66,7
2009-09-30 22:00:00;1;2009;-1,7;False;IPV938;4;13,3
2009-12-31 23:00:00;1;2010;-0,9;False;IPV938;1;-47,1
2010-03-31 22:00:00;1;2010;0,4;False;IPV938;2;-144,4
2010-06-30 22:00:00;1;2010;-1,9;False;IPV938;3;-575,0
2010-09-30 22:00:00;1;2010;-2,1;False;IPV938;4;10,5
2010-12-31 23:00:00;1;2011;-3,1;False;IPV938;1;47,6
2011-03-31 22:00:00;1;2011;-3,2;False;IPV938;2;3,2
2011-06-30 22:00:00;1;2011;-5,5;False;IPV938;3;71,9
2011-09-30 22:00:00;1;2011;-8,4;False;IPV938;4;52,7
2011-12-31 23:00:00;1;2012;-4,6;False;IPV938;1;-45,2
2012-03-31 22:00:00;1;2012;-8,2;False;IPV938;2;78,3
2012-06-30 22:00:00;1;2012;-10,0;False;IPV938;3;22,0
2012-09-30 22:00:00;1;2012;-11,5;False;IPV938;4;15,0
2012-12-31 23:00:00;1;2013;-5,4;False;IPV938;1;-53,0
2013-03-31 22:00:00;1;2013;-6,1;False;IPV938;2;13,0
2013-06-30 22:00:00;1;2013;-5,3;False;IPV938;3;-13,1
2013-09-30 22:00:00;1;2013;-6,3;False;IPV938;4;18,9
2013-12-31 23:00:00;1;2014;-0,9;False;IPV938;1;-85,7
2014-03-31 22:00:00;1;2014;0,9;False;IPV938;2;-200,0
2014-06-30 22:00:00;1;2014;1,1;False;IPV938;3;22,2
2014-09-30 22:00:00;1;2014;1,8;False;IPV938;4;63,6
2014-12-31 23:00:00;1;2015;-1,5;False;IPV938;1;-183,3
2015-03-31 22:00:00;1;2015;2,6;False;IPV938;2;-273,3
2015-06-30 22:00:00;1;2015;3,7;False;IPV938;3;42,3
2015-09-30 22:00:00;1;2015;3,0;False;IPV938;4;-18,9
2015-12-31 23:00:00;1;2016;0,9;False;IPV938;1;-70,0
2016-03-31 22:00:00;1;2016;2,1;False;IPV938;2;133,3
2016-06-30 22:00:00;1;2016;2,1;False;IPV938;3;0,0
2016-09-30 22:00:00;1;2016;2,1;False;IPV938;4;0,0
2016-12-31 23:00:00;1;2017;0,9;False;IPV938;1;-57,1
2017-03-31 22:00:00;1;2017;2,5;False;IPV938;2;177,8
2017-06-30 22:00:00;1;2017;3,7;False;IPV938;3;48,0
2017-09-30 22:00:00;1;2017;4,5;False;IPV938;4;21,6
2017-12-31 23:00:00;1;2018;0,5;False;IPV938;1;-88,9
2018-03-31 22:00:00;1;2018;2,7;False;IPV938;2;440,0
2018-06-30 22:00:00;1;2018;4,6;False;IPV938;3;70,4
2018-09-30 22:00:00;1;2018;5,6;False;IPV938;4;21,7
2018-12-31 23:00:00;1;2019;0,8;False;IPV938;1;-85,7
2019-03-31 22:00:00;1;2019;2,6;False;IPV938;2;225,0
2019-06-30 22:00:00;1;2019;4,8;False;IPV938;3;84,6
2019-09-30 22:00:00;1;2019;4,1;False;IPV938;4;-14,6
2019-12-31 23:00:00;1;2020;0,7;False;IPV938;1;-82,9
2020-03-31 22:00:00;1;2020;0,9;False;IPV938;2;28,6
2020-06-30 22:00:00;1;2020;1,9;False;IPV938;3;111,1
2020-09-30 22:00:00;1;2020;1,7;False;IPV938;4;-10,5
2020-12-31 23:00:00;1;2021;-0,2;False;IPV938;1;-111,8
2021-03-31 22:00:00;1;2021;2,8;False;IPV938;2;-1500,0
2021-06-30 22:00:00;1;2021;6,3;False;IPV938;3;125,0
2021-09-30 22:00:00;1;2021;8,0;False;IPV938;4;27,0
2021-12-31 23:00:00;1;2022;2,4;False;IPV938;1;-70,0
2022-03-31 22:00:00;1;2022;4,9;False;IPV938;2;104,2
2022-06-30 22:00:00;1;2022;6,6;False;IPV938;3;34,7
2022-09-30 22:00:00;1;2022;6,5;False;IPV938;4;-1,5
2022-12-31 23:00:00;1;2023;0,2;False;IPV938;1;-96,9
2023-03-31 22:00:00;1;2023;2,9;False;IPV938;2;1350,0
2023-06-30 22:00:00;1;2023;5,9;False;IPV938;3;103,4
2023-09-30 22:00:00;1;2023;5,3;False;IPV938;4;-10,2
2023-12-31 23:00:00;1;2024;2,7;False;IPV938;1;-49,1
2024-03-31 22:00:00;1;2024;7,1;False;IPV938;2;163,0
2024-06-30 22:00:00;1;2024;11,2;False;IPV938;3;57,7
2024-09-30 22:00:00;1;2024;13,4;False;IPV938;4;19,6
2024-12-31 23:00:00;1;2025;3,3;False;IPV938;1;-75,4
2025-03-31 22:00:00;1;2025;7,3;False;IPV938;2;121,2
2025-06-30 22:00:00;1;2025;10,2;False;IPV938;3;39,7
2025-09-30 22:00:00;1;2025;12,4;False;IPV938;4;21,6
2006-12-31 23:00:00;1;2007;15,5;False;IPV939;1;0,0
2007-03-31 22:00:00;1;2007;12,8;False;IPV939;2;-17,4
2007-06-30 22:00:00;1;2007;11,6;False;IPV939;3;-9,4
2007-09-30 22:00:00;1;2007;11,1;False;IPV939;4;-4,3
2007-12-31 23:00:00;1;2008;6,8;False;IPV939;1;-38,7
2008-03-31 22:00:00;1;2008;3,3;False;IPV939;2;-51,5
2008-06-30 22:00:00;1;2008;1,1;False;IPV939;3;-66,7
2008-09-30 22:00:00;1;2008;-2,9;False;IPV939;4;-363,6
2008-12-31 23:00:00;1;2009;-3,9;False;IPV939;1;34,5
2009-03-31 22:00:00;1;2009;-3,3;False;IPV939;2;-15,4
2009-06-30 22:00:00;1;2009;-4,0;False;IPV939;3;21,2
2009-09-30 22:00:00;1;2009;-1,7;False;IPV939;4;-57,5
2009-12-31 23:00:00;1;2010;-1,6;False;IPV939;1;-5,9
2010-03-31 22:00:00;1;2010;-0,4;False;IPV939;2;-75,0
2010-06-30 22:00:00;1;2010;-2,2;False;IPV939;3;450,0
2010-09-30 22:00:00;1;2010;-2,1;False;IPV939;4;-4,5
2010-12-31 23:00:00;1;2011;-4,3;False;IPV939;1;104,8
2011-03-31 22:00:00;1;2011;-5,6;False;IPV939;2;30,2
2011-06-30 22:00:00;1;2011;-5,7;False;IPV939;3;1,8
2011-09-30 22:00:00;1;2011;-8,4;False;IPV939;4;47,4
2011-12-31 23:00:00;1;2012;-9,8;False;IPV939;1;16,7
2012-03-31 22:00:00;1;2012;-13,1;False;IPV939;2;33,7
2012-06-30 22:00:00;1;2012;-12,8;False;IPV939;3;-2,3
2012-09-30 22:00:00;1;2012;-11,5;False;IPV939;4;-10,2
2012-12-31 23:00:00;1;2013;-12,2;False;IPV939;1;6,1
2013-03-31 22:00:00;1;2013;-9,5;False;IPV939;2;-22,1
2013-06-30 22:00:00;1;2013;-6,9;False;IPV939;3;-27,4
2013-09-30 22:00:00;1;2013;-6,3;False;IPV939;4;-8,7
2013-12-31 23:00:00;1;2014;-1,8;False;IPV939;1;-71,4
2014-03-31 22:00:00;1;2014;0,7;False;IPV939;2;-138,9
2014-06-30 22:00:00;1;2014;0,0;False;IPV939;3;-100,0
2014-09-30 22:00:00;1;2014;1,8;False;IPV939;4;inf
2014-12-31 23:00:00;1;2015;1,2;False;IPV939;1;-33,3
2015-03-31 22:00:00;1;2015;3,5;False;IPV939;2;191,7
2015-06-30 22:00:00;1;2015;4,4;False;IPV939;3;25,7
2015-09-30 22:00:00;1;2015;3,0;False;IPV939;4;-31,8
2015-12-31 23:00:00;1;2016;5,5;False;IPV939;1;83,3
2016-03-31 22:00:00;1;2016;2,6;False;IPV939;2;-52,7
2016-06-30 22:00:00;1;2016;1,4;False;IPV939;3;-46,2
2016-09-30 22:00:00;1;2016;2,1;False;IPV939;4;50,0
2016-12-31 23:00:00;1;2017;2,1;False;IPV939;1;0,0
2017-03-31 22:00:00;1;2017;2,4;False;IPV939;2;14,3
2017-06-30 22:00:00;1;2017;3,7;False;IPV939;3;54,2
2017-09-30 22:00:00;1;2017;4,5;False;IPV939;4;21,6
2017-12-31 23:00:00;1;2018;4,1;False;IPV939;1;-8,9
2018-03-31 22:00:00;1;2018;4,8;False;IPV939;2;17,1
2018-06-30 22:00:00;1;2018;5,4;False;IPV939;3;12,5
2018-09-30 22:00:00;1;2018;5,6;False;IPV939;4;3,7
2018-12-31 23:00:00;1;2019;5,9;False;IPV939;1;5,4
2019-03-31 22:00:00;1;2019;5,6;False;IPV939;2;-5,1
2019-06-30 22:00:00;1;2019;5,9;False;IPV939;3;5,4
2019-09-30 22:00:00;1;2019;4,1;False;IPV939;4;-30,5
2019-12-31 23:00:00;1;2020;4,1;False;IPV939;1;0,0
2020-03-31 22:00:00;1;2020;2,4;False;IPV939;2;-41,5
2020-06-30 22:00:00;1;2020;1,2;False;IPV939;3;-50,0
2020-09-30 22:00:00;1;2020;1,7;False;IPV939;4;41,7
2020-12-31 23:00:00;1;2021;0,7;False;IPV939;1;-58,8
2021-03-31 22:00:00;1;2021;3,6;False;IPV939;2;414,3
2021-06-30 22:00:00;1;2021;6,0;False;IPV939;3;66,7
2021-09-30 22:00:00;1;2021;8,0;False;IPV939;4;33,3
2021-12-31 23:00:00;1;2022;10,9;False;IPV939;1;36,3
2022-03-31 22:00:00;1;2022;10,2;False;IPV939;2;-6,4
2022-06-30 22:00:00;1;2022;8,3;False;IPV939;3;-18,6
2022-09-30 22:00:00;1;2022;6,5;False;IPV939;4;-21,7
2022-12-31 23:00:00;1;2023;4,2;False;IPV939;1;-35,4
2023-03-31 22:00:00;1;2023;4,5;False;IPV939;2;7,1
2023-06-30 22:00:00;1;2023;5,8;False;IPV939;3;28,9
2023-09-30 22:00:00;1;2023;5,3;False;IPV939;4;-8,6
2023-12-31 23:00:00;1;2024;7,9;False;IPV939;1;49,1
2024-03-31 22:00:00;1;2024;9,5;False;IPV939;2;20,3
2024-06-30 22:00:00;1;2024;10,6;False;IPV939;3;11,6
2024-09-30 22:00:00;1;2024;13,4;False;IPV939;4;26,4
2024-12-31 23:00:00;1;2025;14,0;False;IPV939;1;4,5
2025-03-31 22:00:00;1;2025;13,6;False;IPV939;2;-2,9
2025-06-30 22:00:00;1;2025;12,4;False;IPV939;3;-8,8
2025-09-30 22:00:00;1;2025;12,4;False;IPV939;4;0,0
2006-12-31 23:00:00;1;2007;4,0;False;IPV940;1;0,0
2007-03-31 22:00:00;1;2007;3,0;False;IPV940;2;-25,0
2007-06-30 22:00:00;1;2007;2,3;False;IPV940;3;-23,3
2007-09-30 22:00:00;1;2007;1,4;False;IPV940;4;-39,1
2007-12-31 23:00:00;1;2008;0,0;False;IPV940;1;-100,0
2008-03-31 22:00:00;1;2008;-0,4;False;IPV940;2;-inf
2008-06-30 22:00:00;1;2008;0,1;False;IPV940;3;-125,0
2008-09-30 22:00:00;1;2008;-2,6;False;IPV940;4;-2700,0
2008-12-31 23:00:00;1;2009;-1,0;False;IPV940;1;-61,5
2009-03-31 22:00:00;1;2009;0,1;False;IPV940;2;-110,0
2009-06-30 22:00:00;1;2009;-0,6;False;IPV940;3;-700,0
2009-09-30 22:00:00;1;2009;-0,3;False;IPV940;4;-50,0
2009-12-31 23:00:00;1;2010;-0,9;False;IPV940;1;200,0
2010-03-31 22:00:00;1;2010;1,4;False;IPV940;2;-255,6
2010-06-30 22:00:00;1;2010;-2,3;False;IPV940;3;-264,3
2010-09-30 22:00:00;1;2010;-0,2;False;IPV940;4;-91,3
2010-12-31 23:00:00;1;2011;-3,1;False;IPV940;1;1450,0
2011-03-31 22:00:00;1;2011;0,0;False;IPV940;2;-100,0
2011-06-30 22:00:00;1;2011;-2,4;False;IPV940;3;-inf
2011-09-30 22:00:00;1;2011;-3,1;False;IPV940;4;29,2
2011-12-31 23:00:00;1;2012;-4,6;False;IPV940;1;48,4
2012-03-31 22:00:00;1;2012;-3,7;False;IPV940;2;-19,6
2012-06-30 22:00:00;1;2012;-2,0;False;IPV940;3;-45,9
2012-09-30 22:00:00;1;2012;-1,7;False;IPV940;4;-15,0
2012-12-31 23:00:00;1;2013;-5,4;False;IPV940;1;217,6
2013-03-31 22:00:00;1;2013;-0,8;False;IPV940;2;-85,2
2013-06-30 22:00:00;1;2013;0,9;False;IPV940;3;-212,5
2013-09-30 22:00:00;1;2013;-1,1;False;IPV940;4;-222,2
2013-12-31 23:00:00;1;2014;-0,9;False;IPV940;1;-18,2
2014-03-31 22:00:00;1;2014;1,8;False;IPV940;2;-300,0
2014-06-30 22:00:00;1;2014;0,3;False;IPV940;3;-83,3
2014-09-30 22:00:00;1;2014;0,6;False;IPV940;4;100,0
2014-12-31 23:00:00;1;2015;-1,5;False;IPV940;1;-350,0
2015-03-31 22:00:00;1;2015;4,1;False;IPV940;2;-373,3
2015-06-30 22:00:00;1;2015;1,1;False;IPV940;3;-73,2
2015-09-30 22:00:00;1;2015;-0,7;False;IPV940;4;-163,6
2015-12-31 23:00:00;1;2016;0,9;False;IPV940;1;-228,6
2016-03-31 22:00:00;1;2016;1,3;False;IPV940;2;44,4
2016-06-30 22:00:00;1;2016;-0,1;False;IPV940;3;-107,7
2016-09-30 22:00:00;1;2016;0,0;False;IPV940;4;-100,0
2016-12-31 23:00:00;1;2017;0,9;False;IPV940;1;inf
2017-03-31 22:00:00;1;2017;1,6;False;IPV940;2;77,8
2017-06-30 22:00:00;1;2017;1,2;False;IPV940;3;-25,0
2017-09-30 22:00:00;1;2017;0,8;False;IPV940;4;-33,3
2017-12-31 23:00:00;1;2018;0,5;False;IPV940;1;-37,5
2018-03-31 22:00:00;1;2018;2,2;False;IPV940;2;340,0
2018-06-30 22:00:00;1;2018;1,8;False;IPV940;3;-18,2
2018-09-30 22:00:00;1;2018;1,0;False;IPV940;4;-44,4
2018-12-31 23:00:00;1;2019;0,8;False;IPV940;1;-20,0
2019-03-31 22:00:00;1;2019;1,9;False;IPV940;2;137,5
2019-06-30 22:00:00;1;2019;2,1;False;IPV940;3;10,5
2019-09-30 22:00:00;1;2019;-0,7;False;IPV940;4;-133,3
2019-12-31 23:00:00;1;2020;0,7;False;IPV940;1;-200,0
2020-03-31 22:00:00;1;2020;0,1;False;IPV940;2;-85,7
2020-06-30 22:00:00;1;2020;1,0;False;IPV940;3;900,0
2020-09-30 22:00:00;1;2020;-0,2;False;IPV940;4;-120,0
2020-12-31 23:00:00;1;2021;-0,2;False;IPV940;1;0,0
2021-03-31 22:00:00;1;2021;3,0;False;IPV940;2;-1600,0
2021-06-30 22:00:00;1;2021;3,4;False;IPV940;3;13,3
2021-09-30 22:00:00;1;2021;1,6;False;IPV940;4;-52,9
2021-12-31 23:00:00;1;2022;2,4;False;IPV940;1;50,0
2022-03-31 22:00:00;1;2022;2,4;False;IPV940;2;0,0
2022-06-30 22:00:00;1;2022;1,6;False;IPV940;3;-33,3
2022-09-30 22:00:00;1;2022;-0,1;False;IPV940;4;-106,2
2022-12-31 23:00:00;1;2023;0,2;False;IPV940;1;-300,0
2023-03-31 22:00:00;1;2023;2,7;False;IPV940;2;1250,0
2023-06-30 22:00:00;1;2023;2,9;False;IPV940;3;7,4
2023-09-30 22:00:00;1;2023;-0,6;False;IPV940;4;-120,7
2023-12-31 23:00:00;1;2024;2,7;False;IPV940;1;-550,0
2024-03-31 22:00:00;1;2024;4,3;False;IPV940;2;59,3
2024-06-30 22:00:00;1;2024;3,8;False;IPV940;3;-11,6
2024-09-30 22:00:00;1;2024;2,0;False;IPV940;4;-47,4
2024-12-31 23:00:00;1;2025;3,3;False;IPV940;1;65,0
2025-03-31 22:00:00;1;2025;3,9;False;IPV940;2;18,2
2025-06-30 22:00:00;1;2025;2,7;False;IPV940;3;-30,8
2025-09-30 22:00:00;1;2025;1,9;False;IPV940;4;-29,6
2006-12-31 23:00:00;1;2007;2,0;False;IPV941;1;0,0
2007-03-31 22:00:00;1;2007;4,8;False;IPV941;2;140,0
2007-06-30 22:00:00;1;2007;5,1;False;IPV941;3;6,2
2007-09-30 22:00:00;1;2007;2,4;False;IPV941;4;-52,9
2007-12-31 23:00:00;1;2008;-1,0;False;IPV941;1;-141,7
2008-03-31 22:00:00;1;2008;-2,7;False;IPV941;2;170,0
2008-06-30 22:00:00;1;2008;-6,2;False;IPV941;3;129,6
2008-09-30 22:00:00;1;2008;-10,7;False;IPV941;4;72,6
2008-12-31 23:00:00;1;2009;-3,0;False;IPV941;1;-72,0
2009-03-31 22:00:00;1;2009;-3,2;False;IPV941;2;6,7
2009-06-30 22:00:00;1;2009;-3,6;False;IPV941;3;12,5
2009-09-30 22:00:00;1;2009;-3,5;False;IPV941;4;-2,8
2009-12-31 23:00:00;1;2010;-0,9;False;IPV941;1;-74,3
2010-03-31 22:00:00;1;2010;0,3;False;IPV941;2;-133,3
2010-06-30 22:00:00;1;2010;-1,9;False;IPV941;3;-733,3
2010-09-30 22:00:00;1;2010;-1,6;False;IPV941;4;-15,8
2010-12-31 23:00:00;1;2011;-5,6;False;IPV941;1;250,0
2011-03-31 22:00:00;1;2011;-6,4;False;IPV941;2;14,3
2011-06-30 22:00:00;1;2011;-9,8;False;IPV941;3;53,1
2011-09-30 22:00:00;1;2011;-13,7;False;IPV941;4;39,8
2011-12-31 23:00:00;1;2012;-5,1;False;IPV941;1;-62,8
2012-03-31 22:00:00;1;2012;-8,6;False;IPV941;2;68,6
2012-06-30 22:00:00;1;2012;-12,6;False;IPV941;3;46,5
2012-09-30 22:00:00;1;2012;-14,0;False;IPV941;4;11,1
2012-12-31 23:00:00;1;2013;-6,5;False;IPV941;1;-53,6
2013-03-31 22:00:00;1;2013;-6,6;False;IPV941;2;1,5
2013-06-30 22:00:00;1;2013;-6,5;False;IPV941;3;-1,5
2013-09-30 22:00:00;1;2013;-7,7;False;IPV941;4;18,5
2013-12-31 23:00:00;1;2014;-0,4;False;IPV941;1;-94,8
2014-03-31 22:00:00;1;2014;1,5;False;IPV941;2;-475,0
2014-06-30 22:00:00;1;2014;1,5;False;IPV941;3;0,0
2014-09-30 22:00:00;1;2014;1,7;False;IPV941;4;13,3
2014-12-31 23:00:00;1;2015;-1,0;False;IPV941;1;-158,8
2015-03-31 22:00:00;1;2015;3,6;False;IPV941;2;-460,0
2015-06-30 22:00:00;1;2015;4,3;False;IPV941;3;19,4
2015-09-30 22:00:00;1;2015;4,0;False;IPV941;4;-7,0
2015-12-31 23:00:00;1;2016;1,3;False;IPV941;1;-67,5
2016-03-31 22:00:00;1;2016;2,8;False;IPV941;2;115,4
2016-06-30 22:00:00;1;2016;3,8;False;IPV941;3;35,7
2016-09-30 22:00:00;1;2016;4,5;False;IPV941;4;18,4
2016-12-31 23:00:00;1;2017;2,1;False;IPV941;1;-53,3
2017-03-31 22:00:00;1;2017;4,0;False;IPV941;2;90,5
2017-06-30 22:00:00;1;2017;6,0;False;IPV941;3;50,0
2017-09-30 22:00:00;1;2017;7,2;False;IPV941;4;20,0
2017-12-31 23:00:00;1;2018;1,3;False;IPV941;1;-81,9
2018-03-31 22:00:00;1;2018;3,9;False;IPV941;2;200,0
2018-06-30 22:00:00;1;2018;6,1;False;IPV941;3;56,4
2018-09-30 22:00:00;1;2018;6,4;False;IPV941;4;4,9
2018-12-31 23:00:00;1;2019;1,1;False;IPV941;1;-82,8
2019-03-31 22:00:00;1;2019;2,5;False;IPV941;2;127,3
2019-06-30 22:00:00;1;2019;4,1;False;IPV941;3;64,0
2019-09-30 22:00:00;1;2019;3,4;False;IPV941;4;-17,1
2019-12-31 23:00:00;1;2020;0,4;False;IPV941;1;-88,2
2020-03-31 22:00:00;1;2020;0,9;False;IPV941;2;125,0
2020-06-30 22:00:00;1;2020;1,5;False;IPV941;3;66,7
2020-09-30 22:00:00;1;2020;0,4;False;IPV941;4;-73,3
2020-12-31 23:00:00;1;2021;0,7;False;IPV941;1;75,0
2021-03-31 22:00:00;1;2021;3,4;False;IPV941;2;385,7
2021-06-30 22:00:00;1;2021;5,4;False;IPV941;3;58,8
2021-09-30 22:00:00;1;2021;6,4;False;IPV941;4;18,5
2021-12-31 23:00:00;1;2022;2,4;False;IPV941;1;-62,5
2022-03-31 22:00:00;1;2022;4,8;False;IPV941;2;100,0
2022-06-30 22:00:00;1;2022;6,8;False;IPV941;3;41,7
2022-09-30 22:00:00;1;2022;5,3;False;IPV941;4;-22,1
2022-12-31 23:00:00;1;2023;0,2;False;IPV941;1;-96,2
2023-03-31 22:00:00;1;2023;2,4;False;IPV941;2;1100,0
2023-06-30 22:00:00;1;2023;4,7;False;IPV941;3;95,8
2023-09-30 22:00:00;1;2023;3,6;False;IPV941;4;-23,4
2023-12-31 23:00:00;1;2024;2,2;False;IPV941;1;-38,9
2024-03-31 22:00:00;1;2024;6,0;False;IPV941;2;172,7
2024-06-30 22:00:00;1;2024;9,0;False;IPV941;3;50,0
2024-09-30 22:00:00;1;2024;11,1;False;IPV941;4;23,3
2024-12-31 23:00:00;1;2025;3,2;False;IPV941;1;-71,2
2025-03-31 22:00:00;1;2025;7,6;False;IPV941;2;137,5
2025-06-30 22:00:00;1;2025;11,2;False;IPV941;3;47,4
2025-09-30 22:00:00;1;2025;13,1;False;IPV941;4;17,0
2006-12-31 23:00:00;1;2007;13,0;False;IPV942;1;0,0
2007-03-31 22:00:00;1;2007;10,3;False;IPV942;2;-20,8
2007-06-30 22:00:00;1;2007;7,5;False;IPV942;3;-27,2
2007-09-30 22:00:00;1;2007;2,4;False;IPV942;4;-68,0
2007-12-31 23:00:00;1;2008;-0,7;False;IPV942;1;-129,2
2008-03-31 22:00:00;1;2008;-4,9;False;IPV942;2;600,0
2008-06-30 22:00:00;1;2008;-8,6;False;IPV942;3;75,5
2008-09-30 22:00:00;1;2008;-10,7;False;IPV942;4;24,4
2008-12-31 23:00:00;1;2009;-12,5;False;IPV942;1;16,8
2009-03-31 22:00:00;1;2009;-11,2;False;IPV942;2;-10,4
2009-06-30 22:00:00;1;2009;-8,3;False;IPV942;3;-25,9
2009-09-30 22:00:00;1;2009;-3,5;False;IPV942;4;-57,8
2009-12-31 23:00:00;1;2010;-1,4;False;IPV942;1;-60,0
2010-03-31 22:00:00;1;2010;0,0;False;IPV942;2;-100,0
2010-06-30 22:00:00;1;2010;-1,8;False;IPV942;3;-inf
2010-09-30 22:00:00;1;2010;-1,6;False;IPV942;4;-11,1
2010-12-31 23:00:00;1;2011;-6,3;False;IPV942;1;293,7
2011-03-31 22:00:00;1;2011;-8,3;False;IPV942;2;31,7
2011-06-30 22:00:00;1;2011;-9,6;False;IPV942;3;15,7
2011-09-30 22:00:00;1;2011;-13,7;False;IPV942;4;42,7
2011-12-31 23:00:00;1;2012;-13,3;False;IPV942;1;-2,9
2012-03-31 22:00:00;1;2012;-15,7;False;IPV942;2;18,0
2012-06-30 22:00:00;1;2012;-16,4;False;IPV942;3;4,5
2012-09-30 22:00:00;1;2012;-14,0;False;IPV942;4;-14,6
2012-12-31 23:00:00;1;2013;-15,3;False;IPV942;1;9,3
2013-03-31 22:00:00;1;2013;-12,1;False;IPV942;2;-20,9
2013-06-30 22:00:00;1;2013;-8,0;False;IPV942;3;-33,9
2013-09-30 22:00:00;1;2013;-7,7;False;IPV942;4;-3,7
2013-12-31 23:00:00;1;2014;-1,7;False;IPV942;1;-77,9
2014-03-31 22:00:00;1;2014;0,2;False;IPV942;2;-111,8
2014-06-30 22:00:00;1;2014;0,1;False;IPV942;3;-50,0
2014-09-30 22:00:00;1;2014;1,7;False;IPV942;4;1600,0
2014-12-31 23:00:00;1;2015;1,1;False;IPV942;1;-35,3
2015-03-31 22:00:00;1;2015;3,8;False;IPV942;2;245,5
2015-06-30 22:00:00;1;2015;4,5;False;IPV942;3;18,4
2015-09-30 22:00:00;1;2015;4,0;False;IPV942;4;-11,1
2015-12-31 23:00:00;1;2016;6,4;False;IPV942;1;60,0
2016-03-31 22:00:00;1;2016;3,2;False;IPV942;2;-50,0
2016-06-30 22:00:00;1;2016;3,5;False;IPV942;3;9,4
2016-09-30 22:00:00;1;2016;4,5;False;IPV942;4;28,6
2016-12-31 23:00:00;1;2017;5,3;False;IPV942;1;17,8
2017-03-31 22:00:00;1;2017;5,8;False;IPV942;2;9,4
2017-06-30 22:00:00;1;2017;6,7;False;IPV942;3;15,5
2017-09-30 22:00:00;1;2017;7,2;False;IPV942;4;7,5
2017-12-31 23:00:00;1;2018;6,3;False;IPV942;1;-12,5
2018-03-31 22:00:00;1;2018;7,0;False;IPV942;2;11,1
2018-06-30 22:00:00;1;2018;7,3;False;IPV942;3;4,3
2018-09-30 22:00:00;1;2018;6,4;False;IPV942;4;-12,3
2018-12-31 23:00:00;1;2019;6,2;False;IPV942;1;-3,1
2019-03-31 22:00:00;1;2019;5,0;False;IPV942;2;-19,4
2019-06-30 22:00:00;1;2019;4,4;False;IPV942;3;-12,0
2019-09-30 22:00:00;1;2019;3,4;False;IPV942;4;-22,7
2019-12-31 23:00:00;1;2020;2,7;False;IPV942;1;-20,6
2020-03-31 22:00:00;1;2020;1,8;False;IPV942;2;-33,3
2020-06-30 22:00:00;1;2020;0,8;False;IPV942;3;-55,6
2020-09-30 22:00:00;1;2020;0,4;False;IPV942;4;-50,0
2020-12-31 23:00:00;1;2021;0,7;False;IPV942;1;75,0
2021-03-31 22:00:00;1;2021;2,9;False;IPV942;2;314,3
2021-06-30 22:00:00;1;2021;4,3;False;IPV942;3;48,3
2021-09-30 22:00:00;1;2021;6,4;False;IPV942;4;48,8
2021-12-31 23:00:00;1;2022;8,2;False;IPV942;1;28,1
2022-03-31 22:00:00;1;2022;7,9;False;IPV942;2;-3,7
2022-06-30 22:00:00;1;2022;7,8;False;IPV942;3;-1,3
2022-09-30 22:00:00;1;2022;5,3;False;IPV942;4;-32,1
2022-12-31 23:00:00;1;2023;3,0;False;IPV942;1;-43,4
2023-03-31 22:00:00;1;2023;2,9;False;IPV942;2;-3,3
2023-06-30 22:00:00;1;2023;3,2;False;IPV942;3;10,3
2023-09-30 22:00:00;1;2023;3,6;False;IPV942;4;12,5
2023-12-31 23:00:00;1;2024;5,7;False;IPV942;1;58,3
2024-03-31 22:00:00;1;2024;7,3;False;IPV942;2;28,1
2024-06-30 22:00:00;1;2024;7,9;False;IPV942;3;8,2
2024-09-30 22:00:00;1;2024;11,1;False;IPV942;4;40,5
2024-12-31 23:00:00;1;2025;12,3;False;IPV942;1;10,8
2025-03-31 22:00:00;1;2025;12,8;False;IPV942;2;4,1
2025-06-30 22:00:00;1;2025;13,4;False;IPV942;3;4,7
2025-09-30 22:00:00;1;2025;13,1;False;IPV942;4;-2,2
2006-12-31 23:00:00;1;2007;2,0;False;IPV943;1;0,0
2007-03-31 22:00:00;1;2007;2,7;False;IPV943;2;35,0
2007-06-30 22:00:00;1;2007;0,2;False;IPV943;3;-92,6
2007-09-30 22:00:00;1;2007;-2,5;False;IPV943;4;-1350,0
2007-12-31 23:00:00;1;2008;-1,0;False;IPV943;1;-60,0
2008-03-31 22:00:00;1;2008;-1,7;False;IPV943;2;70,0
2008-06-30 22:00:00;1;2008;-3,6;False;IPV943;3;111,8
2008-09-30 22:00:00;1;2008;-4,8;False;IPV943;4;33,3
2008-12-31 23:00:00;1;2009;-3,0;False;IPV943;1;-37,5
2009-03-31 22:00:00;1;2009;-0,1;False;IPV943;2;-96,7
2009-06-30 22:00:00;1;2009;-0,5;False;IPV943;3;400,0
2009-09-30 22:00:00;1;2009;0,1;False;IPV943;4;-120,0
2009-12-31 23:00:00;1;2010;-0,9;False;IPV943;1;-1000,0
2010-03-31 22:00:00;1;2010;1,2;False;IPV943;2;-233,3
2010-06-30 22:00:00;1;2010;-2,2;False;IPV943;3;-283,3
2010-09-30 22:00:00;1;2010;0,3;False;IPV943;4;-113,6
2010-12-31 23:00:00;1;2011;-5,6;False;IPV943;1;-1966,7
2011-03-31 22:00:00;1;2011;-0,9;False;IPV943;2;-83,9
2011-06-30 22:00:00;1;2011;-3,6;False;IPV943;3;300,0
2011-09-30 22:00:00;1;2011;-4,3;False;IPV943;4;19,4
2011-12-31 23:00:00;1;2012;-5,1;False;IPV943;1;18,6
2012-03-31 22:00:00;1;2012;-3,7;False;IPV943;2;-27,5
2012-06-30 22:00:00;1;2012;-4,4;False;IPV943;3;18,9
2012-09-30 22:00:00;1;2012;-1,6;False;IPV943;4;-63,6
2012-12-31 23:00:00;1;2013;-6,5;False;IPV943;1;306,2
2013-03-31 22:00:00;1;2013;-0,1;False;IPV943;2;-98,5
2013-06-30 22:00:00;1;2013;0,1;False;IPV943;3;-200,0
2013-09-30 22:00:00;1;2013;-1,3;False;IPV943;4;-1400,0
2013-12-31 23:00:00;1;2014;-0,4;False;IPV943;1;-69,2
2014-03-31 22:00:00;1;2014;1,9;False;IPV943;2;-575,0
2014-06-30 22:00:00;1;2014;0,0;False;IPV943;3;-100,0
2014-09-30 22:00:00;1;2014;0,3;False;IPV943;4;inf
2014-12-31 23:00:00;1;2015;-1,0;False;IPV943;1;-433,3
2015-03-31 22:00:00;1;2015;4,6;False;IPV943;2;-560,0
2015-06-30 22:00:00;1;2015;0,7;False;IPV943;3;-84,8
2015-09-30 22:00:00;1;2015;-0,3;False;IPV943;4;-142,9
2015-12-31 23:00:00;1;2016;1,3;False;IPV943;1;-533,3
2016-03-31 22:00:00;1;2016;1,5;False;IPV943;2;15,4
2016-06-30 22:00:00;1;2016;1,0;False;IPV943;3;-33,3
2016-09-30 22:00:00;1;2016;0,7;False;IPV943;4;-30,0
2016-12-31 23:00:00;1;2017;2,1;False;IPV943;1;200,0
2017-03-31 22:00:00;1;2017;1,9;False;IPV943;2;-9,5
2017-06-30 22:00:00;1;2017;1,9;False;IPV943;3;0,0
2017-09-30 22:00:00;1;2017;1,1;False;IPV943;4;-42,1
2017-12-31 23:00:00;1;2018;1,3;False;IPV943;1;18,2
2018-03-31 22:00:00;1;2018;2,6;False;IPV943;2;100,0
2018-06-30 22:00:00;1;2018;2,2;False;IPV943;3;-15,4
2018-09-30 22:00:00;1;2018;0,3;False;IPV943;4;-86,4
2018-12-31 23:00:00;1;2019;1,1;False;IPV943;1;266,7
2019-03-31 22:00:00;1;2019;1,4;False;IPV943;2;27,3
2019-06-30 22:00:00;1;2019;1,6;False;IPV943;3;14,3
2019-09-30 22:00:00;1;2019;-0,7;False;IPV943;4;-143,8
2019-12-31 23:00:00;1;2020;0,4;False;IPV943;1;-157,1
2020-03-31 22:00:00;1;2020;0,5;False;IPV943;2;25,0
2020-06-30 22:00:00;1;2020;0,6;False;IPV943;3;20,0
2020-09-30 22:00:00;1;2020;-1,1;False;IPV943;4;-283,3
2020-12-31 23:00:00;1;2021;0,7;False;IPV943;1;-163,6
2021-03-31 22:00:00;1;2021;2,7;False;IPV943;2;285,7
2021-06-30 22:00:00;1;2021;1,9;False;IPV943;3;-29,6
2021-09-30 22:00:00;1;2021;1,0;False;IPV943;4;-47,4
2021-12-31 23:00:00;1;2022;2,4;False;IPV943;1;140,0
2022-03-31 22:00:00;1;2022;2,3;False;IPV943;2;-4,2
2022-06-30 22:00:00;1;2022;1,9;False;IPV943;3;-17,4
2022-09-30 22:00:00;1;2022;-1,4;False;IPV943;4;-173,7
2022-12-31 23:00:00;1;2023;0,2;False;IPV943;1;-114,3
2023-03-31 22:00:00;1;2023;2,2;False;IPV943;2;1000,0
2023-06-30 22:00:00;1;2023;2,2;False;IPV943;3;0,0
2023-09-30 22:00:00;1;2023;-1,0;False;IPV943;4;-145,5
2023-12-31 23:00:00;1;2024;2,2;False;IPV943;1;-320,0
2024-03-31 22:00:00;1;2024;3,7;False;IPV943;2;68,2
2024-06-30 22:00:00;1;2024;2,8;False;IPV943;3;-24,3
2024-09-30 22:00:00;1;2024;2,0;False;IPV943;4;-28,6
2024-12-31 23:00:00;1;2025;3,2;False;IPV943;1;60,0
2025-03-31 22:00:00;1;2025;4,2;False;IPV943;2;31,2
2025-06-30 22:00:00;1;2025;3,3;False;IPV943;3;-21,4
2025-09-30 22:00:00;1;2025;1,8;False;IPV943;4;-45,5
2006-12-31 23:00:00;1;2007;2,9;False;IPV944;1;0,0
2007-03-31 22:00:00;1;2007;6,0;False;IPV944;2;106,9
2007-06-30 22:00:00;1;2007;8,2;False;IPV944;3;36,7
2007-09-30 22:00:00;1;2007;9,8;False;IPV944;4;19,5
2007-12-31 23:00:00;1;2008;0,4;False;IPV944;1;-95,9
2008-03-31 22:00:00;1;2008;1,6;False;IPV944;2;300,0
2008-06-30 22:00:00;1;2008;2,2;False;IPV944;3;37,5
2008-09-30 22:00:00;1;2008;0,8;False;IPV944;4;-63,6
2008-12-31 23:00:00;1;2009;-2,4;False;IPV944;1;-400,0
2009-03-31 22:00:00;1;2009;-3,1;False;IPV944;2;29,2
2009-06-30 22:00:00;1;2009;-4,3;False;IPV944;3;38,7
2009-09-30 22:00:00;1;2009;-5,1;False;IPV944;4;18,6
2009-12-31 23:00:00;1;2010;-1,5;False;IPV944;1;-70,6
2010-03-31 22:00:00;1;2010;0,4;False;IPV944;2;-126,7
2010-06-30 22:00:00;1;2010;-1,8;False;IPV944;3;-550,0
2010-09-30 22:00:00;1;2010;-2,1;False;IPV944;4;16,7
2010-12-31 23:00:00;1;2011;-1,3;False;IPV944;1;-38,1
2011-03-31 22:00:00;1;2011;-2,7;False;IPV944;2;107,7
2011-06-30 22:00:00;1;2011;-4,7;False;IPV944;3;74,1
2011-09-30 22:00:00;1;2011;-8,5;False;IPV944;4;80,9
2011-12-31 23:00:00;1;2012;-4,8;False;IPV944;1;-43,5
2012-03-31 22:00:00;1;2012;-7,2;False;IPV944;2;50,0
2012-06-30 22:00:00;1;2012;-9,9;False;IPV944;3;37,5
2012-09-30 22:00:00;1;2012;-10,9;False;IPV944;4;10,1
2012-12-31 23:00:00;1;2013;-6,8;False;IPV944;1;-37,6
2013-03-31 22:00:00;1;2013;-9,0;False;IPV944;2;32,4
2013-06-30 22:00:00;1;2013;-6,9;False;IPV944;3;-23,3
2013-09-30 22:00:00;1;2013;-8,0;False;IPV944;4;15,9
2013-12-31 23:00:00;1;2014;0,1;False;IPV944;1;-101,2
2014-03-31 22:00:00;1;2014;0,8;False;IPV944;2;700,0
2014-06-30 22:00:00;1;2014;2,0;False;IPV944;3;150,0
2014-09-30 22:00:00;1;2014;1,9;False;IPV944;4;-5,0
2014-12-31 23:00:00;1;2015;2,2;False;IPV944;1;15,8
2015-03-31 22:00:00;1;2015;3,8;False;IPV944;2;72,7
2015-06-30 22:00:00;1;2015;4,4;False;IPV944;3;15,8
2015-09-30 22:00:00;1;2015;5,8;False;IPV944;4;31,8
2015-12-31 23:00:00;1;2016;2,6;False;IPV944;1;-55,2
2016-03-31 22:00:00;1;2016;6,3;False;IPV944;2;142,3
2016-06-30 22:00:00;1;2016;5,8;False;IPV944;3;-7,9
2016-09-30 22:00:00;1;2016;4,3;False;IPV944;4;-25,9
2016-12-31 23:00:00;1;2017;3,7;False;IPV944;1;-14,0
2017-03-31 22:00:00;1;2017;6,3;False;IPV944;2;70,3
2017-06-30 22:00:00;1;2017;8,0;False;IPV944;3;27,0
2017-09-30 22:00:00;1;2017;7,4;False;IPV944;4;-7,5
2017-12-31 23:00:00;1;2018;2,1;False;IPV944;1;-71,6
2018-03-31 22:00:00;1;2018;4,7;False;IPV944;2;123,8
2018-06-30 22:00:00;1;2018;6,8;False;IPV944;3;44,7
2018-09-30 22:00:00;1;2018;8,0;False;IPV944;4;17,6
2018-12-31 23:00:00;1;2019;4,3;False;IPV944;1;-46,2
2019-03-31 22:00:00;1;2019;3,9;False;IPV944;2;-9,3
2019-06-30 22:00:00;1;2019;5,4;False;IPV944;3;38,5
2019-09-30 22:00:00;1;2019;5,3;False;IPV944;4;-1,9
2019-12-31 23:00:00;1;2020;5,1;False;IPV944;1;-3,8
2020-03-31 22:00:00;1;2020;2,8;False;IPV944;2;-45,1
2020-06-30 22:00:00;1;2020;7,6;False;IPV944;3;171,4
2020-09-30 22:00:00;1;2020;8,2;False;IPV944;4;7,9
2020-12-31 23:00:00;1;2021;-0,6;False;IPV944;1;-107,3
2021-03-31 22:00:00;1;2021;0,7;False;IPV944;2;-216,7
2021-06-30 22:00:00;1;2021;3,5;False;IPV944;3;400,0
2021-09-30 22:00:00;1;2021;6,1;False;IPV944;4;74,3
2021-12-31 23:00:00;1;2022;3,2;False;IPV944;1;-47,5
2022-03-31 22:00:00;1;2022;3,3;False;IPV944;2;3,1
2022-06-30 22:00:00;1;2022;4,2;False;IPV944;3;27,3
2022-09-30 22:00:00;1;2022;6,2;False;IPV944;4;47,6
2022-12-31 23:00:00;1;2023;3,0;False;IPV944;1;-51,6
2023-03-31 22:00:00;1;2023;4,7;False;IPV944;2;56,7
2023-06-30 22:00:00;1;2023;9,0;False;IPV944;3;91,5
2023-09-30 22:00:00;1;2023;7,5;False;IPV944;4;-16,7
2023-12-31 23:00:00;1;2024;5,5;False;IPV944;1;-26,7
2024-03-31 22:00:00;1;2024;8,4;False;IPV944;2;52,7
2024-06-30 22:00:00;1;2024;11,4;False;IPV944;3;35,7
2024-09-30 22:00:00;1;2024;12,3;False;IPV944;4;7,9
2024-12-31 23:00:00;1;2025;5,5;False;IPV944;1;-55,3
2025-03-31 22:00:00;1;2025;8,2;False;IPV944;2;49,1
2025-06-30 22:00:00;1;2025;8,8;False;IPV944;3;7,3
2025-09-30 22:00:00;1;2025;11,2;False;IPV944;4;27,3
2006-12-31 23:00:00;1;2007;13,3;False;IPV945;1;0,0
2007-03-31 22:00:00;1;2007;13,3;False;IPV945;2;0,0
2007-06-30 22:00:00;1;2007;11,4;False;IPV945;3;-14,3
2007-09-30 22:00:00;1;2007;9,8;False;IPV945;4;-14,0
2007-12-31 23:00:00;1;2008;7,2;False;IPV945;1;-26,5
2008-03-31 22:00:00;1;2008;5,3;False;IPV945;2;-26,4
2008-06-30 22:00:00;1;2008;3,7;False;IPV945;3;-30,2
2008-09-30 22:00:00;1;2008;0,8;False;IPV945;4;-78,4
2008-12-31 23:00:00;1;2009;-2,0;False;IPV945;1;-350,0
2009-03-31 22:00:00;1;2009;-3,9;False;IPV945;2;95,0
2009-06-30 22:00:00;1;2009;-5,6;False;IPV945;3;43,6
2009-09-30 22:00:00;1;2009;-5,1;False;IPV945;4;-8,9
2009-12-31 23:00:00;1;2010;-4,2;False;IPV945;1;-17,6
2010-03-31 22:00:00;1;2010;-1,7;False;IPV945;2;-59,5
2010-06-30 22:00:00;1;2010;-2,6;False;IPV945;3;52,9
2010-09-30 22:00:00;1;2010;-2,1;False;IPV945;4;-19,2
2010-12-31 23:00:00;1;2011;-1,9;False;IPV945;1;-9,5
2011-03-31 22:00:00;1;2011;-5,2;False;IPV945;2;173,7
2011-06-30 22:00:00;1;2011;-5,0;False;IPV945;3;-3,8
2011-09-30 22:00:00;1;2011;-8,5;False;IPV945;4;70,0
2011-12-31 23:00:00;1;2012;-11,8;False;IPV945;1;38,8
2012-03-31 22:00:00;1;2012;-12,8;False;IPV945;2;8,5
2012-06-30 22:00:00;1;2012;-13,6;False;IPV945;3;6,2
2012-09-30 22:00:00;1;2012;-10,9;False;IPV945;4;-19,9
2012-12-31 23:00:00;1;2013;-12,8;False;IPV945;1;17,4
2013-03-31 22:00:00;1;2013;-12,7;False;IPV945;2;-0,8
2013-06-30 22:00:00;1;2013;-7,9;False;IPV945;3;-37,8
2013-09-30 22:00:00;1;2013;-8,0;False;IPV945;4;1,3
2013-12-31 23:00:00;1;2014;-1,1;False;IPV945;1;-86,2
2014-03-31 22:00:00;1;2014;1,9;False;IPV945;2;-272,7
2014-06-30 22:00:00;1;2014;0,8;False;IPV945;3;-57,9
2014-09-30 22:00:00;1;2014;1,9;False;IPV945;4;137,5
2014-12-31 23:00:00;1;2015;4,0;False;IPV945;1;110,5
2015-03-31 22:00:00;1;2015;4,9;False;IPV945;2;22,5
2015-06-30 22:00:00;1;2015;4,3;False;IPV945;3;-12,2
2015-09-30 22:00:00;1;2015;5,8;False;IPV945;4;34,9
2015-12-31 23:00:00;1;2016;6,1;False;IPV945;1;5,2
2016-03-31 22:00:00;1;2016;8,4;False;IPV945;2;37,7
2016-06-30 22:00:00;1;2016;7,3;False;IPV945;3;-13,1
2016-09-30 22:00:00;1;2016;4,3;False;IPV945;4;-41,1
2016-12-31 23:00:00;1;2017;5,5;False;IPV945;1;27,9
2017-03-31 22:00:00;1;2017;4,4;False;IPV945;2;-20,0
2017-06-30 22:00:00;1;2017;6,5;False;IPV945;3;47,7
2017-09-30 22:00:00;1;2017;7,4;False;IPV945;4;13,8
2017-12-31 23:00:00;1;2018;5,7;False;IPV945;1;-23,0
2018-03-31 22:00:00;1;2018;5,7;False;IPV945;2;0,0
2018-06-30 22:00:00;1;2018;6,1;False;IPV945;3;7,0
2018-09-30 22:00:00;1;2018;8,0;False;IPV945;4;31,1
2018-12-31 23:00:00;1;2019;10,4;False;IPV945;1;30,0
2019-03-31 22:00:00;1;2019;7,2;False;IPV945;2;-30,8
2019-06-30 22:00:00;1;2019;6,6;False;IPV945;3;-8,3
2019-09-30 22:00:00;1;2019;5,3;False;IPV945;4;-19,7
2019-12-31 23:00:00;1;2020;6,1;False;IPV945;1;15,1
2020-03-31 22:00:00;1;2020;4,2;False;IPV945;2;-31,1
2020-06-30 22:00:00;1;2020;7,5;False;IPV945;3;78,6
2020-09-30 22:00:00;1;2020;8,2;False;IPV945;4;9,3
2020-12-31 23:00:00;1;2021;2,3;False;IPV945;1;-72,0
2021-03-31 22:00:00;1;2021;6,0;False;IPV945;2;160,9
2021-06-30 22:00:00;1;2021;4,1;False;IPV945;3;-31,7
2021-09-30 22:00:00;1;2021;6,1;False;IPV945;4;48,8
2021-12-31 23:00:00;1;2022;10,1;False;IPV945;1;65,6
2022-03-31 22:00:00;1;2022;8,8;False;IPV945;2;-12,9
2022-06-30 22:00:00;1;2022;6,8;False;IPV945;3;-22,7
2022-09-30 22:00:00;1;2022;6,2;False;IPV945;4;-8,8
2022-12-31 23:00:00;1;2023;6,0;False;IPV945;1;-3,2
2023-03-31 22:00:00;1;2023;7,7;False;IPV945;2;28,3
2023-06-30 22:00:00;1;2023;11,0;False;IPV945;3;42,9
2023-09-30 22:00:00;1;2023;7,5;False;IPV945;4;-31,8
2023-12-31 23:00:00;1;2024;10,1;False;IPV945;1;34,7
2024-03-31 22:00:00;1;2024;11,2;False;IPV945;2;10,9
2024-06-30 22:00:00;1;2024;9,8;False;IPV945;3;-12,5
2024-09-30 22:00:00;1;2024;12,3;False;IPV945;4;25,5
2024-12-31 23:00:00;1;2025;12,2;False;IPV945;1;-0,8
2025-03-31 22:00:00;1;2025;12,1;False;IPV945;2;-0,8
2025-06-30 22:00:00;1;2025;9,7;False;IPV945;3;-19,8
2025-09-30 22:00:00;1;2025;11,2;False;IPV945;4;15,5
2006-12-31 23:00:00;1;2007;2,9;False;IPV946;1;0,0
2007-03-31 22:00:00;1;2007;3,0;False;IPV946;2;3,4
2007-06-30 22:00:00;1;2007;2,1;False;IPV946;3;-30,0
2007-09-30 22:00:00;1;2007;1,5;False;IPV946;4;-28,6
2007-12-31 23:00:00;1;2008;0,4;False;IPV946;1;-73,3
2008-03-31 22:00:00;1;2008;1,2;False;IPV946;2;200,0
2008-06-30 22:00:00;1;2008;0,5;False;IPV946;3;-58,3
2008-09-30 22:00:00;1;2008;-1,4;False;IPV946;4;-380,0
2008-12-31 23:00:00;1;2009;-2,4;False;IPV946;1;71,4
2009-03-31 22:00:00;1;2009;-0,7;False;IPV946;2;-70,8
2009-06-30 22:00:00;1;2009;-1,3;False;IPV946;3;85,7
2009-09-30 22:00:00;1;2009;-0,8;False;IPV946;4;-38,5
2009-12-31 23:00:00;1;2010;-1,5;False;IPV946;1;87,5
2010-03-31 22:00:00;1;2010;1,9;False;IPV946;2;-226,7
2010-06-30 22:00:00;1;2010;-2,1;False;IPV946;3;-210,5
2010-09-30 22:00:00;1;2010;-0,4;False;IPV946;4;-81,0
2010-12-31 23:00:00;1;2011;-1,3;False;IPV946;1;225,0
2011-03-31 22:00:00;1;2011;-1,5;False;IPV946;2;15,4
2011-06-30 22:00:00;1;2011;-2,0;False;IPV946;3;33,3
2011-09-30 22:00:00;1;2011;-4,1;False;IPV946;4;105,0
2011-12-31 23:00:00;1;2012;-4,8;False;IPV946;1;17,1
2012-03-31 22:00:00;1;2012;-2,6;False;IPV946;2;-45,8
2012-06-30 22:00:00;1;2012;-2,9;False;IPV946;3;11,5
2012-09-30 22:00:00;1;2012;-1,1;False;IPV946;4;-62,1
2012-12-31 23:00:00;1;2013;-6,8;False;IPV946;1;518,2
2013-03-31 22:00:00;1;2013;-2,4;False;IPV946;2;-64,7
2013-06-30 22:00:00;1;2013;2,3;False;IPV946;3;-195,8
2013-09-30 22:00:00;1;2013;-1,2;False;IPV946;4;-152,2
2013-12-31 23:00:00;1;2014;0,1;False;IPV946;1;-108,3
2014-03-31 22:00:00;1;2014;0,6;False;IPV946;2;500,0
2014-06-30 22:00:00;1;2014;1,2;False;IPV946;3;100,0
2014-09-30 22:00:00;1;2014;-0,1;False;IPV946;4;-108,3
2014-12-31 23:00:00;1;2015;2,2;False;IPV946;1;-2300,0
2015-03-31 22:00:00;1;2015;1,5;False;IPV946;2;-31,8
2015-06-30 22:00:00;1;2015;0,6;False;IPV946;3;-60,0
2015-09-30 22:00:00;1;2015;1,3;False;IPV946;4;116,7
2015-12-31 23:00:00;1;2016;2,6;False;IPV946;1;100,0
2016-03-31 22:00:00;1;2016;3,7;False;IPV946;2;42,3
2016-06-30 22:00:00;1;2016;-0,5;False;IPV946;3;-113,5
2016-09-30 22:00:00;1;2016;-1,4;False;IPV946;4;180,0
2016-12-31 23:00:00;1;2017;3,7;False;IPV946;1;-364,3
2017-03-31 22:00:00;1;2017;2,6;False;IPV946;2;-29,7
2017-06-30 22:00:00;1;2017;1,6;False;IPV946;3;-38,5
2017-09-30 22:00:00;1;2017;-0,6;False;IPV946;4;-137,5
2017-12-31 23:00:00;1;2018;2,1;False;IPV946;1;-450,0
2018-03-31 22:00:00;1;2018;2,6;False;IPV946;2;23,8
2018-06-30 22:00:00;1;2018;2,0;False;IPV946;3;-23,1
2018-09-30 22:00:00;1;2018;1,2;False;IPV946;4;-40,0
2018-12-31 23:00:00;1;2019;4,3;False;IPV946;1;258,3
2019-03-31 22:00:00;1;2019;-0,4;False;IPV946;2;-109,3
2019-06-30 22:00:00;1;2019;1,5;False;IPV946;3;-475,0
2019-09-30 22:00:00;1;2019;-0,2;False;IPV946;4;-113,3
2019-12-31 23:00:00;1;2020;5,1;False;IPV946;1;-2650,0
2020-03-31 22:00:00;1;2020;-2,2;False;IPV946;2;-143,1
2020-06-30 22:00:00;1;2020;4,7;False;IPV946;3;-313,6
2020-09-30 22:00:00;1;2020;0,5;False;IPV946;4;-89,4
2020-12-31 23:00:00;1;2021;-0,6;False;IPV946;1;-220,0
2021-03-31 22:00:00;1;2021;1,3;False;IPV946;2;-316,7
2021-06-30 22:00:00;1;2021;2,8;False;IPV946;3;115,4
2021-09-30 22:00:00;1;2021;2,5;False;IPV946;4;-10,7
2021-12-31 23:00:00;1;2022;3,2;False;IPV946;1;28,0
2022-03-31 22:00:00;1;2022;0,1;False;IPV946;2;-96,9
2022-06-30 22:00:00;1;2022;0,9;False;IPV946;3;800,0
2022-09-30 22:00:00;1;2022;1,9;False;IPV946;4;111,1
2022-12-31 23:00:00;1;2023;3,0;False;IPV946;1;57,9
2023-03-31 22:00:00;1;2023;1,7;False;IPV946;2;-43,3
2023-06-30 22:00:00;1;2023;4,1;False;IPV946;3;141,2
2023-09-30 22:00:00;1;2023;-1,4;False;IPV946;4;-134,1
2023-12-31 23:00:00;1;2024;5,5;False;IPV946;1;-492,9
2024-03-31 22:00:00;1;2024;2,7;False;IPV946;2;-50,9
2024-06-30 22:00:00;1;2024;2,8;False;IPV946;3;3,7
2024-09-30 22:00:00;1;2024;0,8;False;IPV946;4;-71,4
2024-12-31 23:00:00;1;2025;5,5;False;IPV946;1;587,5
2025-03-31 22:00:00;1;2025;2,6;False;IPV946;2;-52,7
2025-06-30 22:00:00;1;2025;0,6;False;IPV946;3;-76,9
2025-09-30 22:00:00;1;2025;2,2;False;IPV946;4;266,7
2006-12-31 23:00:00;1;2007;2,4;False;IPV947;1;0,0
2007-03-31 22:00:00;1;2007;5,3;False;IPV947;2;120,8
2007-06-30 22:00:00;1;2007;6,5;False;IPV947;3;22,6
2007-09-30 22:00:00;1;2007;5,7;False;IPV947;4;-12,3
2007-12-31 23:00:00;1;2008;-0,4;False;IPV947;1;-107,0
2008-03-31 22:00:00;1;2008;-0,7;False;IPV947;2;75,0
2008-06-30 22:00:00;1;2008;-2,3;False;IPV947;3;228,6
2008-09-30 22:00:00;1;2008;-5,4;False;IPV947;4;134,8
2008-12-31 23:00:00;1;2009;-2,7;False;IPV947;1;-50,0
2009-03-31 22:00:00;1;2009;-3,1;False;IPV947;2;14,8
2009-06-30 22:00:00;1;2009;-4,0;False;IPV947;3;29,0
2009-09-30 22:00:00;1;2009;-4,3;False;IPV947;4;7,5
2009-12-31 23:00:00;1;2010;-1,2;False;IPV947;1;-72,1
2010-03-31 22:00:00;1;2010;0,4;False;IPV947;2;-133,3
2010-06-30 22:00:00;1;2010;-1,8;False;IPV947;3;-550,0
2010-09-30 22:00:00;1;2010;-1,9;False;IPV947;4;5,6
2010-12-31 23:00:00;1;2011;-3,5;False;IPV947;1;84,2
2011-03-31 22:00:00;1;2011;-4,6;False;IPV947;2;31,4
2011-06-30 22:00:00;1;2011;-7,3;False;IPV947;3;58,7
2011-09-30 22:00:00;1;2011;-11,2;False;IPV947;4;53,4
2011-12-31 23:00:00;1;2012;-5,0;False;IPV947;1;-55,4
2012-03-31 22:00:00;1;2012;-8,1;False;IPV947;2;62,0
2012-06-30 22:00:00;1;2012;-11,5;False;IPV947;3;42,0
2012-09-30 22:00:00;1;2012;-12,8;False;IPV947;4;11,3
2012-12-31 23:00:00;1;2013;-6,6;False;IPV947;1;-48,4
2013-03-31 22:00:00;1;2013;-7,3;False;IPV947;2;10,6
2013-06-30 22:00:00;1;2013;-6,6;False;IPV947;3;-9,6
2013-09-30 22:00:00;1;2013;-7,8;False;IPV947;4;18,2
2013-12-31 23:00:00;1;2014;-0,3;False;IPV947;1;-96,2
2014-03-31 22:00:00;1;2014;1,4;False;IPV947;2;-566,7
2014-06-30 22:00:00;1;2014;1,6;False;IPV947;3;14,3
2014-09-30 22:00:00;1;2014;1,8;False;IPV947;4;12,5
2014-12-31 23:00:00;1;2015;-0,6;False;IPV947;1;-133,3
2015-03-31 22:00:00;1;2015;3,6;False;IPV947;2;-700,0
2015-06-30 22:00:00;1;2015;4,3;False;IPV947;3;19,4
2015-09-30 22:00:00;1;2015;4,2;False;IPV947;4;-2,3
2015-12-31 23:00:00;1;2016;1,5;False;IPV947;1;-64,3
2016-03-31 22:00:00;1;2016;3,3;False;IPV947;2;120,0
2016-06-30 22:00:00;1;2016;4,1;False;IPV947;3;24,2
2016-09-30 22:00:00;1;2016;4,5;False;IPV947;4;9,8
2016-12-31 23:00:00;1;2017;2,3;False;IPV947;1;-48,9
2017-03-31 22:00:00;1;2017;4,3;False;IPV947;2;87,0
2017-06-30 22:00:00;1;2017;6,2;False;IPV947;3;44,2
2017-09-30 22:00:00;1;2017;7,2;False;IPV947;4;16,1
2017-12-31 23:00:00;1;2018;1,4;False;IPV947;1;-80,6
2018-03-31 22:00:00;1;2018;4,0;False;IPV947;2;185,7
2018-06-30 22:00:00;1;2018;6,2;False;IPV947;3;55,0
2018-09-30 22:00:00;1;2018;6,6;False;IPV947;4;6,5
2018-12-31 23:00:00;1;2019;1,5;False;IPV947;1;-77,3
2019-03-31 22:00:00;1;2019;2,7;False;IPV947;2;80,0
2019-06-30 22:00:00;1;2019;4,3;False;IPV947;3;59,3
2019-09-30 22:00:00;1;2019;3,6;False;IPV947;4;-16,3
2019-12-31 23:00:00;1;2020;1,1;False;IPV947;1;-69,4
2020-03-31 22:00:00;1;2020;1,2;False;IPV947;2;9,1
2020-06-30 22:00:00;1;2020;2,3;False;IPV947;3;91,7
2020-09-30 22:00:00;1;2020;1,5;False;IPV947;4;-34,8
2020-12-31 23:00:00;1;2021;0,5;False;IPV947;1;-66,7
2021-03-31 22:00:00;1;2021;3,0;False;IPV947;2;500,0
2021-06-30 22:00:00;1;2021;5,1;False;IPV947;3;70,0
2021-09-30 22:00:00;1;2021;6,4;False;IPV947;4;25,5
2021-12-31 23:00:00;1;2022;2,6;False;IPV947;1;-59,4
2022-03-31 22:00:00;1;2022;4,5;False;IPV947;2;73,1
2022-06-30 22:00:00;1;2022;6,3;False;IPV947;3;40,0
2022-09-30 22:00:00;1;2022;5,5;False;IPV947;4;-12,7
2022-12-31 23:00:00;1;2023;0,6;False;IPV947;1;-89,1
2023-03-31 22:00:00;1;2023;2,7;False;IPV947;2;350,0
2023-06-30 22:00:00;1;2023;5,3;False;IPV947;3;96,3
2023-09-30 22:00:00;1;2023;4,2;False;IPV947;4;-20,8
2023-12-31 23:00:00;1;2024;2,6;False;IPV947;1;-38,1
2024-03-31 22:00:00;1;2024;6,3;False;IPV947;2;142,3
2024-06-30 22:00:00;1;2024;9,3;False;IPV947;3;47,6
2024-09-30 22:00:00;1;2024;11,3;False;IPV947;4;21,5
2024-12-31 23:00:00;1;2025;3,5;False;IPV947;1;-69,0
2025-03-31 22:00:00;1;2025;7,7;False;IPV947;2;120,0
2025-06-30 22:00:00;1;2025;10,9;False;IPV947;3;41,6
2025-09-30 22:00:00;1;2025;12,9;False;IPV947;4;18,3
2006-12-31 23:00:00;1;2007;13,1;False;IPV948;1;0,0
2007-03-31 22:00:00;1;2007;11,6;False;IPV948;2;-11,5
2007-06-30 22:00:00;1;2007;9,2;False;IPV948;3;-20,7
2007-09-30 22:00:00;1;2007;5,7;False;IPV948;4;-38,0
2007-12-31 23:00:00;1;2008;2,8;False;IPV948;1;-50,9
2008-03-31 22:00:00;1;2008;-0,3;False;IPV948;2;-110,7
2008-06-30 22:00:00;1;2008;-3,0;False;IPV948;3;900,0
2008-09-30 22:00:00;1;2008;-5,4;False;IPV948;4;80,0
2008-12-31 23:00:00;1;2009;-7,6;False;IPV948;1;40,7
2009-03-31 22:00:00;1;2009;-7,7;False;IPV948;2;1,3
2009-06-30 22:00:00;1;2009;-7,0;False;IPV948;3;-9,1
2009-09-30 22:00:00;1;2009;-4,3;False;IPV948;4;-38,6
2009-12-31 23:00:00;1;2010;-2,9;False;IPV948;1;-32,6
2010-03-31 22:00:00;1;2010;-0,9;False;IPV948;2;-69,0
2010-06-30 22:00:00;1;2010;-2,2;False;IPV948;3;144,4
2010-09-30 22:00:00;1;2010;-1,9;False;IPV948;4;-13,6
2010-12-31 23:00:00;1;2011;-4,1;False;IPV948;1;115,8
2011-03-31 22:00:00;1;2011;-6,8;False;IPV948;2;65,9
2011-06-30 22:00:00;1;2011;-7,4;False;IPV948;3;8,8
2011-09-30 22:00:00;1;2011;-11,2;False;IPV948;4;51,4
2011-12-31 23:00:00;1;2012;-12,6;False;IPV948;1;12,5
2012-03-31 22:00:00;1;2012;-14,4;False;IPV948;2;14,3
2012-06-30 22:00:00;1;2012;-15,2;False;IPV948;3;5,6
2012-09-30 22:00:00;1;2012;-12,8;False;IPV948;4;-15,8
2012-12-31 23:00:00;1;2013;-14,3;False;IPV948;1;11,7
2013-03-31 22:00:00;1;2013;-12,0;False;IPV948;2;-16,1
2013-06-30 22:00:00;1;2013;-7,9;False;IPV948;3;-34,2
2013-09-30 22:00:00;1;2013;-7,8;False;IPV948;4;-1,3
2013-12-31 23:00:00;1;2014;-1,6;False;IPV948;1;-79,5
2014-03-31 22:00:00;1;2014;0,8;False;IPV948;2;-150,0
2014-06-30 22:00:00;1;2014;0,3;False;IPV948;3;-62,5
2014-09-30 22:00:00;1;2014;1,8;False;IPV948;4;500,0
2014-12-31 23:00:00;1;2015;1,5;False;IPV948;1;-16,7
2015-03-31 22:00:00;1;2015;4,0;False;IPV948;2;166,7
2015-06-30 22:00:00;1;2015;4,5;False;IPV948;3;12,5
2015-09-30 22:00:00;1;2015;4,2;False;IPV948;4;-6,7
2015-12-31 23:00:00;1;2016;6,3;False;IPV948;1;50,0
2016-03-31 22:00:00;1;2016;3,9;False;IPV948;2;-38,1
2016-06-30 22:00:00;1;2016;4,0;False;IPV948;3;2,6
2016-09-30 22:00:00;1;2016;4,5;False;IPV948;4;12,5
2016-12-31 23:00:00;1;2017;5,3;False;IPV948;1;17,8
2017-03-31 22:00:00;1;2017;5,6;False;IPV948;2;5,7
2017-06-30 22:00:00;1;2017;6,7;False;IPV948;3;19,6
2017-09-30 22:00:00;1;2017;7,2;False;IPV948;4;7,5
2017-12-31 23:00:00;1;2018;6,2;False;IPV948;1;-13,9
2018-03-31 22:00:00;1;2018;6,8;False;IPV948;2;9,7
2018-06-30 22:00:00;1;2018;7,2;False;IPV948;3;5,9
2018-09-30 22:00:00;1;2018;6,6;False;IPV948;4;-8,3
2018-12-31 23:00:00;1;2019;6,8;False;IPV948;1;3,0
2019-03-31 22:00:00;1;2019;5,3;False;IPV948;2;-22,1
2019-06-30 22:00:00;1;2019;4,7;False;IPV948;3;-11,3
2019-09-30 22:00:00;1;2019;3,6;False;IPV948;4;-23,4
2019-12-31 23:00:00;1;2020;3,2;False;IPV948;1;-11,1
2020-03-31 22:00:00;1;2020;2,1;False;IPV948;2;-34,4
2020-06-30 22:00:00;1;2020;1,7;False;IPV948;3;-19,0
2020-09-30 22:00:00;1;2020;1,5;False;IPV948;4;-11,8
2020-12-31 23:00:00;1;2021;0,9;False;IPV948;1;-40,0
2021-03-31 22:00:00;1;2021;3,3;False;IPV948;2;266,7
2021-06-30 22:00:00;1;2021;4,2;False;IPV948;3;27,3
2021-09-30 22:00:00;1;2021;6,4;False;IPV948;4;52,4
2021-12-31 23:00:00;1;2022;8,5;False;IPV948;1;32,8
2022-03-31 22:00:00;1;2022;8,0;False;IPV948;2;-5,9
2022-06-30 22:00:00;1;2022;7,6;False;IPV948;3;-5,0
2022-09-30 22:00:00;1;2022;5,5;False;IPV948;4;-27,6
2022-12-31 23:00:00;1;2023;3,5;False;IPV948;1;-36,4
2023-03-31 22:00:00;1;2023;3,6;False;IPV948;2;2,9
2023-06-30 22:00:00;1;2023;4,5;False;IPV948;3;25,0
2023-09-30 22:00:00;1;2023;4,2;False;IPV948;4;-6,7
2023-12-31 23:00:00;1;2024;6,3;False;IPV948;1;50,0
2024-03-31 22:00:00;1;2024;7,8;False;IPV948;2;23,8
2024-06-30 22:00:00;1;2024;8,1;False;IPV948;3;3,8
2024-09-30 22:00:00;1;2024;11,3;False;IPV948;4;39,5
2024-12-31 23:00:00;1;2025;12,2;False;IPV948;1;8,0
2025-03-31 22:00:00;1;2025;12,7;False;IPV948;2;4,1
2025-06-30 22:00:00;1;2025;12,8;False;IPV948;3;0,8
2025-09-30 22:00:00;1;2025;12,9;False;IPV948;4;0,8
2006-12-31 23:00:00;1;2007;2,4;False;IPV949;1;0,0
2007-03-31 22:00:00;1;2007;2,9;False;IPV949;2;20,8
2007-06-30 22:00:00;1;2007;1,1;False;IPV949;3;-62,1
2007-09-30 22:00:00;1;2007;-0,7;False;IPV949;4;-163,6
2007-12-31 23:00:00;1;2008;-0,4;False;IPV949;1;-42,9
2008-03-31 22:00:00;1;2008;-0,3;False;IPV949;2;-25,0
2008-06-30 22:00:00;1;2008;-1,7;False;IPV949;3;466,7
2008-09-30 22:00:00;1;2008;-3,1;False;IPV949;4;82,4
2008-12-31 23:00:00;1;2009;-2,7;False;IPV949;1;-12,9
2009-03-31 22:00:00;1;2009;-0,4;False;IPV949;2;-85,2
2009-06-30 22:00:00;1;2009;-0,9;False;IPV949;3;125,0
2009-09-30 22:00:00;1;2009;-0,4;False;IPV949;4;-55,6
2009-12-31 23:00:00;1;2010;-1,2;False;IPV949;1;200,0
2010-03-31 22:00:00;1;2010;1,6;False;IPV949;2;-233,3
2010-06-30 22:00:00;1;2010;-2,2;False;IPV949;3;-237,5
2010-09-30 22:00:00;1;2010;-0,1;False;IPV949;4;-95,5
2010-12-31 23:00:00;1;2011;-3,5;False;IPV949;1;3400,0
2011-03-31 22:00:00;1;2011;-1,2;False;IPV949;2;-65,7
2011-06-30 22:00:00;1;2011;-2,8;False;IPV949;3;133,3
2011-09-30 22:00:00;1;2011;-4,2;False;IPV949;4;50,0
2011-12-31 23:00:00;1;2012;-5,0;False;IPV949;1;19,0
2012-03-31 22:00:00;1;2012;-3,3;False;IPV949;2;-34,0
2012-06-30 22:00:00;1;2012;-3,8;False;IPV949;3;15,2
2012-09-30 22:00:00;1;2012;-1,4;False;IPV949;4;-63,2
2012-12-31 23:00:00;1;2013;-6,6;False;IPV949;1;371,4
2013-03-31 22:00:00;1;2013;-0,8;False;IPV949;2;-87,9
2013-06-30 22:00:00;1;2013;0,7;False;IPV949;3;-187,5
2013-09-30 22:00:00;1;2013;-1,3;False;IPV949;4;-285,7
2013-12-31 23:00:00;1;2014;-0,3;False;IPV949;1;-76,9
2014-03-31 22:00:00;1;2014;1,7;False;IPV949;2;-666,7
2014-06-30 22:00:00;1;2014;0,2;False;IPV949;3;-88,2
2014-09-30 22:00:00;1;2014;0,2;False;IPV949;4;0,0
2014-12-31 23:00:00;1;2015;-0,6;False;IPV949;1;-400,0
2015-03-31 22:00:00;1;2015;4,2;False;IPV949;2;-800,0
2015-06-30 22:00:00;1;2015;0,7;False;IPV949;3;-83,3
2015-09-30 22:00:00;1;2015;-0,1;False;IPV949;4;-114,3
2015-12-31 23:00:00;1;2016;1,5;False;IPV949;1;-1600,0
2016-03-31 22:00:00;1;2016;1,8;False;IPV949;2;20,0
2016-06-30 22:00:00;1;2016;0,8;False;IPV949;3;-55,6
2016-09-30 22:00:00;1;2016;0,4;False;IPV949;4;-50,0
2016-12-31 23:00:00;1;2017;2,3;False;IPV949;1;475,0
2017-03-31 22:00:00;1;2017;2,0;False;IPV949;2;-13,0
2017-06-30 22:00:00;1;2017;1,8;False;IPV949;3;-10,0
2017-09-30 22:00:00;1;2017;0,9;False;IPV949;4;-50,0
2017-12-31 23:00:00;1;2018;1,4;False;IPV949;1;55,6
2018-03-31 22:00:00;1;2018;2,6;False;IPV949;2;85,7
2018-06-30 22:00:00;1;2018;2,2;False;IPV949;3;-15,4
2018-09-30 22:00:00;1;2018;0,4;False;IPV949;4;-81,8
2018-12-31 23:00:00;1;2019;1,5;False;IPV949;1;275,0
2019-03-31 22:00:00;1;2019;1,2;False;IPV949;2;-20,0
2019-06-30 22:00:00;1;2019;1,6;False;IPV949;3;33,3
2019-09-30 22:00:00;1;2019;-0,6;False;IPV949;4;-137,5
2019-12-31 23:00:00;1;2020;1,1;False;IPV949;1;-283,3
2020-03-31 22:00:00;1;2020;0,1;False;IPV949;2;-90,9
2020-06-30 22:00:00;1;2020;1,1;False;IPV949;3;1000,0
2020-09-30 22:00:00;1;2020;-0,8;False;IPV949;4;-172,7
2020-12-31 23:00:00;1;2021;0,5;False;IPV949;1;-162,5
2021-03-31 22:00:00;1;2021;2,4;False;IPV949;2;380,0
2021-06-30 22:00:00;1;2021;2,1;False;IPV949;3;-12,5
2021-09-30 22:00:00;1;2021;1,2;False;IPV949;4;-42,9
2021-12-31 23:00:00;1;2022;2,6;False;IPV949;1;116,7
2022-03-31 22:00:00;1;2022;1,9;False;IPV949;2;-26,9
2022-06-30 22:00:00;1;2022;1,7;False;IPV949;3;-10,5
2022-09-30 22:00:00;1;2022;-0,8;False;IPV949;4;-147,1
2022-12-31 23:00:00;1;2023;0,6;False;IPV949;1;-175,0
2023-03-31 22:00:00;1;2023;2,1;False;IPV949;2;250,0
2023-06-30 22:00:00;1;2023;2,5;False;IPV949;3;19,0
2023-09-30 22:00:00;1;2023;-1,1;False;IPV949;4;-144,0
2023-12-31 23:00:00;1;2024;2,6;False;IPV949;1;-336,4
2024-03-31 22:00:00;1;2024;3,6;False;IPV949;2;38,5
2024-06-30 22:00:00;1;2024;2,8;False;IPV949;3;-22,2
2024-09-30 22:00:00;1;2024;1,8;False;IPV949;4;-35,7
2024-12-31 23:00:00;1;2025;3,5;False;IPV949;1;94,4
2025-03-31 22:00:00;1;2025;4,0;False;IPV949;2;14,3
2025-06-30 22:00:00;1;2025;2,9;False;IPV949;3;-27,5
2025-09-30 22:00:00;1;2025;1,8;False;IPV949;4;-37,9
